Date,AQI,State,Site ID
2010-01-01,60.17558109760867,New York,0
2010-01-02,57.63461337976315,New York,1
2010-01-03,68.68616639678982,New York,2
2010-01-04,51.829096102121206,New York,3
2010-01-05,49.88393076953243,New York,4
2010-01-06,34.98265275776679,New York,5
2010-01-07,34.28430679105889,New York,6
2010-01-08,65.13928184179808,New York,7
2010-01-09,43.56490884645324,New York,8
2010-01-10,45.967836134783184,New York,9
2010-01-11,45.183285511451565,New York,10
2010-01-12,51.74546091491498,New York,11
2010-01-13,60.64040541647291,New York,12
2010-01-14,60.54390482907888,New York,13
2010-01-15,50.7435289512143,New York,14
2010-01-16,47.567762524893695,New York,15
2010-01-17,38.20540584333976,New York,16
2010-01-18,60.65106275000617,New York,17
2010-01-19,51.37910876548327,New York,18
2010-01-20,48.2385694549993,New York,19
2010-01-21,53.57135667719501,New York,20
2010-01-22,57.047463903531145,New York,21
2010-01-23,58.14329195896951,New York,22
2010-01-24,44.88052153488751,New York,23
2010-01-25,49.495588527851915,New York,24
2010-01-26,43.19179711157932,New York,25
2010-01-27,40.797740322199736,New York,26
2010-01-28,63.314922507407964,New York,27
2010-01-29,53.90989344238212,New York,28
2010-01-30,63.81667941601981,New York,29
2010-01-31,56.98719819418721,New York,30
2010-02-01,58.380951842807306,New York,31
2010-02-02,47.92930450027646,New York,32
2010-02-03,63.07586958947089,New York,33
2010-02-04,67.38458596642113,New York,34
2010-02-05,85.85201670431861,New York,35
2010-02-06,55.87786817582717,New York,36
2010-02-07,49.75653366995297,New York,37
2010-02-08,58.06087216792846,New York,38
2010-02-09,40.54447607119861,New York,39
2010-02-10,54.80762968358057,New York,40
2010-02-11,48.349282025640214,New York,41
2010-02-12,53.85251145596254,New York,42
2010-02-13,55.716344251672126,New York,43
2010-02-14,31.18659554328005,New York,44
2010-02-15,71.01903130104043,New York,45
2010-02-16,69.57845111218403,New York,46
2010-02-17,45.568541499920656,New York,47
2010-02-18,50.41923917208611,New York,48
2010-02-19,66.854849294466,New York,49
2010-02-20,58.12268112374331,New York,50
2010-02-21,37.864348162642756,New York,51
2010-02-22,58.73616553614842,New York,52
2010-02-23,46.86386986662535,New York,53
2010-02-24,62.376357370271236,New York,54
2010-02-25,54.988103309508276,New York,55
2010-02-26,72.35432897620574,New York,56
2010-02-27,48.12789183289427,New York,57
2010-02-28,68.65974939037933,New York,58
2010-03-01,57.87226445221544,New York,59
2010-03-02,57.628893435904,New York,60
2010-03-03,52.537825055903255,New York,61
2010-03-04,52.252263349234724,New York,62
2010-03-05,63.485170268940664,New York,63
2010-03-06,65.23715137499337,New York,64
2010-03-07,69.10349710055903,New York,65
2010-03-08,53.30036699188156,New York,66
2010-03-09,55.51853017018523,New York,67
2010-03-10,62.286608434936284,New York,68
2010-03-11,48.01879646769271,New York,69
2010-03-12,67.78716394427943,New York,70
2010-03-13,45.93993958978485,New York,71
2010-03-14,42.22792320200992,New York,72
2010-03-15,77.70475797730872,New York,73
2010-03-16,42.567383285487395,New York,74
2010-03-17,74.84129422549957,New York,75
2010-03-18,67.82082291885351,New York,76
2010-03-19,61.63353508466331,New York,77
2010-03-20,48.357461050578365,New York,78
2010-03-21,32.97681890691334,New York,79
2010-03-22,73.60525454913775,New York,80
2010-03-23,65.35299289135023,New York,81
2010-03-24,84.89024656442348,New York,82
2010-03-25,74.77303358129423,New York,83
2010-03-26,70.65827758525433,New York,84
2010-03-27,66.27790259085012,New York,85
2010-03-28,64.25094704832703,New York,86
2010-03-29,47.38365792013746,New York,87
2010-03-30,48.84080415378803,New York,88
2010-03-31,77.81807911570593,New York,89
2010-04-01,48.78597362276507,New York,90
2010-04-02,55.97387927721143,New York,91
2010-04-03,53.845423574196886,New York,92
2010-04-04,69.7629792085026,New York,93
2010-04-05,78.846908688515,New York,94
2010-04-06,61.386945822882616,New York,95
2010-04-07,56.195508403097406,New York,96
2010-04-08,72.31475352144128,New York,97
2010-04-09,53.44946597648653,New York,98
2010-04-10,84.64581449814311,New York,99
2010-04-11,57.08135315185966,New York,100
2010-04-12,32.38079177699521,New York,101
2010-04-13,75.41363190964518,New York,102
2010-04-14,55.35518990577217,New York,103
2010-04-15,66.02295997871313,New York,104
2010-04-16,50.73833373860556,New York,105
2010-04-17,67.74712150051805,New York,106
2010-04-18,76.90255376423666,New York,107
2010-04-19,48.034339779337074,New York,108
2010-04-20,42.5032703293011,New York,109
2010-04-21,59.6500919227715,New York,110
2010-04-22,55.187591188011055,New York,111
2010-04-23,71.29780485785467,New York,112
2010-04-24,54.210484778158516,New York,113
2010-04-25,57.99747782683561,New York,114
2010-04-26,57.2028682428477,New York,115
2010-04-27,69.51995457825996,New York,116
2010-04-28,60.61979793387672,New York,117
2010-04-29,47.64252616971892,New York,118
2010-04-30,59.62311565072083,New York,119
2010-05-01,64.34974784093664,New York,120
2010-05-02,55.00205789636642,New York,121
2010-05-03,61.038703541689166,New York,122
2010-05-04,58.30654269574806,New York,123
2010-05-05,54.7316764749512,New York,124
2010-05-06,69.66325737927633,New York,125
2010-05-07,67.50726579565696,New York,126
2010-05-08,56.07960845733939,New York,127
2010-05-09,48.06595716803215,New York,128
2010-05-10,42.296750722331936,New York,129
2010-05-11,62.02980019926261,New York,130
2010-05-12,43.980299674564016,New York,131
2010-05-13,75.76519629641568,New York,132
2010-05-14,56.54254672148976,New York,133
2010-05-15,48.95061800320619,New York,134
2010-05-16,58.43436452081948,New York,135
2010-05-17,77.19368247238452,New York,136
2010-05-18,66.93907085333593,New York,137
2010-05-19,46.80946896022759,New York,138
2010-05-20,61.68448572621907,New York,139
2010-05-21,60.034293372085656,New York,140
2010-05-22,46.95563312584005,New York,141
2010-05-23,60.763652412141596,New York,142
2010-05-24,61.98817188927407,New York,143
2010-05-25,55.13636543719184,New York,144
2010-05-26,56.298399514692,New York,145
2010-05-27,70.77437824457502,New York,146
2010-05-28,47.24580786795636,New York,147
2010-05-29,57.24298015072334,New York,148
2010-05-30,51.50523898110953,New York,149
2010-05-31,61.08886511883153,New York,150
2010-06-01,62.81562933396273,New York,151
2010-06-02,29.035139991993667,New York,152
2010-06-03,61.975674874634635,New York,153
2010-06-04,57.783000653270406,New York,154
2010-06-05,68.33035760337091,New York,155
2010-06-06,66.63128174422789,New York,156
2010-06-07,24.878381218216752,New York,157
2010-06-08,40.212988245467535,New York,158
2010-06-09,53.99960286052484,New York,159
2010-06-10,48.11289111711446,New York,160
2010-06-11,59.40770518779426,New York,161
2010-06-12,50.78802805512498,New York,162
2010-06-13,65.85152009096808,New York,163
2010-06-14,64.19615344730894,New York,164
2010-06-15,38.180415566608374,New York,165
2010-06-16,60.42192097682104,New York,166
2010-06-17,59.94806584685525,New York,167
2010-06-18,31.56975544834681,New York,168
2010-06-19,58.35169290252512,New York,169
2010-06-20,58.57448734036884,New York,170
2010-06-21,55.63911540460614,New York,171
2010-06-22,40.03123788944471,New York,172
2010-06-23,48.43851908100048,New York,173
2010-06-24,47.59597256845143,New York,174
2010-06-25,34.983543707321196,New York,175
2010-06-26,53.448988708335236,New York,176
2010-06-27,51.05949654995772,New York,177
2010-06-28,55.67754514210912,New York,178
2010-06-29,51.17613478600064,New York,179
2010-06-30,49.66341413137971,New York,180
2010-07-01,48.677612093291174,New York,181
2010-07-02,48.93841174085804,New York,182
2010-07-03,64.10692808133169,New York,183
2010-07-04,55.05530854159508,New York,184
2010-07-05,43.77648094991249,New York,185
2010-07-06,43.24381544992898,New York,186
2010-07-07,50.21581711880821,New York,187
2010-07-08,42.7738026507348,New York,188
2010-07-09,45.40745292259799,New York,189
2010-07-10,50.71215557722631,New York,190
2010-07-11,48.90715400875758,New York,191
2010-07-12,31.459080289849023,New York,192
2010-07-13,49.29175748247599,New York,193
2010-07-14,47.0423489231425,New York,194
2010-07-15,50.73906485165774,New York,195
2010-07-16,54.588643303634896,New York,196
2010-07-17,47.14191142162317,New York,197
2010-07-18,52.3789893886955,New York,198
2010-07-19,44.23797111208463,New York,199
2010-07-20,37.89698922138426,New York,200
2010-07-21,36.492878590824,New York,201
2010-07-22,48.34215762638301,New York,202
2010-07-23,48.119948068238656,New York,203
2010-07-24,43.34986304612522,New York,204
2010-07-25,31.85325678919667,New York,205
2010-07-26,36.90421678223984,New York,206
2010-07-27,39.413224689251905,New York,207
2010-07-28,21.041703528479584,New York,208
2010-07-29,42.07159600833783,New York,209
2010-07-30,67.1363312291074,New York,210
2010-07-31,65.37545069658196,New York,211
2010-08-01,35.38588787017989,New York,212
2010-08-02,26.567361367087184,New York,213
2010-08-03,49.26255677379432,New York,214
2010-08-04,40.2062277185863,New York,215
2010-08-05,64.46219977024128,New York,216
2010-08-06,52.92162737226192,New York,217
2010-08-07,33.47876403751235,New York,218
2010-08-08,44.08094070513747,New York,219
2010-08-09,45.381851242326306,New York,220
2010-08-10,40.26105737276805,New York,221
2010-08-11,49.55821451620956,New York,222
2010-08-12,45.85427142183595,New York,223
2010-08-13,54.580456355454345,New York,224
2010-08-14,56.97505925182774,New York,225
2010-08-15,40.218717467013036,New York,226
2010-08-16,17.486630353492323,New York,227
2010-08-17,43.399996730644745,New York,228
2010-08-18,19.974510550783734,New York,229
2010-08-19,42.50781977390863,New York,230
2010-08-20,53.53248116264838,New York,231
2010-08-21,52.850408148536644,New York,232
2010-08-22,42.189092954896765,New York,233
2010-08-23,42.452136698074604,New York,234
2010-08-24,28.745605138769676,New York,235
2010-08-25,58.069893792273916,New York,236
2010-08-26,23.38435189137747,New York,237
2010-08-27,57.37594458618806,New York,238
2010-08-28,46.521819635490246,New York,239
2010-08-29,31.589578352075222,New York,240
2010-08-30,45.510323149205405,New York,241
2010-08-31,38.17969227906428,New York,242
2010-09-01,43.34854125354514,New York,243
2010-09-02,42.671323728354366,New York,244
2010-09-03,29.184673990106276,New York,245
2010-09-04,38.32997496841854,New York,246
2010-09-05,53.6307025193787,New York,247
2010-09-06,48.790563176597686,New York,248
2010-09-07,33.738950021563255,New York,249
2010-09-08,38.02699577505042,New York,250
2010-09-09,21.794329188693496,New York,251
2010-09-10,28.929869121668514,New York,252
2010-09-11,33.66273379057138,New York,253
2010-09-12,44.05501432639546,New York,254
2010-09-13,55.09479578673309,New York,255
2010-09-14,51.69283856583864,New York,256
2010-09-15,33.37535109173068,New York,257
2010-09-16,44.844998665716524,New York,258
2010-09-17,42.20345774101755,New York,259
2010-09-18,38.097192198037405,New York,260
2010-09-19,29.03917167341794,New York,261
2010-09-20,27.29961343275137,New York,262
2010-09-21,39.30884940555999,New York,263
2010-09-22,51.82968663115102,New York,264
2010-09-23,38.54757378629303,New York,265
2010-09-24,49.72671643671392,New York,266
2010-09-25,28.498601056510612,New York,267
2010-09-26,38.87430777799781,New York,268
2010-09-27,48.562869003805226,New York,269
2010-09-28,41.723305665165924,New York,270
2010-09-29,38.94728148795173,New York,271
2010-09-30,27.714831255140044,New York,272
2010-10-01,51.314042246360074,New York,273
2010-10-02,37.78559199362353,New York,274
2010-10-03,50.77647778649154,New York,275
2010-10-04,40.32335723779355,New York,276
2010-10-05,33.440752785889934,New York,277
2010-10-06,50.797805562662084,New York,278
2010-10-07,38.352724778773855,New York,279
2010-10-08,42.16652604834726,New York,280
2010-10-09,40.4737198050547,New York,281
2010-10-10,41.24819830431064,New York,282
2010-10-11,34.34870907660242,New York,283
2010-10-12,53.954761077982724,New York,284
2010-10-13,46.13815661556103,New York,285
2010-10-14,48.465750107705894,New York,286
2010-10-15,31.750445179384123,New York,287
2010-10-16,32.72291983031068,New York,288
2010-10-17,47.297458433184076,New York,289
2010-10-18,46.639789348022504,New York,290
2010-10-19,49.32659042890049,New York,291
2010-10-20,23.577312863073114,New York,292
2010-10-21,23.191529487685738,New York,293
2010-10-22,49.92034516111226,New York,294
2010-10-23,38.13560905338206,New York,295
2010-10-24,47.20159116368864,New York,296
2010-10-25,42.38366374576507,New York,297
2010-10-26,31.713773273556615,New York,298
2010-10-27,44.506680642087495,New York,299
2010-10-28,29.5946080229755,New York,300
2010-10-29,56.04078013370689,New York,301
2010-10-30,30.682495522132122,New York,302
2010-10-31,34.40987265281261,New York,303
2010-11-01,46.936558671321954,New York,304
2010-11-02,43.588073200708585,New York,305
2010-11-03,39.76376830854594,New York,306
2010-11-04,50.16174324830628,New York,307
2010-11-05,58.23132079198197,New York,308
2010-11-06,33.994789099604816,New York,309
2010-11-07,41.17440663624231,New York,310
2010-11-08,32.40630593447793,New York,311
2010-11-09,21.90975424639846,New York,312
2010-11-10,40.54843581053238,New York,313
2010-11-11,47.77014136445561,New York,314
2010-11-12,40.96403515796467,New York,315
2010-11-13,28.5507238648364,New York,316
2010-11-14,43.37335506389598,New York,317
2010-11-15,32.18214312610519,New York,318
2010-11-16,43.471623304468544,New York,319
2010-11-17,39.13170111026929,New York,320
2010-11-18,36.580044782754,New York,321
2010-11-19,49.89105856694973,New York,322
2010-11-20,56.05071771256033,New York,323
2010-11-21,49.692028120393644,New York,324
2010-11-22,41.30420599875614,New York,325
2010-11-23,38.1758677007912,New York,326
2010-11-24,52.590668509537906,New York,327
2010-11-25,37.97108360258501,New York,328
2010-11-26,43.749261709071924,New York,329
2010-11-27,41.65508083155405,New York,330
2010-11-28,54.54463361719301,New York,331
2010-11-29,41.882157290403946,New York,332
2010-11-30,35.743347835555696,New York,333
2010-12-01,59.18231917632204,New York,334
2010-12-02,55.83963365857632,New York,335
2010-12-03,63.38804174010825,New York,336
2010-12-04,59.920560214029656,New York,337
2010-12-05,40.69228510658863,New York,338
2010-12-06,35.22058427600225,New York,339
2010-12-07,49.71293068374293,New York,340
2010-12-08,20.05963817073112,New York,341
2010-12-09,38.290895236135896,New York,342
2010-12-10,49.1856303182881,New York,343
2010-12-11,46.3003740188572,New York,344
2010-12-12,55.15767331359605,New York,345
2010-12-13,49.73187891922734,New York,346
2010-12-14,48.57018964241348,New York,347
2010-12-15,35.41591513087221,New York,348
2010-12-16,56.75754437374803,New York,349
2010-12-17,36.72816445809179,New York,350
2010-12-18,40.426198105240545,New York,351
2010-12-19,46.37963569129154,New York,352
2010-12-20,41.427091973121655,New York,353
2010-12-21,48.59149917722578,New York,354
2010-12-22,41.19070106733851,New York,355
2010-12-23,31.37451192043423,New York,356
2010-12-24,52.5425177552517,New York,357
2010-12-25,60.73293027519261,New York,358
2010-12-26,34.38925688293951,New York,359
2010-12-27,41.29281764640047,New York,360
2010-12-28,43.68942547824233,New York,361
2010-12-29,42.000287780258255,New York,362
2010-12-30,61.32750260212856,New York,363
2010-12-31,21.82169393365675,New York,364
2011-01-01,62.8183003105658,New York,365
2011-01-02,60.807890248033246,New York,366
2011-01-03,38.104781023888826,New York,367
2011-01-04,62.09336650512361,New York,368
2011-01-05,39.46389841178666,New York,369
2011-01-06,39.65084258781403,New York,370
2011-01-07,73.07725558392661,New York,371
2011-01-08,52.006740832609374,New York,372
2011-01-09,46.11906273464185,New York,373
2011-01-10,58.411302994545586,New York,374
2011-01-11,63.911896975868686,New York,375
2011-01-12,40.30173188739047,New York,376
2011-01-13,56.019135820573595,New York,377
2011-01-14,55.69328440753357,New York,378
2011-01-15,56.77626443430289,New York,379
2011-01-16,47.59501077615781,New York,380
2011-01-17,56.177827761721176,New York,381
2011-01-18,68.5242055197663,New York,382
2011-01-19,48.78021875270395,New York,383
2011-01-20,44.08416848717562,New York,384
2011-01-21,52.166118455405936,New York,385
2011-01-22,44.661707679100644,New York,386
2011-01-23,43.907998780595406,New York,387
2011-01-24,49.4245177975573,New York,388
2011-01-25,49.171905119296866,New York,389
2011-01-26,47.33046930966628,New York,390
2011-01-27,61.6160355794308,New York,391
2011-01-28,64.43156023053882,New York,392
2011-01-29,68.16959140721416,New York,393
2011-01-30,44.66306930958556,New York,394
2011-01-31,57.78422694608615,New York,395
2011-02-01,49.81325554874135,New York,396
2011-02-02,49.3291512944767,New York,397
2011-02-03,45.92386276787438,New York,398
2011-02-04,76.75480503859188,New York,399
2011-02-05,52.946695502806506,New York,400
2011-02-06,62.77566834758292,New York,401
2011-02-07,61.268792393797334,New York,402
2011-02-08,68.45451491109979,New York,403
2011-02-09,65.09396669841803,New York,404
2011-02-10,58.83686509609041,New York,405
2011-02-11,59.66135656315728,New York,406
2011-02-12,30.149107603792324,New York,407
2011-02-13,45.95329181167729,New York,408
2011-02-14,68.08074428535518,New York,409
2011-02-15,55.09993368428895,New York,410
2011-02-16,52.24377741777161,New York,411
2011-02-17,70.99449840743112,New York,412
2011-02-18,76.31646777983997,New York,413
2011-02-19,63.54683500228418,New York,414
2011-02-20,44.781691931355184,New York,415
2011-02-21,48.13192888175045,New York,416
2011-02-22,62.69748380278894,New York,417
2011-02-23,67.08887153408288,New York,418
2011-02-24,34.238609733153524,New York,419
2011-02-25,69.54135427835499,New York,420
2011-02-26,48.2780338996605,New York,421
2011-02-27,52.86890475787557,New York,422
2011-02-28,71.70134840082264,New York,423
2011-03-01,55.468365655397086,New York,424
2011-03-02,38.43458479157294,New York,425
2011-03-03,80.30951413139897,New York,426
2011-03-04,65.3192810248068,New York,427
2011-03-05,48.410317653027214,New York,428
2011-03-06,57.30760573154857,New York,429
2011-03-07,64.83047788975225,New York,430
2011-03-08,65.04372746875526,New York,431
2011-03-09,43.14443101841507,New York,432
2011-03-10,67.02731713346931,New York,433
2011-03-11,58.640275005388574,New York,434
2011-03-12,69.95512640558921,New York,435
2011-03-13,54.22597250352245,New York,436
2011-03-14,62.439527779641686,New York,437
2011-03-15,55.066192715959126,New York,438
2011-03-16,59.48189976620101,New York,439
2011-03-17,59.673096006323696,New York,440
2011-03-18,63.32645405887436,New York,441
2011-03-19,75.77807278585419,New York,442
2011-03-20,46.62610584277484,New York,443
2011-03-21,49.50459776831595,New York,444
2011-03-22,57.75796958997609,New York,445
2011-03-23,66.34437870666004,New York,446
2011-03-24,60.83749012826044,New York,447
2011-03-25,60.644057951280594,New York,448
2011-03-26,59.21090014363173,New York,449
2011-03-27,58.03130203217332,New York,450
2011-03-28,60.14692586698491,New York,451
2011-03-29,52.95574809517542,New York,452
2011-03-30,65.53722574182632,New York,453
2011-03-31,56.931898153465966,New York,454
2011-04-01,52.75384525846391,New York,455
2011-04-02,72.67664184797073,New York,456
2011-04-03,75.88837270158416,New York,457
2011-04-04,62.63406781754584,New York,458
2011-04-05,34.51336119130595,New York,459
2011-04-06,49.210817850548096,New York,460
2011-04-07,57.143136602992165,New York,461
2011-04-08,45.65236009724834,New York,462
2011-04-09,39.02849619592712,New York,463
2011-04-10,69.94055614505957,New York,464
2011-04-11,75.9050588061333,New York,465
2011-04-12,48.230212461522044,New York,466
2011-04-13,55.957585561187194,New York,467
2011-04-14,69.17211254447795,New York,468
2011-04-15,57.473389202563496,New York,469
2011-04-16,57.281258586604466,New York,470
2011-04-17,42.93793758190145,New York,471
2011-04-18,71.23803834487605,New York,472
2011-04-19,62.85807178090755,New York,473
2011-04-20,59.858268033081565,New York,474
2011-04-21,63.61214083234625,New York,475
2011-04-22,63.34052295918042,New York,476
2011-04-23,60.05858332588362,New York,477
2011-04-24,70.66121778329835,New York,478
2011-04-25,72.24182702928665,New York,479
2011-04-26,36.36465633117033,New York,480
2011-04-27,59.586029720855784,New York,481
2011-04-28,69.67415543848205,New York,482
2011-04-29,74.64347358895542,New York,483
2011-04-30,48.98543357311367,New York,484
2011-05-01,68.05155704853183,New York,485
2011-05-02,68.84930413146415,New York,486
2011-05-03,57.732095975251,New York,487
2011-05-04,58.91429295726254,New York,488
2011-05-05,56.80420341808574,New York,489
2011-05-06,58.58652152641216,New York,490
2011-05-07,62.61092023174561,New York,491
2011-05-08,54.269882664162246,New York,492
2011-05-09,64.13997080422334,New York,493
2011-05-10,55.15155591686968,New York,494
2011-05-11,83.16780282027882,New York,495
2011-05-12,68.3167802664723,New York,496
2011-05-13,37.17519608078643,New York,497
2011-05-14,52.26480738922611,New York,498
2011-05-15,72.69103666852136,New York,499
2011-05-16,54.79299780713902,New York,500
2011-05-17,54.26999908075413,New York,501
2011-05-18,70.54054938295924,New York,502
2011-05-19,53.2283991877751,New York,503
2011-05-20,71.830847064602,New York,504
2011-05-21,41.171683672256655,New York,505
2011-05-22,54.06522074481135,New York,506
2011-05-23,48.11174566006685,New York,507
2011-05-24,60.96925639009993,New York,508
2011-05-25,43.35287048160876,New York,509
2011-05-26,47.1254227182096,New York,510
2011-05-27,70.13930289908123,New York,511
2011-05-28,46.75246575398081,New York,512
2011-05-29,47.41994131885467,New York,513
2011-05-30,50.077592569709694,New York,514
2011-05-31,60.31400182171734,New York,515
2011-06-01,60.81773927983332,New York,516
2011-06-02,65.68221199732642,New York,517
2011-06-03,48.5809460250567,New York,518
2011-06-04,50.476261089832114,New York,519
2011-06-05,65.60160757103361,New York,520
2011-06-06,79.96122712168732,New York,521
2011-06-07,48.17993987717095,New York,522
2011-06-08,66.53343114375285,New York,523
2011-06-09,47.87925071370059,New York,524
2011-06-10,58.38429107413888,New York,525
2011-06-11,69.02586138632404,New York,526
2011-06-12,57.602418406235614,New York,527
2011-06-13,69.57211248702927,New York,528
2011-06-14,37.53972035288084,New York,529
2011-06-15,60.18170762564962,New York,530
2011-06-16,56.779016549819616,New York,531
2011-06-17,54.31471004889926,New York,532
2011-06-18,54.32090017318389,New York,533
2011-06-19,68.94769764477596,New York,534
2011-06-20,58.68982570475538,New York,535
2011-06-21,44.21545202773779,New York,536
2011-06-22,42.22133461018849,New York,537
2011-06-23,71.11381797015667,New York,538
2011-06-24,37.764151347701585,New York,539
2011-06-25,58.708004663259956,New York,540
2011-06-26,57.61865538682537,New York,541
2011-06-27,55.635341280799025,New York,542
2011-06-28,65.4373407879745,New York,543
2011-06-29,48.86321654782684,New York,544
2011-06-30,68.48882643200298,New York,545
2011-07-01,58.41651608230352,New York,546
2011-07-02,54.56311885889191,New York,547
2011-07-03,38.00402643761697,New York,548
2011-07-04,30.870984734096346,New York,549
2011-07-05,54.53924548652055,New York,550
2011-07-06,42.14146358960762,New York,551
2011-07-07,41.88170243893247,New York,552
2011-07-08,50.92691747429043,New York,553
2011-07-09,23.62100345992014,New York,554
2011-07-10,46.43264783506004,New York,555
2011-07-11,50.78332300482151,New York,556
2011-07-12,37.981051462040334,New York,557
2011-07-13,48.29118075378744,New York,558
2011-07-14,55.94198767674458,New York,559
2011-07-15,65.61590067177539,New York,560
2011-07-16,27.20236358778794,New York,561
2011-07-17,47.938779569291576,New York,562
2011-07-18,45.66047741682352,New York,563
2011-07-19,35.1368248274857,New York,564
2011-07-20,42.621754701233336,New York,565
2011-07-21,59.413318318868214,New York,566
2011-07-22,30.624681584340937,New York,567
2011-07-23,42.80799304571503,New York,568
2011-07-24,62.96086391439218,New York,569
2011-07-25,58.8070496487127,New York,570
2011-07-26,42.982600620663625,New York,571
2011-07-27,49.32511423333893,New York,572
2011-07-28,49.12504356331598,New York,573
2011-07-29,57.64199556894476,New York,574
2011-07-30,49.196286708066474,New York,575
2011-07-31,40.08939065370582,New York,576
2011-08-01,41.18963064682861,New York,577
2011-08-02,56.50539894480075,New York,578
2011-08-03,38.497742829272696,New York,579
2011-08-04,44.75541083958844,New York,580
2011-08-05,26.133015380427786,New York,581
2011-08-06,63.97783910833587,New York,582
2011-08-07,43.5407686616838,New York,583
2011-08-08,40.6788460956255,New York,584
2011-08-09,58.80962402139805,New York,585
2011-08-10,48.166349302765866,New York,586
2011-08-11,30.896287241821998,New York,587
2011-08-12,35.070970532108554,New York,588
2011-08-13,53.361247532637094,New York,589
2011-08-14,43.535327470898736,New York,590
2011-08-15,30.197793878104072,New York,591
2011-08-16,47.6082589494703,New York,592
2011-08-17,32.48505243768525,New York,593
2011-08-18,40.12793974418212,New York,594
2011-08-19,57.645168016866904,New York,595
2011-08-20,43.743309398699786,New York,596
2011-08-21,47.17544976743196,New York,597
2011-08-22,53.021663781793706,New York,598
2011-08-23,42.27566901520262,New York,599
2011-08-24,29.712675521853104,New York,600
2011-08-25,35.27471171479548,New York,601
2011-08-26,38.82244935794855,New York,602
2011-08-27,35.71788965157494,New York,603
2011-08-28,51.33398832304901,New York,604
2011-08-29,38.25827234016314,New York,605
2011-08-30,47.31655748125398,New York,606
2011-08-31,34.691822253084005,New York,607
2011-09-01,49.60500458923805,New York,608
2011-09-02,53.17692709992112,New York,609
2011-09-03,32.97187894893071,New York,610
2011-09-04,36.46350890865652,New York,611
2011-09-05,41.88752454773684,New York,612
2011-09-06,44.02299112523053,New York,613
2011-09-07,33.73177851131988,New York,614
2011-09-08,48.059842556147004,New York,615
2011-09-09,41.8463026160412,New York,616
2011-09-10,49.22844229210586,New York,617
2011-09-11,28.37247484983007,New York,618
2011-09-12,35.372928547139985,New York,619
2011-09-13,47.99966339680677,New York,620
2011-09-14,29.830839911788782,New York,621
2011-09-15,48.68580965160839,New York,622
2011-09-16,44.335922277561274,New York,623
2011-09-17,33.72241358473824,New York,624
2011-09-18,35.654438741570296,New York,625
2011-09-19,42.994258722369615,New York,626
2011-09-20,38.160352520028034,New York,627
2011-09-21,33.424415657523824,New York,628
2011-09-22,38.204633266819876,New York,629
2011-09-23,43.98425697435495,New York,630
2011-09-24,51.99395161995746,New York,631
2011-09-25,48.70964070104921,New York,632
2011-09-26,31.270251012060626,New York,633
2011-09-27,24.11355095142926,New York,634
2011-09-28,17.558947049483837,New York,635
2011-09-29,55.160493802173086,New York,636
2011-09-30,40.158341858474955,New York,637
2011-10-01,29.29576520136142,New York,638
2011-10-02,42.560625535991186,New York,639
2011-10-03,46.437782478553935,New York,640
2011-10-04,32.230305965049695,New York,641
2011-10-05,38.08127151486501,New York,642
2011-10-06,22.968168097689663,New York,643
2011-10-07,46.965562550505524,New York,644
2011-10-08,29.254041554695256,New York,645
2011-10-09,44.75528208367737,New York,646
2011-10-10,38.56103445442666,New York,647
2011-10-11,34.41070854277804,New York,648
2011-10-12,33.07220955292938,New York,649
2011-10-13,36.88675374406635,New York,650
2011-10-14,36.01994003751622,New York,651
2011-10-15,36.09552235939208,New York,652
2011-10-16,45.39353275156964,New York,653
2011-10-17,35.897785354063544,New York,654
2011-10-18,31.792427196442464,New York,655
2011-10-19,35.42302823962527,New York,656
2011-10-20,30.120869368046392,New York,657
2011-10-21,41.31917976495626,New York,658
2011-10-22,35.93028951048713,New York,659
2011-10-23,51.201582739175294,New York,660
2011-10-24,38.35308193869421,New York,661
2011-10-25,37.481963039662695,New York,662
2011-10-26,27.304692223204306,New York,663
2011-10-27,38.468241246364165,New York,664
2011-10-28,18.93948048857996,New York,665
2011-10-29,33.00865675863703,New York,666
2011-10-30,24.517326973728014,New York,667
2011-10-31,26.46960066793687,New York,668
2011-11-01,47.25831157051905,New York,669
2011-11-02,44.32769208539045,New York,670
2011-11-03,60.11808077899464,New York,671
2011-11-04,55.78423518233919,New York,672
2011-11-05,19.441408335994666,New York,673
2011-11-06,42.62692357657504,New York,674
2011-11-07,32.93251305166855,New York,675
2011-11-08,46.304483353369704,New York,676
2011-11-09,19.478334757152975,New York,677
2011-11-10,29.90616600311876,New York,678
2011-11-11,40.34462416856536,New York,679
2011-11-12,36.3802107646473,New York,680
2011-11-13,40.30639617344758,New York,681
2011-11-14,29.412251534618015,New York,682
2011-11-15,49.230301428296784,New York,683
2011-11-16,30.76703199843435,New York,684
2011-11-17,52.09490159318802,New York,685
2011-11-18,49.07949736121011,New York,686
2011-11-19,34.855079860527866,New York,687
2011-11-20,36.56712310132657,New York,688
2011-11-21,59.23522157457703,New York,689
2011-11-22,34.1719541314896,New York,690
2011-11-23,35.93819493447703,New York,691
2011-11-24,38.961497270414455,New York,692
2011-11-25,33.7195067630533,New York,693
2011-11-26,28.01947978889876,New York,694
2011-11-27,47.36602564950003,New York,695
2011-11-28,32.95539290242501,New York,696
2011-11-29,43.12107408046738,New York,697
2011-11-30,42.758447723588716,New York,698
2011-12-01,41.05760026453928,New York,699
2011-12-02,33.15369638735485,New York,700
2011-12-03,68.58243407352205,New York,701
2011-12-04,52.73963501722915,New York,702
2011-12-05,41.28453951636368,New York,703
2011-12-06,42.77951808405137,New York,704
2011-12-07,36.21124443458018,New York,705
2011-12-08,44.70159317130975,New York,706
2011-12-09,52.37470958234361,New York,707
2011-12-10,39.988445460171135,New York,708
2011-12-11,52.86840772804151,New York,709
2011-12-12,50.82289272571458,New York,710
2011-12-13,54.110170275720805,New York,711
2011-12-14,38.756677738162665,New York,712
2011-12-15,44.99312451779846,New York,713
2011-12-16,40.38684732632188,New York,714
2011-12-17,58.620108178195736,New York,715
2011-12-18,63.76177255023674,New York,716
2011-12-19,40.31517016520357,New York,717
2011-12-20,60.68157081343289,New York,718
2011-12-21,57.431410885669706,New York,719
2011-12-22,47.36121990191683,New York,720
2011-12-23,53.51814634357157,New York,721
2011-12-24,40.99402730207721,New York,722
2011-12-25,44.630142646623355,New York,723
2011-12-26,22.184591261135246,New York,724
2011-12-27,40.485932675305,New York,725
2011-12-28,41.87236771463625,New York,726
2011-12-29,52.44332644125669,New York,727
2011-12-30,50.65112824331239,New York,728
2011-12-31,61.58970571305879,New York,729
2012-01-01,61.16346335078495,New York,730
2012-01-02,49.94752433670892,New York,731
2012-01-03,34.85045607012827,New York,732
2012-01-04,63.415098902349364,New York,733
2012-01-05,49.79017955077622,New York,734
2012-01-06,46.58020224215051,New York,735
2012-01-07,50.16963720208011,New York,736
2012-01-08,43.64988501777059,New York,737
2012-01-09,41.36892233942213,New York,738
2012-01-10,60.171381269355464,New York,739
2012-01-11,52.50994243556246,New York,740
2012-01-12,50.0361380846146,New York,741
2012-01-13,49.74731121770981,New York,742
2012-01-14,49.94543519855287,New York,743
2012-01-15,31.509602898534713,New York,744
2012-01-16,44.60687165823586,New York,745
2012-01-17,52.08163701713178,New York,746
2012-01-18,48.09973921677835,New York,747
2012-01-19,45.85668629115704,New York,748
2012-01-20,62.60846570911244,New York,749
2012-01-21,57.87463727924509,New York,750
2012-01-22,54.83225054191858,New York,751
2012-01-23,59.89554066704587,New York,752
2012-01-24,44.07670811430216,New York,753
2012-01-25,44.45609488072307,New York,754
2012-01-26,38.18243540841975,New York,755
2012-01-27,66.01807713517223,New York,756
2012-01-28,64.3127286208863,New York,757
2012-01-29,45.66922403289156,New York,758
2012-01-30,39.96801426453765,New York,759
2012-01-31,53.320368097536964,New York,760
2012-02-01,62.75851175556539,New York,761
2012-02-02,87.58722471664595,New York,762
2012-02-03,48.54466805394064,New York,763
2012-02-04,46.04484368660984,New York,764
2012-02-05,55.75310913901928,New York,765
2012-02-06,72.99234500677628,New York,766
2012-02-07,58.523883984269325,New York,767
2012-02-08,58.74240563820209,New York,768
2012-02-09,63.69582036218645,New York,769
2012-02-10,52.41628235698075,New York,770
2012-02-11,60.454830737617435,New York,771
2012-02-12,48.768397910618404,New York,772
2012-02-13,63.701840560296,New York,773
2012-02-14,45.52272063646815,New York,774
2012-02-15,69.7951711287588,New York,775
2012-02-16,72.63547026178004,New York,776
2012-02-17,63.74441348119648,New York,777
2012-02-18,52.32178543060017,New York,778
2012-02-19,73.99470540693471,New York,779
2012-02-20,38.91952765003745,New York,780
2012-02-21,63.858297135242694,New York,781
2012-02-22,71.2644823495583,New York,782
2012-02-23,56.095381432616165,New York,783
2012-02-24,51.604845059564695,New York,784
2012-02-25,45.15607870312759,New York,785
2012-02-26,38.228016604310284,New York,786
2012-02-27,62.26130488565015,New York,787
2012-02-28,47.977991857396,New York,788
2012-02-29,81.64270341856269,New York,789
2012-03-01,59.620415603363874,New York,790
2012-03-02,73.31869735664843,New York,791
2012-03-03,59.80278382922589,New York,792
2012-03-04,73.25350479042442,New York,793
2012-03-05,46.216775549303165,New York,794
2012-03-06,54.97055878105258,New York,795
2012-03-07,51.33615357939914,New York,796
2012-03-08,57.86932377189073,New York,797
2012-03-09,56.41137338586644,New York,798
2012-03-10,49.382828455576814,New York,799
2012-03-11,50.53747576790113,New York,800
2012-03-12,73.7426125684668,New York,801
2012-03-13,49.06498766453554,New York,802
2012-03-14,79.80853015378662,New York,803
2012-03-15,63.739886728254454,New York,804
2012-03-16,59.42245392563525,New York,805
2012-03-17,54.632502349723694,New York,806
2012-03-18,65.8664206313139,New York,807
2012-03-19,60.8472385721339,New York,808
2012-03-20,58.297538233635734,New York,809
2012-03-21,41.72105367311394,New York,810
2012-03-22,62.990582319781254,New York,811
2012-03-23,56.06310125404215,New York,812
2012-03-24,71.56114723564482,New York,813
2012-03-25,72.29385559516516,New York,814
2012-03-26,71.18788509018893,New York,815
2012-03-27,71.38632093224292,New York,816
2012-03-28,67.08666236166084,New York,817
2012-03-29,50.74949075205889,New York,818
2012-03-30,64.64187438824308,New York,819
2012-03-31,61.72502596389499,New York,820
2012-04-01,50.1073066242721,New York,821
2012-04-02,75.34139234341302,New York,822
2012-04-03,74.73560952999753,New York,823
2012-04-04,66.34700121648395,New York,824
2012-04-05,59.83770862720904,New York,825
2012-04-06,47.58681245212678,New York,826
2012-04-07,65.94406292963743,New York,827
2012-04-08,66.36208646900535,New York,828
2012-04-09,52.255179539767,New York,829
2012-04-10,61.752107733465934,New York,830
2012-04-11,57.40200328429132,New York,831
2012-04-12,48.48304162993212,New York,832
2012-04-13,46.54426674166139,New York,833
2012-04-14,50.57126898849528,New York,834
2012-04-15,78.0939728243539,New York,835
2012-04-16,82.49825839613223,New York,836
2012-04-17,58.77248101098451,New York,837
2012-04-18,70.87658787993135,New York,838
2012-04-19,80.87868918008925,New York,839
2012-04-20,55.42281196956587,New York,840
2012-04-21,66.93995751686934,New York,841
2012-04-22,49.7265969833648,New York,842
2012-04-23,63.04122076706531,New York,843
2012-04-24,47.864220566576776,New York,844
2012-04-25,66.78755651567849,New York,845
2012-04-26,46.9276089265834,New York,846
2012-04-27,59.72058988500745,New York,847
2012-04-28,64.00110513269043,New York,848
2012-04-29,69.08080015954337,New York,849
2012-04-30,43.30507109859923,New York,850
2012-05-01,61.38013226379824,New York,851
2012-05-02,53.410750874639135,New York,852
2012-05-03,64.015666071414,New York,853
2012-05-04,53.36302771939032,New York,854
2012-05-05,63.864766732501614,New York,855
2012-05-06,69.95496054532312,New York,856
2012-05-07,57.00282568727507,New York,857
2012-05-08,62.86838149589163,New York,858
2012-05-09,50.93347020301388,New York,859
2012-05-10,20.387516699034002,New York,860
2012-05-11,54.48000839604681,New York,861
2012-05-12,64.99605100715075,New York,862
2012-05-13,67.95650455936944,New York,863
2012-05-14,71.47340121215056,New York,864
2012-05-15,39.175812598456005,New York,865
2012-05-16,58.610483981864455,New York,866
2012-05-17,50.88105259700897,New York,867
2012-05-18,67.40595936313687,New York,868
2012-05-19,55.422181235359915,New York,869
2012-05-20,67.76586977068122,New York,870
2012-05-21,51.2207643476383,New York,871
2012-05-22,74.25394972848515,New York,872
2012-05-23,72.08838138245841,New York,873
2012-05-24,63.924629370130255,New York,874
2012-05-25,61.438349135069785,New York,875
2012-05-26,64.34044463061491,New York,876
2012-05-27,47.942354916671746,New York,877
2012-05-28,62.942804692683445,New York,878
2012-05-29,47.807515474827866,New York,879
2012-05-30,40.701600536056155,New York,880
2012-05-31,54.73629040655245,New York,881
2012-06-01,50.979389199848974,New York,882
2012-06-02,43.53650123311037,New York,883
2012-06-03,44.95494205121863,New York,884
2012-06-04,70.33751672294251,New York,885
2012-06-05,66.67520454368902,New York,886
2012-06-06,78.36824441228136,New York,887
2012-06-07,56.292788502894574,New York,888
2012-06-08,61.24449481632033,New York,889
2012-06-09,53.88756056952415,New York,890
2012-06-10,49.46739741696938,New York,891
2012-06-11,50.0992001665743,New York,892
2012-06-12,58.111169577926304,New York,893
2012-06-13,57.25622322931236,New York,894
2012-06-14,45.810117934320886,New York,895
2012-06-15,51.106433009595655,New York,896
2012-06-16,44.40082380651778,New York,897
2012-06-17,44.32415265883659,New York,898
2012-06-18,47.53705440937695,New York,899
2012-06-19,41.54171240013714,New York,900
2012-06-20,56.47886638376538,New York,901
2012-06-21,50.470791962110304,New York,902
2012-06-22,60.40353758934379,New York,903
2012-06-23,46.11550359237187,New York,904
2012-06-24,55.93697040562451,New York,905
2012-06-25,53.33531474427474,New York,906
2012-06-26,42.438488917943666,New York,907
2012-06-27,48.013695279236515,New York,908
2012-06-28,64.05817056700873,New York,909
2012-06-29,43.27627167908055,New York,910
2012-06-30,63.341037478332474,New York,911
2012-07-01,43.277949533925444,New York,912
2012-07-02,48.701419480232744,New York,913
2012-07-03,55.67714015107795,New York,914
2012-07-04,54.568167562101095,New York,915
2012-07-05,38.68792769051495,New York,916
2012-07-06,31.856008783485002,New York,917
2012-07-07,49.9770821296834,New York,918
2012-07-08,38.22382738284691,New York,919
2012-07-09,32.661635932631945,New York,920
2012-07-10,71.68655384017669,New York,921
2012-07-11,32.692759238430185,New York,922
2012-07-12,52.18088512117557,New York,923
2012-07-13,43.90104338811977,New York,924
2012-07-14,45.44936841960701,New York,925
2012-07-15,54.13351402792033,New York,926
2012-07-16,55.83233997170868,New York,927
2012-07-17,46.31000756299595,New York,928
2012-07-18,34.70769070894278,New York,929
2012-07-19,45.06557485152003,New York,930
2012-07-20,52.39271402035985,New York,931
2012-07-21,42.50867269880966,New York,932
2012-07-22,40.920493341852634,New York,933
2012-07-23,47.54675338971214,New York,934
2012-07-24,48.212616671659724,New York,935
2012-07-25,48.694430308283636,New York,936
2012-07-26,44.618565446535115,New York,937
2012-07-27,42.27350813972896,New York,938
2012-07-28,49.149822918651225,New York,939
2012-07-29,52.93430968675198,New York,940
2012-07-30,40.29417953954703,New York,941
2012-07-31,46.07417279847731,New York,942
2012-08-01,33.120405033346145,New York,943
2012-08-02,42.71093138216304,New York,944
2012-08-03,34.52600572997425,New York,945
2012-08-04,32.42920194671554,New York,946
2012-08-05,61.29526122932992,New York,947
2012-08-06,57.84068028925711,New York,948
2012-08-07,54.80904598373003,New York,949
2012-08-08,49.3951795880041,New York,950
2012-08-09,45.410678446272634,New York,951
2012-08-10,37.67249302632605,New York,952
2012-08-11,31.820495017816587,New York,953
2012-08-12,44.147074037428396,New York,954
2012-08-13,36.983877292571165,New York,955
2012-08-14,44.87175696185322,New York,956
2012-08-15,48.17928261482166,New York,957
2012-08-16,62.09723916098517,New York,958
2012-08-17,38.44770194616932,New York,959
2012-08-18,37.483012276795435,New York,960
2012-08-19,43.40194150092025,New York,961
2012-08-20,53.794230001714084,New York,962
2012-08-21,47.278811052831074,New York,963
2012-08-22,45.67286757094793,New York,964
2012-08-23,53.787935589466,New York,965
2012-08-24,35.972907233140404,New York,966
2012-08-25,43.43278676842959,New York,967
2012-08-26,32.462231140676536,New York,968
2012-08-27,40.39155482636018,New York,969
2012-08-28,51.411971386229524,New York,970
2012-08-29,38.25246714958859,New York,971
2012-08-30,32.95254348729554,New York,972
2012-08-31,45.568825768659366,New York,973
2012-09-01,28.600271040390474,New York,974
2012-09-02,40.198169799098004,New York,975
2012-09-03,36.58079498532037,New York,976
2012-09-04,47.14738971487782,New York,977
2012-09-05,35.88997341830681,New York,978
2012-09-06,49.12324467600419,New York,979
2012-09-07,32.64538916182025,New York,980
2012-09-08,40.24355879027943,New York,981
2012-09-09,42.349453141800275,New York,982
2012-09-10,36.53653236668083,New York,983
2012-09-11,33.29771084893381,New York,984
2012-09-12,41.4685871683161,New York,985
2012-09-13,29.565361641473917,New York,986
2012-09-14,39.91905121367366,New York,987
2012-09-15,28.668958655537317,New York,988
2012-09-16,47.06158199740615,New York,989
2012-09-17,37.588294807518956,New York,990
2012-09-18,38.79074108371209,New York,991
2012-09-19,34.86799643966793,New York,992
2012-09-20,56.06022912201784,New York,993
2012-09-21,43.2801919911075,New York,994
2012-09-22,38.351453443981484,New York,995
2012-09-23,40.77420825460638,New York,996
2012-09-24,28.11323668675876,New York,997
2012-09-25,48.775550432109036,New York,998
2012-09-26,29.817703462609167,New York,999
2012-09-27,39.14261629182814,New York,1000
2012-09-28,58.02971673864733,New York,1001
2012-09-29,32.66617523809177,New York,1002
2012-09-30,34.23010825983222,New York,1003
2012-10-01,28.151533253724477,New York,1004
2012-10-02,51.000662486310375,New York,1005
2012-10-03,40.60687395561552,New York,1006
2012-10-04,26.452106494421734,New York,1007
2012-10-05,57.04986643362514,New York,1008
2012-10-06,41.873875825189174,New York,1009
2012-10-07,36.88828649058367,New York,1010
2012-10-08,39.3062431269884,New York,1011
2012-10-09,48.17614208312972,New York,1012
2012-10-10,32.7137732562178,New York,1013
2012-10-11,43.335511781123095,New York,1014
2012-10-12,53.17136248765614,New York,1015
2012-10-13,57.50738047567475,New York,1016
2012-10-14,43.97161007364265,New York,1017
2012-10-15,42.81994229204762,New York,1018
2012-10-16,25.388246231442537,New York,1019
2012-10-17,52.856697871751464,New York,1020
2012-10-18,29.699580101903855,New York,1021
2012-10-19,30.533465923815108,New York,1022
2012-10-20,28.214398923483806,New York,1023
2012-10-21,48.479293428178025,New York,1024
2012-10-22,34.25068984862396,New York,1025
2012-10-23,43.1040035066391,New York,1026
2012-10-24,42.190737810342284,New York,1027
2012-10-25,41.86645271136414,New York,1028
2012-10-26,67.63004904007931,New York,1029
2012-10-27,35.28378675456934,New York,1030
2012-10-28,49.09384796996156,New York,1031
2012-10-29,41.38551013649374,New York,1032
2012-10-30,44.289046182790564,New York,1033
2012-10-31,51.215240206659765,New York,1034
2012-11-01,40.68414157601749,New York,1035
2012-11-02,57.67807366144055,New York,1036
2012-11-03,51.54491513872933,New York,1037
2012-11-04,33.765673343181724,New York,1038
2012-11-05,39.88779150600569,New York,1039
2012-11-06,49.02449927480092,New York,1040
2012-11-07,44.350227603937746,New York,1041
2012-11-08,50.45196227335303,New York,1042
2012-11-09,52.39174916644913,New York,1043
2012-11-10,41.405849676570135,New York,1044
2012-11-11,43.58706074281527,New York,1045
2012-11-12,27.418332885141687,New York,1046
2012-11-13,33.43706950823061,New York,1047
2012-11-14,33.68814408843988,New York,1048
2012-11-15,39.239976049052856,New York,1049
2012-11-16,53.55496312448613,New York,1050
2012-11-17,38.029367741286805,New York,1051
2012-11-18,36.48117171545837,New York,1052
2012-11-19,49.78960467275676,New York,1053
2012-11-20,34.40792036489668,New York,1054
2012-11-21,42.81848689413309,New York,1055
2012-11-22,48.084050961485254,New York,1056
2012-11-23,44.899038547346315,New York,1057
2012-11-24,36.4803235700071,New York,1058
2012-11-25,67.18030924913118,New York,1059
2012-11-26,38.38963901376803,New York,1060
2012-11-27,26.346446192175815,New York,1061
2012-11-28,24.030355626711962,New York,1062
2012-11-29,47.42610727900795,New York,1063
2012-11-30,42.62293964015741,New York,1064
2012-12-01,54.42773662859069,New York,1065
2012-12-02,36.913259903284555,New York,1066
2012-12-03,34.05418997186133,New York,1067
2012-12-04,36.587279386348335,New York,1068
2012-12-05,47.71899099285724,New York,1069
2012-12-06,49.77791467208921,New York,1070
2012-12-07,57.881298240783224,New York,1071
2012-12-08,51.31146742439144,New York,1072
2012-12-09,40.87970145741561,New York,1073
2012-12-10,25.389264203135088,New York,1074
2012-12-11,56.1811034757049,New York,1075
2012-12-12,43.92923308570686,New York,1076
2012-12-13,41.66221360970522,New York,1077
2012-12-14,41.70333655032825,New York,1078
2012-12-15,48.196527189001046,New York,1079
2012-12-16,37.90775429123537,New York,1080
2012-12-17,52.15569437653444,New York,1081
2012-12-18,48.421231955948016,New York,1082
2012-12-19,53.039140192590104,New York,1083
2012-12-20,45.14978794596539,New York,1084
2012-12-21,53.389196226656416,New York,1085
2012-12-22,37.53689228756502,New York,1086
2012-12-23,45.7624829069663,New York,1087
2012-12-24,47.13353474012879,New York,1088
2012-12-25,59.608807836668404,New York,1089
2012-12-26,51.76124375812678,New York,1090
2012-12-27,49.74533917529879,New York,1091
2012-12-28,58.903665704973314,New York,1092
2012-12-29,38.912255016495266,New York,1093
2012-12-30,70.65470001955964,New York,1094
2012-12-31,44.45006548534445,New York,1095
2013-01-01,50.47163634723539,New York,1096
2013-01-02,36.79987152345964,New York,1097
2013-01-03,53.1074155019965,New York,1098
2013-01-04,52.524719759974985,New York,1099
2013-01-05,63.23490271935131,New York,1100
2013-01-06,51.318631160415286,New York,1101
2013-01-07,56.6466616728347,New York,1102
2013-01-08,40.16942657175812,New York,1103
2013-01-09,43.03094460967331,New York,1104
2013-01-10,53.82777927206516,New York,1105
2013-01-11,53.679782142733224,New York,1106
2013-01-12,69.71168511652421,New York,1107
2013-01-13,23.36812879340915,New York,1108
2013-01-14,36.252860525240685,New York,1109
2013-01-15,51.915056220270316,New York,1110
2013-01-16,50.01575709539447,New York,1111
2013-01-17,72.36403856649187,New York,1112
2013-01-18,60.03629944198839,New York,1113
2013-01-19,47.9951277583405,New York,1114
2013-01-20,39.60686771841995,New York,1115
2013-01-21,53.79487461251357,New York,1116
2013-01-22,54.902150825828286,New York,1117
2013-01-23,40.55561861317088,New York,1118
2013-01-24,62.7826538568289,New York,1119
2013-01-25,46.56282897664899,New York,1120
2013-01-26,37.408894155282994,New York,1121
2013-01-27,59.511545168792104,New York,1122
2013-01-28,29.35597518478253,New York,1123
2013-01-29,57.05961761106708,New York,1124
2013-01-30,45.41784961784518,New York,1125
2013-01-31,57.72820895078739,New York,1126
2013-02-01,44.99777830197397,New York,1127
2013-02-02,48.133312318845825,New York,1128
2013-02-03,59.266990234103574,New York,1129
2013-02-04,58.92444277936873,New York,1130
2013-02-05,55.961332079950985,New York,1131
2013-02-06,55.26989664861399,New York,1132
2013-02-07,54.557723555780726,New York,1133
2013-02-08,49.951835296896434,New York,1134
2013-02-09,62.886596147269444,New York,1135
2013-02-10,45.447922709151044,New York,1136
2013-02-11,54.97142514180629,New York,1137
2013-02-12,79.68343246414813,New York,1138
2013-02-13,54.79767522643486,New York,1139
2013-02-14,39.152094642244805,New York,1140
2013-02-15,35.20870354972129,New York,1141
2013-02-16,54.9693620877328,New York,1142
2013-02-17,47.257182546647314,New York,1143
2013-02-18,48.34580104046543,New York,1144
2013-02-19,35.532244422345656,New York,1145
2013-02-20,50.87819685379983,New York,1146
2013-02-21,64.50872498205727,New York,1147
2013-02-22,68.6609501164971,New York,1148
2013-02-23,49.03409073837285,New York,1149
2013-02-24,56.01961303563421,New York,1150
2013-02-25,56.21489783331845,New York,1151
2013-02-26,33.75923753951627,New York,1152
2013-02-27,42.710537252186654,New York,1153
2013-02-28,51.60653339611247,New York,1154
2013-03-01,64.21256594346039,New York,1155
2013-03-02,53.9774963287608,New York,1156
2013-03-03,64.22995434202348,New York,1157
2013-03-04,67.14036715082173,New York,1158
2013-03-05,83.43778743238053,New York,1159
2013-03-06,54.81765150898896,New York,1160
2013-03-07,58.64022658699209,New York,1161
2013-03-08,62.91027172031555,New York,1162
2013-03-09,73.28741483629717,New York,1163
2013-03-10,65.70694948908736,New York,1164
2013-03-11,66.92276576965058,New York,1165
2013-03-12,48.543108542514645,New York,1166
2013-03-13,55.218917686371256,New York,1167
2013-03-14,52.42329996294496,New York,1168
2013-03-15,57.55576323113353,New York,1169
2013-03-16,52.49668294250648,New York,1170
2013-03-17,58.23453547859598,New York,1171
2013-03-18,61.40318506398659,New York,1172
2013-03-19,71.37116345297821,New York,1173
2013-03-20,76.75438672365077,New York,1174
2013-03-21,44.954639010650574,New York,1175
2013-03-22,45.20858431594925,New York,1176
2013-03-23,51.72617329106936,New York,1177
2013-03-24,57.99434904923509,New York,1178
2013-03-25,41.98460338962636,New York,1179
2013-03-26,62.74734093820054,New York,1180
2013-03-27,61.731869137557766,New York,1181
2013-03-28,63.73396907350499,New York,1182
2013-03-29,61.7250560130074,New York,1183
2013-03-30,48.37853067010309,New York,1184
2013-03-31,62.04608327120255,New York,1185
2013-04-01,71.4059321274902,New York,1186
2013-04-02,70.95953929248682,New York,1187
2013-04-03,53.912391795458205,New York,1188
2013-04-04,55.35630052822725,New York,1189
2013-04-05,72.25952211522294,New York,1190
2013-04-06,61.89903659500102,New York,1191
2013-04-07,47.31013818664478,New York,1192
2013-04-08,59.95082315539396,New York,1193
2013-04-09,61.420873626091606,New York,1194
2013-04-10,56.99431627788804,New York,1195
2013-04-11,70.27832743752779,New York,1196
2013-04-12,57.9830548238959,New York,1197
2013-04-13,57.62634129434575,New York,1198
2013-04-14,60.6055603500797,New York,1199
2013-04-15,55.42043035873422,New York,1200
2013-04-16,44.15417654143097,New York,1201
2013-04-17,75.1263352738196,New York,1202
2013-04-18,66.920360741968,New York,1203
2013-04-19,64.46253220081445,New York,1204
2013-04-20,66.86793768140322,New York,1205
2013-04-21,52.67419341004304,New York,1206
2013-04-22,48.5802972378878,New York,1207
2013-04-23,62.04211999209208,New York,1208
2013-04-24,53.429772407314275,New York,1209
2013-04-25,59.603828959902884,New York,1210
2013-04-26,72.95101686155543,New York,1211
2013-04-27,52.54083936404522,New York,1212
2013-04-28,48.417869420697784,New York,1213
2013-04-29,61.60115939141551,New York,1214
2013-04-30,62.82543758490902,New York,1215
2013-05-01,41.59701337143353,New York,1216
2013-05-02,68.9543004897642,New York,1217
2013-05-03,50.90104092912096,New York,1218
2013-05-04,64.06808983473222,New York,1219
2013-05-05,65.41971922888808,New York,1220
2013-05-06,59.69196068075803,New York,1221
2013-05-07,56.90027121695702,New York,1222
2013-05-08,53.36035629483228,New York,1223
2013-05-09,61.92165633721642,New York,1224
2013-05-10,55.82871441765992,New York,1225
2013-05-11,46.58646839124425,New York,1226
2013-05-12,44.276970582556594,New York,1227
2013-05-13,65.93270160456197,New York,1228
2013-05-14,74.31422180618978,New York,1229
2013-05-15,66.04727091446753,New York,1230
2013-05-16,64.57849567020351,New York,1231
2013-05-17,49.3989794791472,New York,1232
2013-05-18,65.46932475145121,New York,1233
2013-05-19,50.20882155330078,New York,1234
2013-05-20,34.85390943237561,New York,1235
2013-05-21,64.72107538756539,New York,1236
2013-05-22,53.015747754209265,New York,1237
2013-05-23,53.918730959788654,New York,1238
2013-05-24,43.94412520017629,New York,1239
2013-05-25,46.92417824793914,New York,1240
2013-05-26,40.993582812945775,New York,1241
2013-05-27,43.22298123541988,New York,1242
2013-05-28,54.25031197393663,New York,1243
2013-05-29,48.476550394635225,New York,1244
2013-05-30,53.054682022658945,New York,1245
2013-05-31,51.886640055185744,New York,1246
2013-06-01,54.81221955210854,New York,1247
2013-06-02,60.11617805746175,New York,1248
2013-06-03,61.91636725117287,New York,1249
2013-06-04,40.99489865296934,New York,1250
2013-06-05,48.10439661052516,New York,1251
2013-06-06,55.20789092916928,New York,1252
2013-06-07,71.51801886291287,New York,1253
2013-06-08,53.42708528465109,New York,1254
2013-06-09,48.24888290337507,New York,1255
2013-06-10,54.62038855243378,New York,1256
2013-06-11,41.961550932342334,New York,1257
2013-06-12,54.884445526631715,New York,1258
2013-06-13,46.19511355075771,New York,1259
2013-06-14,36.84012471722495,New York,1260
2013-06-15,54.042471919818276,New York,1261
2013-06-16,47.85740425408068,New York,1262
2013-06-17,59.356439188625544,New York,1263
2013-06-18,59.44140281099973,New York,1264
2013-06-19,34.47698872818516,New York,1265
2013-06-20,57.6087402394794,New York,1266
2013-06-21,51.96732270278707,New York,1267
2013-06-22,64.85975079924734,New York,1268
2013-06-23,56.488647856611614,New York,1269
2013-06-24,32.157017161753785,New York,1270
2013-06-25,50.55068865553826,New York,1271
2013-06-26,33.61572015223012,New York,1272
2013-06-27,36.233637529206945,New York,1273
2013-06-28,36.013209592038685,New York,1274
2013-06-29,54.09187696432637,New York,1275
2013-06-30,66.97800164385387,New York,1276
2013-07-01,45.50767794104577,New York,1277
2013-07-02,42.755993754786196,New York,1278
2013-07-03,42.15255440778372,New York,1279
2013-07-04,63.35404018752111,New York,1280
2013-07-05,42.66055322987992,New York,1281
2013-07-06,64.31396283487064,New York,1282
2013-07-07,58.72380160308973,New York,1283
2013-07-08,40.32440488966213,New York,1284
2013-07-09,40.6954925309292,New York,1285
2013-07-10,42.55695313966711,New York,1286
2013-07-11,41.5169074435756,New York,1287
2013-07-12,44.89804672179138,New York,1288
2013-07-13,44.52365884491221,New York,1289
2013-07-14,52.508145564600824,New York,1290
2013-07-15,51.776170721382634,New York,1291
2013-07-16,40.16957861023384,New York,1292
2013-07-17,59.273797252254184,New York,1293
2013-07-18,39.50614225267939,New York,1294
2013-07-19,57.21600005649792,New York,1295
2013-07-20,37.8336641658434,New York,1296
2013-07-21,50.24999420617366,New York,1297
2013-07-22,47.89328938355304,New York,1298
2013-07-23,60.36908027786434,New York,1299
2013-07-24,53.97533086503294,New York,1300
2013-07-25,52.59207833679246,New York,1301
2013-07-26,53.205271307945424,New York,1302
2013-07-27,45.85731842279067,New York,1303
2013-07-28,34.926699172111,New York,1304
2013-07-29,49.48609316978764,New York,1305
2013-07-30,37.91157383296617,New York,1306
2013-07-31,27.215146611540682,New York,1307
2013-08-01,34.45575166169971,New York,1308
2013-08-02,27.256404922523775,New York,1309
2013-08-03,35.64554708908624,New York,1310
2013-08-04,32.40932575685642,New York,1311
2013-08-05,57.37600960291528,New York,1312
2013-08-06,27.45952517621231,New York,1313
2013-08-07,29.87522308618376,New York,1314
2013-08-08,49.71675183896228,New York,1315
2013-08-09,54.6687355484959,New York,1316
2013-08-10,39.34183177939687,New York,1317
2013-08-11,47.75201925865036,New York,1318
2013-08-12,42.109189247761016,New York,1319
2013-08-13,37.5752625027775,New York,1320
2013-08-14,43.059005450885394,New York,1321
2013-08-15,60.16653307134847,New York,1322
2013-08-16,38.741473214884344,New York,1323
2013-08-17,27.642776065482774,New York,1324
2013-08-18,25.336390790085467,New York,1325
2013-08-19,45.100025167784636,New York,1326
2013-08-20,39.07777071663688,New York,1327
2013-08-21,35.9895970464939,New York,1328
2013-08-22,30.968345344865448,New York,1329
2013-08-23,38.39960096241305,New York,1330
2013-08-24,54.917701665097326,New York,1331
2013-08-25,46.42454505893969,New York,1332
2013-08-26,35.640489287647064,New York,1333
2013-08-27,56.91579733149764,New York,1334
2013-08-28,37.864491135216376,New York,1335
2013-08-29,41.95601742779387,New York,1336
2013-08-30,14.662070429901519,New York,1337
2013-08-31,47.33006769698002,New York,1338
2013-09-01,26.901923427229125,New York,1339
2013-09-02,24.22650408184105,New York,1340
2013-09-03,43.37823527889847,New York,1341
2013-09-04,39.76488976378731,New York,1342
2013-09-05,14.271116219075925,New York,1343
2013-09-06,56.786849404922435,New York,1344
2013-09-07,50.18459735369342,New York,1345
2013-09-08,39.636911655088355,New York,1346
2013-09-09,37.25753349851808,New York,1347
2013-09-10,50.718800765637894,New York,1348
2013-09-11,36.3184075936359,New York,1349
2013-09-12,35.712569711038384,New York,1350
2013-09-13,39.757012457555845,New York,1351
2013-09-14,57.62220922205282,New York,1352
2013-09-15,40.404344329046886,New York,1353
2013-09-16,29.13247167377299,New York,1354
2013-09-17,40.10024291578879,New York,1355
2013-09-18,41.5838466811565,New York,1356
2013-09-19,34.46932013671518,New York,1357
2013-09-20,36.014124117851765,New York,1358
2013-09-21,45.81784892529824,New York,1359
2013-09-22,30.104953113691693,New York,1360
2013-09-23,32.54347642828863,New York,1361
2013-09-24,26.065289216851717,New York,1362
2013-09-25,37.0845120197,New York,1363
2013-09-26,30.537380747869598,New York,1364
2013-09-27,30.54537552310927,New York,1365
2013-09-28,45.84881611653998,New York,1366
2013-09-29,29.793651776300095,New York,1367
2013-09-30,40.778241644423474,New York,1368
2013-10-01,49.27260434196355,New York,1369
2013-10-02,43.53734661705669,New York,1370
2013-10-03,52.652462342146976,New York,1371
2013-10-04,55.6601699569915,New York,1372
2013-10-05,49.82672726405302,New York,1373
2013-10-06,25.496568204515107,New York,1374
2013-10-07,33.66459587896796,New York,1375
2013-10-08,45.28613429633221,New York,1376
2013-10-09,51.09457191653718,New York,1377
2013-10-10,47.414555350751584,New York,1378
2013-10-11,49.93831600201388,New York,1379
2013-10-12,38.31428881198721,New York,1380
2013-10-13,56.11628629544599,New York,1381
2013-10-14,25.22939317338235,New York,1382
2013-10-15,33.18456585009791,New York,1383
2013-10-16,25.865513217286143,New York,1384
2013-10-17,37.80194249854343,New York,1385
2013-10-18,39.56630912537536,New York,1386
2013-10-19,38.64608578324693,New York,1387
2013-10-20,61.09148401366079,New York,1388
2013-10-21,34.175262353328556,New York,1389
2013-10-22,43.92353661776369,New York,1390
2013-10-23,49.802765127698216,New York,1391
2013-10-24,31.863679440863443,New York,1392
2013-10-25,52.633384315497125,New York,1393
2013-10-26,57.137761365932946,New York,1394
2013-10-27,42.45305358433117,New York,1395
2013-10-28,43.33035067344443,New York,1396
2013-10-29,48.04325474260851,New York,1397
2013-10-30,39.72277821112102,New York,1398
2013-10-31,65.34652688078441,New York,1399
2013-11-01,17.706548006668488,New York,1400
2013-11-02,48.60580785976239,New York,1401
2013-11-03,42.73650194325896,New York,1402
2013-11-04,29.95156021529227,New York,1403
2013-11-05,35.346967669031955,New York,1404
2013-11-06,44.14827597456606,New York,1405
2013-11-07,49.60003315343033,New York,1406
2013-11-08,37.460567818394196,New York,1407
2013-11-09,47.27180704962395,New York,1408
2013-11-10,39.55259575482781,New York,1409
2013-11-11,51.508891435137514,New York,1410
2013-11-12,29.937504260226646,New York,1411
2013-11-13,43.65205540080168,New York,1412
2013-11-14,34.515561954778654,New York,1413
2013-11-15,22.01703367180339,New York,1414
2013-11-16,52.04261867830199,New York,1415
2013-11-17,50.469545261337316,New York,1416
2013-11-18,38.248894310338684,New York,1417
2013-11-19,54.89174532210707,New York,1418
2013-11-20,50.205484482001665,New York,1419
2013-11-21,35.394971920476316,New York,1420
2013-11-22,47.91217915059164,New York,1421
2013-11-23,48.1122836220156,New York,1422
2013-11-24,21.411630811535733,New York,1423
2013-11-25,39.76419003896338,New York,1424
2013-11-26,43.916050105775156,New York,1425
2013-11-27,58.00014793900391,New York,1426
2013-11-28,47.747929385249385,New York,1427
2013-11-29,59.790703582739226,New York,1428
2013-11-30,44.59956398049505,New York,1429
2013-12-01,39.855102225035466,New York,1430
2013-12-02,48.517815585784085,New York,1431
2013-12-03,40.63612607771912,New York,1432
2013-12-04,59.1463556740693,New York,1433
2013-12-05,58.17301859686982,New York,1434
2013-12-06,42.412244598962836,New York,1435
2013-12-07,49.40822353172037,New York,1436
2013-12-08,48.25974670442516,New York,1437
2013-12-09,40.84269327102373,New York,1438
2013-12-10,35.87304006999147,New York,1439
2013-12-11,57.27905403495669,New York,1440
2013-12-12,26.84521111202399,New York,1441
2013-12-13,34.206892560153335,New York,1442
2013-12-14,36.173506454929786,New York,1443
2013-12-15,35.029551412083784,New York,1444
2013-12-16,54.89217709645634,New York,1445
2013-12-17,50.89135293885559,New York,1446
2013-12-18,42.72362647756374,New York,1447
2013-12-19,63.01262275029814,New York,1448
2013-12-20,52.96443259350643,New York,1449
2013-12-21,38.75070231929283,New York,1450
2013-12-22,46.88721878603891,New York,1451
2013-12-23,50.56718708247892,New York,1452
2013-12-24,56.51635509082631,New York,1453
2013-12-25,58.715749128131925,New York,1454
2013-12-26,53.65971324777883,New York,1455
2013-12-27,42.810694124436765,New York,1456
2013-12-28,62.33173145874483,New York,1457
2013-12-29,52.85649091465037,New York,1458
2013-12-30,56.58520598362531,New York,1459
2013-12-31,58.28810197739684,New York,1460
2014-01-01,58.33894605983142,New York,1461
2014-01-02,47.75058135375497,New York,1462
2014-01-03,58.810284969791056,New York,1463
2014-01-04,49.427394331772334,New York,1464
2014-01-05,29.240452945313514,New York,1465
2014-01-06,53.81220215714731,New York,1466
2014-01-07,48.38928749828575,New York,1467
2014-01-08,62.111489685024594,New York,1468
2014-01-09,55.37514746440802,New York,1469
2014-01-10,41.01857521388167,New York,1470
2014-01-11,60.232663033085544,New York,1471
2014-01-12,48.71158119527206,New York,1472
2014-01-13,44.34077436001326,New York,1473
2014-01-14,69.6658199022304,New York,1474
2014-01-15,37.6712450816082,New York,1475
2014-01-16,50.54709420306592,New York,1476
2014-01-17,72.26598861996695,New York,1477
2014-01-18,40.006894274335366,New York,1478
2014-01-19,46.750362222051685,New York,1479
2014-01-20,67.57899913205632,New York,1480
2014-01-21,61.21271752704865,New York,1481
2014-01-22,48.510369810702805,New York,1482
2014-01-23,41.611763205444895,New York,1483
2014-01-24,47.833431586454715,New York,1484
2014-01-25,37.75554092296425,New York,1485
2014-01-26,54.65670930259568,New York,1486
2014-01-27,70.1739753985284,New York,1487
2014-01-28,46.22825392615801,New York,1488
2014-01-29,57.89602692261483,New York,1489
2014-01-30,50.97672455540454,New York,1490
2014-01-31,43.210099689130566,New York,1491
2014-02-01,69.33467758936514,New York,1492
2014-02-02,54.24718939103844,New York,1493
2014-02-03,41.20242060282919,New York,1494
2014-02-04,57.83430707214776,New York,1495
2014-02-05,58.906699833024,New York,1496
2014-02-06,33.50663914035119,New York,1497
2014-02-07,61.19744673426501,New York,1498
2014-02-08,47.05549641875135,New York,1499
2014-02-09,51.22504638855364,New York,1500
2014-02-10,61.5277919906442,New York,1501
2014-02-11,50.83528241545172,New York,1502
2014-02-12,58.601529540077046,New York,1503
2014-02-13,48.493687997004116,New York,1504
2014-02-14,46.26699883772367,New York,1505
2014-02-15,44.24100881792033,New York,1506
2014-02-16,61.86712074953681,New York,1507
2014-02-17,51.32300846749313,New York,1508
2014-02-18,73.8990045038965,New York,1509
2014-02-19,71.65542717601505,New York,1510
2014-02-20,75.04998388545027,New York,1511
2014-02-21,56.13650982127485,New York,1512
2014-02-22,58.25186051467455,New York,1513
2014-02-23,49.64040258502841,New York,1514
2014-02-24,43.6136401418479,New York,1515
2014-02-25,66.57561023264095,New York,1516
2014-02-26,52.55740094584047,New York,1517
2014-02-27,55.59128531310119,New York,1518
2014-02-28,40.05536072748658,New York,1519
2014-03-01,53.31154566022399,New York,1520
2014-03-02,64.83629993219901,New York,1521
2014-03-03,51.793702682829334,New York,1522
2014-03-04,50.81104677735071,New York,1523
2014-03-05,59.067760474627605,New York,1524
2014-03-06,46.220169618730694,New York,1525
2014-03-07,52.46170573581138,New York,1526
2014-03-08,67.84095313764432,New York,1527
2014-03-09,46.129016678461895,New York,1528
2014-03-10,46.97395473763526,New York,1529
2014-03-11,61.71071036502471,New York,1530
2014-03-12,60.396817063073755,New York,1531
2014-03-13,61.172226540083464,New York,1532
2014-03-14,75.4903576198419,New York,1533
2014-03-15,58.025223553518984,New York,1534
2014-03-16,50.29995851334608,New York,1535
2014-03-17,51.79549342260145,New York,1536
2014-03-18,42.52416680707408,New York,1537
2014-03-19,55.50850918316149,New York,1538
2014-03-20,58.098966298259285,New York,1539
2014-03-21,50.34173549075521,New York,1540
2014-03-22,52.06424327819758,New York,1541
2014-03-23,61.98430841922978,New York,1542
2014-03-24,62.48137166148643,New York,1543
2014-03-25,48.459084952327096,New York,1544
2014-03-26,54.61635015889307,New York,1545
2014-03-27,61.07455119795533,New York,1546
2014-03-28,74.02802491927908,New York,1547
2014-03-29,70.56467614114227,New York,1548
2014-03-30,64.27100763617973,New York,1549
2014-03-31,64.83691139121473,New York,1550
2014-04-01,60.82861881256509,New York,1551
2014-04-02,76.21638812401676,New York,1552
2014-04-03,62.31680057331651,New York,1553
2014-04-04,78.1451476314864,New York,1554
2014-04-05,61.28109261111888,New York,1555
2014-04-06,51.604680568653094,New York,1556
2014-04-07,61.185711949321764,New York,1557
2014-04-08,65.98713683890868,New York,1558
2014-04-09,61.02728946048845,New York,1559
2014-04-10,62.04678253081393,New York,1560
2014-04-11,50.416487298867786,New York,1561
2014-04-12,61.57699406128906,New York,1562
2014-04-13,65.77936307002638,New York,1563
2014-04-14,72.66129772590482,New York,1564
2014-04-15,67.00300733608441,New York,1565
2014-04-16,51.64101588346149,New York,1566
2014-04-17,62.4532523683172,New York,1567
2014-04-18,56.94810814952731,New York,1568
2014-04-19,72.6881125097685,New York,1569
2014-04-20,36.31570923154014,New York,1570
2014-04-21,70.33824882036754,New York,1571
2014-04-22,40.539156896657836,New York,1572
2014-04-23,39.99114053756565,New York,1573
2014-04-24,53.28126017523456,New York,1574
2014-04-25,45.017922497841425,New York,1575
2014-04-26,72.2371319280976,New York,1576
2014-04-27,60.632878011339436,New York,1577
2014-04-28,63.18693314877788,New York,1578
2014-04-29,52.847404721640565,New York,1579
2014-04-30,66.78860590226978,New York,1580
2014-05-01,52.938837901471864,New York,1581
2014-05-02,66.2817285862814,New York,1582
2014-05-03,61.42600905285562,New York,1583
2014-05-04,71.88313018557679,New York,1584
2014-05-05,31.78119356391531,New York,1585
2014-05-06,41.25286687993517,New York,1586
2014-05-07,62.60559425446143,New York,1587
2014-05-08,49.317167009335364,New York,1588
2014-05-09,70.24322054166048,New York,1589
2014-05-10,50.05155340388666,New York,1590
2014-05-11,49.04811354148994,New York,1591
2014-05-12,54.22522373989373,New York,1592
2014-05-13,52.248194058455574,New York,1593
2014-05-14,74.8580207526715,New York,1594
2014-05-15,72.86914120240569,New York,1595
2014-05-16,59.33657817448964,New York,1596
2014-05-17,57.425438368169885,New York,1597
2014-05-18,61.827878148018826,New York,1598
2014-05-19,48.068486910436576,New York,1599
2014-05-20,62.40873396161534,New York,1600
2014-05-21,57.53228785525896,New York,1601
2014-05-22,58.52419043533314,New York,1602
2014-05-23,57.88724988798326,New York,1603
2014-05-24,81.64539927725204,New York,1604
2014-05-25,40.83323067746723,New York,1605
2014-05-26,55.21010837057065,New York,1606
2014-05-27,79.12266753033222,New York,1607
2014-05-28,56.34108388573593,New York,1608
2014-05-29,31.747221620867606,New York,1609
2014-05-30,46.38242927085311,New York,1610
2014-05-31,55.87705943203832,New York,1611
2014-06-01,44.882429131127545,New York,1612
2014-06-02,70.35848361699438,New York,1613
2014-06-03,59.779664413270325,New York,1614
2014-06-04,59.12603678777388,New York,1615
2014-06-05,54.32115379395826,New York,1616
2014-06-06,82.5719647756758,New York,1617
2014-06-07,48.90122971365488,New York,1618
2014-06-08,46.61599322215398,New York,1619
2014-06-09,52.22810694784938,New York,1620
2014-06-10,40.58334071063966,New York,1621
2014-06-11,56.451454546407525,New York,1622
2014-06-12,44.81003224458487,New York,1623
2014-06-13,56.73108348961242,New York,1624
2014-06-14,64.52113551873366,New York,1625
2014-06-15,54.55427243563358,New York,1626
2014-06-16,55.88907511502838,New York,1627
2014-06-17,46.33919120052868,New York,1628
2014-06-18,66.41055185477747,New York,1629
2014-06-19,45.57506173352877,New York,1630
2014-06-20,48.87729135823382,New York,1631
2014-06-21,62.54258187988184,New York,1632
2014-06-22,53.028483993807555,New York,1633
2014-06-23,36.79022669345484,New York,1634
2014-06-24,47.32772627133182,New York,1635
2014-06-25,44.51388117267094,New York,1636
2014-06-26,48.82872082980924,New York,1637
2014-06-27,57.59520415158389,New York,1638
2014-06-28,46.362331775264565,New York,1639
2014-06-29,45.29660705818459,New York,1640
2014-06-30,32.51145994975789,New York,1641
2014-07-01,54.30903003107717,New York,1642
2014-07-02,40.78833336602682,New York,1643
2014-07-03,34.47967905666916,New York,1644
2014-07-04,30.56575004789171,New York,1645
2014-07-05,47.66992247793908,New York,1646
2014-07-06,69.41108575881562,New York,1647
2014-07-07,36.98894110865861,New York,1648
2014-07-08,59.233634736929766,New York,1649
2014-07-09,47.07127076579783,New York,1650
2014-07-10,51.921662435555376,New York,1651
2014-07-11,42.5735034370428,New York,1652
2014-07-12,51.299507899288514,New York,1653
2014-07-13,30.71913572429812,New York,1654
2014-07-14,43.468129406886675,New York,1655
2014-07-15,32.22115815026032,New York,1656
2014-07-16,41.10800226209556,New York,1657
2014-07-17,29.003704096698673,New York,1658
2014-07-18,50.68371441302088,New York,1659
2014-07-19,46.048996188669626,New York,1660
2014-07-20,30.21363519380207,New York,1661
2014-07-21,44.49884145189494,New York,1662
2014-07-22,37.16312130714803,New York,1663
2014-07-23,34.68503855578769,New York,1664
2014-07-24,46.9422394842269,New York,1665
2014-07-25,41.30177652436177,New York,1666
2014-07-26,32.289034961351646,New York,1667
2014-07-27,49.805140963362824,New York,1668
2014-07-28,42.32717914740583,New York,1669
2014-07-29,44.37904145323586,New York,1670
2014-07-30,53.52180268139567,New York,1671
2014-07-31,52.61679419562617,New York,1672
2014-08-01,39.99435199551818,New York,1673
2014-08-02,19.683697240945364,New York,1674
2014-08-03,54.26956241333573,New York,1675
2014-08-04,38.34241010187962,New York,1676
2014-08-05,48.685157859122896,New York,1677
2014-08-06,41.272429110686275,New York,1678
2014-08-07,52.038712313851185,New York,1679
2014-08-08,51.86182833045486,New York,1680
2014-08-09,52.67633566885307,New York,1681
2014-08-10,38.10758440494093,New York,1682
2014-08-11,32.358364279136154,New York,1683
2014-08-12,43.79905343001627,New York,1684
2014-08-13,56.825731844124576,New York,1685
2014-08-14,47.51740186092762,New York,1686
2014-08-15,49.09135098875353,New York,1687
2014-08-16,30.67570080741581,New York,1688
2014-08-17,40.13533453713459,New York,1689
2014-08-18,32.276701398094744,New York,1690
2014-08-19,32.015500116523086,New York,1691
2014-08-20,36.437707132579696,New York,1692
2014-08-21,52.276436565710185,New York,1693
2014-08-22,40.6130278142923,New York,1694
2014-08-23,41.014918050638,New York,1695
2014-08-24,19.969152592915147,New York,1696
2014-08-25,47.94865927527252,New York,1697
2014-08-26,41.48857748474304,New York,1698
2014-08-27,31.039941813880425,New York,1699
2014-08-28,45.65191185344099,New York,1700
2014-08-29,52.890624688444504,New York,1701
2014-08-30,46.35179851168053,New York,1702
2014-08-31,11.425663826426671,New York,1703
2014-09-01,34.84959806107711,New York,1704
2014-09-02,48.95216377473332,New York,1705
2014-09-03,25.336663580289088,New York,1706
2014-09-04,35.13128962276978,New York,1707
2014-09-05,35.33797498177231,New York,1708
2014-09-06,43.14380195154229,New York,1709
2014-09-07,53.192335181788934,New York,1710
2014-09-08,29.610433082486445,New York,1711
2014-09-09,35.416866451027225,New York,1712
2014-09-10,13.672069994250133,New York,1713
2014-09-11,33.16658843776436,New York,1714
2014-09-12,58.64746826001453,New York,1715
2014-09-13,16.407024757931712,New York,1716
2014-09-14,40.120499942520816,New York,1717
2014-09-15,38.97428730947683,New York,1718
2014-09-16,43.988522983889155,New York,1719
2014-09-17,41.77918396213108,New York,1720
2014-09-18,36.4736270764167,New York,1721
2014-09-19,39.51903335134752,New York,1722
2014-09-20,49.03042189600719,New York,1723
2014-09-21,44.10347626076192,New York,1724
2014-09-22,38.9444366894833,New York,1725
2014-09-23,42.828921215954225,New York,1726
2014-09-24,23.448867240582643,New York,1727
2014-09-25,42.28674288306165,New York,1728
2014-09-26,34.97425520009309,New York,1729
2014-09-27,46.92266755034671,New York,1730
2014-09-28,58.54500965771216,New York,1731
2014-09-29,41.0418939659574,New York,1732
2014-09-30,53.89592106021459,New York,1733
2014-10-01,14.267962193134988,New York,1734
2014-10-02,65.80695076462594,New York,1735
2014-10-03,29.976388556739572,New York,1736
2014-10-04,34.95904210954951,New York,1737
2014-10-05,32.538040141616406,New York,1738
2014-10-06,40.407912325981506,New York,1739
2014-10-07,24.531273351849777,New York,1740
2014-10-08,37.16714539008133,New York,1741
2014-10-09,51.99243681631614,New York,1742
2014-10-10,34.021237231752316,New York,1743
2014-10-11,60.4522748955693,New York,1744
2014-10-12,51.47675164413907,New York,1745
2014-10-13,45.67325996386573,New York,1746
2014-10-14,37.1014507676583,New York,1747
2014-10-15,24.85542490490142,New York,1748
2014-10-16,47.33742537147076,New York,1749
2014-10-17,47.435304125012465,New York,1750
2014-10-18,29.741509369592983,New York,1751
2014-10-19,40.480174975859484,New York,1752
2014-10-20,54.0809000490486,New York,1753
2014-10-21,59.967691491863164,New York,1754
2014-10-22,40.79188424373073,New York,1755
2014-10-23,32.0118420255032,New York,1756
2014-10-24,38.98297559681676,New York,1757
2014-10-25,19.043355730410195,New York,1758
2014-10-26,24.62561734245206,New York,1759
2014-10-27,18.675329007606948,New York,1760
2014-10-28,54.78679110180536,New York,1761
2014-10-29,40.56000646686885,New York,1762
2014-10-30,45.77721552456283,New York,1763
2014-10-31,40.19296888042971,New York,1764
2014-11-01,49.24671938330712,New York,1765
2014-11-02,44.02558300437307,New York,1766
2014-11-03,37.418463275527166,New York,1767
2014-11-04,50.631849552591206,New York,1768
2014-11-05,36.393793268078944,New York,1769
2014-11-06,30.482679084411274,New York,1770
2014-11-07,49.42029390120264,New York,1771
2014-11-08,35.32363117616807,New York,1772
2014-11-09,34.1440676367606,New York,1773
2014-11-10,40.50412648123406,New York,1774
2014-11-11,50.134462511770806,New York,1775
2014-11-12,53.84198432107469,New York,1776
2014-11-13,42.78187935343022,New York,1777
2014-11-14,34.56255423325489,New York,1778
2014-11-15,31.82060587971691,New York,1779
2014-11-16,47.09190529496018,New York,1780
2014-11-17,34.157204332385284,New York,1781
2014-11-18,39.02720938253177,New York,1782
2014-11-19,64.33367116140097,New York,1783
2014-11-20,45.31281757399015,New York,1784
2014-11-21,39.124375360147596,New York,1785
2014-11-22,34.00374471136199,New York,1786
2014-11-23,47.397945139079184,New York,1787
2014-11-24,51.47223513693579,New York,1788
2014-11-25,55.233116818743156,New York,1789
2014-11-26,38.57938900520595,New York,1790
2014-11-27,47.83035827223166,New York,1791
2014-11-28,42.96429537553232,New York,1792
2014-11-29,46.875472407887074,New York,1793
2014-11-30,42.047919586602106,New York,1794
2014-12-01,41.69669813234171,New York,1795
2014-12-02,47.531032192899936,New York,1796
2014-12-03,47.77961795859892,New York,1797
2014-12-04,36.85721796338923,New York,1798
2014-12-05,57.18457303500782,New York,1799
2014-12-06,59.945254152928456,New York,1800
2014-12-07,49.451474491290725,New York,1801
2014-12-08,48.011875553476315,New York,1802
2014-12-09,48.23664313777617,New York,1803
2014-12-10,50.54461955977374,New York,1804
2014-12-11,43.718770437540186,New York,1805
2014-12-12,57.41788164007916,New York,1806
2014-12-13,25.156602364121007,New York,1807
2014-12-14,36.16509623119823,New York,1808
2014-12-15,46.949898422990174,New York,1809
2014-12-16,60.25443001899405,New York,1810
2014-12-17,64.70591349078997,New York,1811
2014-12-18,54.39675682735581,New York,1812
2014-12-19,52.450123369308656,New York,1813
2014-12-20,48.89315523085724,New York,1814
2014-12-21,39.77029582518118,New York,1815
2014-12-22,57.66287758157966,New York,1816
2014-12-23,45.13630428690043,New York,1817
2014-12-24,52.54853530156584,New York,1818
2014-12-25,45.21565807148059,New York,1819
2014-12-26,43.32168320333503,New York,1820
2014-12-27,25.168163615253388,New York,1821
2014-12-28,48.36895548376033,New York,1822
2014-12-29,39.871291488640765,New York,1823
2014-12-30,39.99230726690019,New York,1824
2014-12-31,60.86932526760481,New York,1825
2015-01-01,53.410174488057336,New York,1826
2015-01-02,59.15047904689175,New York,1827
2015-01-03,37.53925513935238,New York,1828
2015-01-04,66.00581016945621,New York,1829
2015-01-05,46.962020539736464,New York,1830
2015-01-06,63.91612518805206,New York,1831
2015-01-07,38.35704221643462,New York,1832
2015-01-08,45.26561147954065,New York,1833
2015-01-09,55.360033670233705,New York,1834
2015-01-10,41.77255780567469,New York,1835
2015-01-11,52.00765062395045,New York,1836
2015-01-12,69.65416943220242,New York,1837
2015-01-13,42.69578708079584,New York,1838
2015-01-14,33.64790320163155,New York,1839
2015-01-15,49.49473976747074,New York,1840
2015-01-16,43.01516864092224,New York,1841
2015-01-17,62.60228866955722,New York,1842
2015-01-18,36.10246529247254,New York,1843
2015-01-19,37.56355287544302,New York,1844
2015-01-20,52.32045523598292,New York,1845
2015-01-21,53.47361419233941,New York,1846
2015-01-22,66.49405935111746,New York,1847
2015-01-23,46.64848928865599,New York,1848
2015-01-24,63.0222525361077,New York,1849
2015-01-25,41.216969321358455,New York,1850
2015-01-26,38.8385842567012,New York,1851
2015-01-27,69.7914862377433,New York,1852
2015-01-28,55.824659822476406,New York,1853
2015-01-29,52.97963818426668,New York,1854
2015-01-30,57.61187074574736,New York,1855
2015-01-31,47.04210251285502,New York,1856
2015-02-01,40.118030682055554,New York,1857
2015-02-02,57.73605285047076,New York,1858
2015-02-03,62.52781635228724,New York,1859
2015-02-04,53.029032018674826,New York,1860
2015-02-05,49.39219001799266,New York,1861
2015-02-06,45.98005968755463,New York,1862
2015-02-07,45.78674393841424,New York,1863
2015-02-08,64.54536387635797,New York,1864
2015-02-09,67.66110116971043,New York,1865
2015-02-10,55.04550349977803,New York,1866
2015-02-11,53.91356362376451,New York,1867
2015-02-12,84.5684769090289,New York,1868
2015-02-13,59.662841706612696,New York,1869
2015-02-14,58.515372354708205,New York,1870
2015-02-15,51.486746381440014,New York,1871
2015-02-16,51.846263855410264,New York,1872
2015-02-17,47.74421299871112,New York,1873
2015-02-18,44.59442274050437,New York,1874
2015-02-19,48.287854382389945,New York,1875
2015-02-20,73.20368270553365,New York,1876
2015-02-21,73.37666560509345,New York,1877
2015-02-22,59.46179065379076,New York,1878
2015-02-23,51.50427485519271,New York,1879
2015-02-24,51.27050654797257,New York,1880
2015-02-25,41.70455822469074,New York,1881
2015-02-26,71.20490957078346,New York,1882
2015-02-27,43.429577885054016,New York,1883
2015-02-28,57.518056013682475,New York,1884
2015-03-01,81.88165638070754,New York,1885
2015-03-02,77.12487041561353,New York,1886
2015-03-03,73.74765024038012,New York,1887
2015-03-04,46.21596045929719,New York,1888
2015-03-05,54.06146241810297,New York,1889
2015-03-06,49.6219809564939,New York,1890
2015-03-07,45.081290256345675,New York,1891
2015-03-08,48.255385570182376,New York,1892
2015-03-09,69.51251193172527,New York,1893
2015-03-10,59.955456686363455,New York,1894
2015-03-11,47.96676728361817,New York,1895
2015-03-12,56.978747492207305,New York,1896
2015-03-13,62.16164144557945,New York,1897
2015-03-14,52.807405224949704,New York,1898
2015-03-15,41.043727381866894,New York,1899
2015-03-16,64.69174398805893,New York,1900
2015-03-17,46.881079765330554,New York,1901
2015-03-18,65.32838119812499,New York,1902
2015-03-19,43.80007876751592,New York,1903
2015-03-20,35.65898484760606,New York,1904
2015-03-21,57.46859227622657,New York,1905
2015-03-22,42.25502821829155,New York,1906
2015-03-23,59.524047982389284,New York,1907
2015-03-24,66.28344205777938,New York,1908
2015-03-25,43.73350094123121,New York,1909
2015-03-26,52.664415123103524,New York,1910
2015-03-27,45.667650211484805,New York,1911
2015-03-28,72.35779192753223,New York,1912
2015-03-29,39.85788301560771,New York,1913
2015-03-30,71.42427405693374,New York,1914
2015-03-31,53.06437842185856,New York,1915
2015-04-01,49.27125013299022,New York,1916
2015-04-02,63.408472102671,New York,1917
2015-04-03,71.83929549228154,New York,1918
2015-04-04,51.568307010504824,New York,1919
2015-04-05,74.91970432459793,New York,1920
2015-04-06,71.66540721854503,New York,1921
2015-04-07,35.794114817758924,New York,1922
2015-04-08,59.44406769675478,New York,1923
2015-04-09,56.53098635569278,New York,1924
2015-04-10,58.71537188616924,New York,1925
2015-04-11,42.48394917916888,New York,1926
2015-04-12,64.34824275610889,New York,1927
2015-04-13,80.26076231934962,New York,1928
2015-04-14,48.89485026473741,New York,1929
2015-04-15,59.5274314404807,New York,1930
2015-04-16,60.569176243314914,New York,1931
2015-04-17,59.10234662806797,New York,1932
2015-04-18,67.678406859815,New York,1933
2015-04-19,49.12424335455517,New York,1934
2015-04-20,57.63341518849212,New York,1935
2015-04-21,62.72365369444501,New York,1936
2015-04-22,68.21611342428268,New York,1937
2015-04-23,68.71231087757981,New York,1938
2015-04-24,42.21457481129275,New York,1939
2015-04-25,51.427685795652856,New York,1940
2015-04-26,67.66499833956912,New York,1941
2015-04-27,64.4843172301454,New York,1942
2015-04-28,63.714650949924355,New York,1943
2015-04-29,58.65398674363201,New York,1944
2015-04-30,53.293107651122995,New York,1945
2015-05-01,45.56115091224237,New York,1946
2015-05-02,70.15127477654325,New York,1947
2015-05-03,66.70215969664198,New York,1948
2015-05-04,68.83278680163714,New York,1949
2015-05-05,49.45846444622203,New York,1950
2015-05-06,47.982052782505924,New York,1951
2015-05-07,63.58353075121313,New York,1952
2015-05-08,44.12742481011249,New York,1953
2015-05-09,34.24771767110911,New York,1954
2015-05-10,49.55331478449369,New York,1955
2015-05-11,50.07632945996269,New York,1956
2015-05-12,49.37781328591386,New York,1957
2015-05-13,62.14477040597848,New York,1958
2015-05-14,59.87639236649423,New York,1959
2015-05-15,42.16252076408817,New York,1960
2015-05-16,50.64743838262876,New York,1961
2015-05-17,64.51872781711657,New York,1962
2015-05-18,39.470643011349594,New York,1963
2015-05-19,40.82828526675367,New York,1964
2015-05-20,48.85232215083488,New York,1965
2015-05-21,46.70937974171245,New York,1966
2015-05-22,71.4581087037855,New York,1967
2015-05-23,38.36791962578104,New York,1968
2015-05-24,55.7902759920008,New York,1969
2015-05-25,38.678559933112886,New York,1970
2015-05-26,49.57966627859971,New York,1971
2015-05-27,49.994717163782276,New York,1972
2015-05-28,45.541187755723726,New York,1973
2015-05-29,75.2542612596186,New York,1974
2015-05-30,59.384098781041715,New York,1975
2015-05-31,39.70935858875273,New York,1976
2015-06-01,69.10808894766541,New York,1977
2015-06-02,34.53925932953908,New York,1978
2015-06-03,52.978626006347156,New York,1979
2015-06-04,42.92608311005604,New York,1980
2015-06-05,49.420743337926844,New York,1981
2015-06-06,45.81865950638883,New York,1982
2015-06-07,42.39812221230048,New York,1983
2015-06-08,51.45317036356833,New York,1984
2015-06-09,44.56313759468501,New York,1985
2015-06-10,50.178749671381475,New York,1986
2015-06-11,54.705645850328054,New York,1987
2015-06-12,23.080794959360375,New York,1988
2015-06-13,55.81257754138831,New York,1989
2015-06-14,46.191842870638446,New York,1990
2015-06-15,58.462056101298046,New York,1991
2015-06-16,47.450505848026566,New York,1992
2015-06-17,37.82046720950862,New York,1993
2015-06-18,48.2466102709907,New York,1994
2015-06-19,52.45356154778318,New York,1995
2015-06-20,35.667420107349606,New York,1996
2015-06-21,37.86349136061233,New York,1997
2015-06-22,44.16240693399961,New York,1998
2015-06-23,65.64362704970914,New York,1999
2015-06-24,43.67020100093694,New York,2000
2015-06-25,56.95929064225553,New York,2001
2015-06-26,40.72648262048406,New York,2002
2015-06-27,61.788953322224515,New York,2003
2015-06-28,50.77917861154121,New York,2004
2015-06-29,38.70175107910809,New York,2005
2015-06-30,56.09352621164206,New York,2006
2015-07-01,42.982411333930436,New York,2007
2015-07-02,50.41153257940153,New York,2008
2015-07-03,49.42524529983851,New York,2009
2015-07-04,36.14758516337548,New York,2010
2015-07-05,39.38681225306694,New York,2011
2015-07-06,48.13807462665524,New York,2012
2015-07-07,40.57349871997112,New York,2013
2015-07-08,54.69153821676893,New York,2014
2015-07-09,67.18152764503833,New York,2015
2015-07-10,50.018056819345674,New York,2016
2015-07-11,55.676551634497045,New York,2017
2015-07-12,55.858075749430505,New York,2018
2015-07-13,51.26663354882106,New York,2019
2015-07-14,56.50712846564869,New York,2020
2015-07-15,32.341764409947345,New York,2021
2015-07-16,45.74151929587275,New York,2022
2015-07-17,54.10513093913347,New York,2023
2015-07-18,32.31245509569382,New York,2024
2015-07-19,47.27583308933563,New York,2025
2015-07-20,48.67932371197021,New York,2026
2015-07-21,55.415386965826876,New York,2027
2015-07-22,29.6825311133201,New York,2028
2015-07-23,32.58869591348846,New York,2029
2015-07-24,47.52847040898717,New York,2030
2015-07-25,54.30312850244076,New York,2031
2015-07-26,54.6056374983539,New York,2032
2015-07-27,48.52430166623316,New York,2033
2015-07-28,37.82286339815041,New York,2034
2015-07-29,53.000172155394,New York,2035
2015-07-30,33.04517735536623,New York,2036
2015-07-31,39.2023471631324,New York,2037
2015-08-01,32.17065222596238,New York,2038
2015-08-02,41.079623128907464,New York,2039
2015-08-03,44.046097814480106,New York,2040
2015-08-04,43.50766806912796,New York,2041
2015-08-05,48.3155190013094,New York,2042
2015-08-06,55.13951679452224,New York,2043
2015-08-07,11.289648098313542,New York,2044
2015-08-08,32.42997635508698,New York,2045
2015-08-09,46.78564799134011,New York,2046
2015-08-10,47.92998829966835,New York,2047
2015-08-11,49.546587995813255,New York,2048
2015-08-12,30.112949372216505,New York,2049
2015-08-13,36.935795491003915,New York,2050
2015-08-14,51.05875626441573,New York,2051
2015-08-15,30.350517655544262,New York,2052
2015-08-16,54.179869596306595,New York,2053
2015-08-17,54.364380931133155,New York,2054
2015-08-18,37.06813745949565,New York,2055
2015-08-19,44.095928604237606,New York,2056
2015-08-20,33.92017857035715,New York,2057
2015-08-21,42.96466837593882,New York,2058
2015-08-22,32.328320371493405,New York,2059
2015-08-23,53.01650535654515,New York,2060
2015-08-24,53.347096103414145,New York,2061
2015-08-25,35.90566991930585,New York,2062
2015-08-26,40.069723181476576,New York,2063
2015-08-27,23.413877966213978,New York,2064
2015-08-28,40.653406298303324,New York,2065
2015-08-29,41.370108727457264,New York,2066
2015-08-30,40.01554196191001,New York,2067
2015-08-31,45.81368615860472,New York,2068
2015-09-01,26.11682043094007,New York,2069
2015-09-02,44.384702699779396,New York,2070
2015-09-03,41.10917202194548,New York,2071
2015-09-04,29.23403900360917,New York,2072
2015-09-05,49.4571600720946,New York,2073
2015-09-06,26.189362317247507,New York,2074
2015-09-07,33.424699865846726,New York,2075
2015-09-08,36.63852538970612,New York,2076
2015-09-09,53.42387527886185,New York,2077
2015-09-10,49.023280948599094,New York,2078
2015-09-11,14.484696148116996,New York,2079
2015-09-12,48.36265178465574,New York,2080
2015-09-13,28.689457253797062,New York,2081
2015-09-14,40.01003626949054,New York,2082
2015-09-15,48.629942401561905,New York,2083
2015-09-16,51.50200713785871,New York,2084
2015-09-17,31.179268575917853,New York,2085
2015-09-18,35.03612078171369,New York,2086
2015-09-19,36.506892794443694,New York,2087
2015-09-20,37.94687021755998,New York,2088
2015-09-21,51.01511817323773,New York,2089
2015-09-22,29.89825254814712,New York,2090
2015-09-23,41.33076331325315,New York,2091
2015-09-24,36.902981718428904,New York,2092
2015-09-25,39.88059372822239,New York,2093
2015-09-26,36.99535359614145,New York,2094
2015-09-27,35.06889178649828,New York,2095
2015-09-28,38.421740936375585,New York,2096
2015-09-29,30.354571684320838,New York,2097
2015-09-30,55.43120522425425,New York,2098
2015-10-01,35.143576576818695,New York,2099
2015-10-02,33.55915287244524,New York,2100
2015-10-03,35.98753487762836,New York,2101
2015-10-04,40.09463431905261,New York,2102
2015-10-05,32.163239072173816,New York,2103
2015-10-06,54.060995209157454,New York,2104
2015-10-07,45.50521756552209,New York,2105
2015-10-08,26.868127454836706,New York,2106
2015-10-09,24.92959667402365,New York,2107
2015-10-10,41.00600647056864,New York,2108
2015-10-11,23.13866076985058,New York,2109
2015-10-12,36.838560702388904,New York,2110
2015-10-13,30.604107405658088,New York,2111
2015-10-14,46.65356255608525,New York,2112
2015-10-15,30.207867181965682,New York,2113
2015-10-16,33.77036768953403,New York,2114
2015-10-17,53.79585001595585,New York,2115
2015-10-18,35.34598905947248,New York,2116
2015-10-19,16.27840570706104,New York,2117
2015-10-20,36.05936995475465,New York,2118
2015-10-21,40.995135481775584,New York,2119
2015-10-22,43.88877949110396,New York,2120
2015-10-23,48.480729951522044,New York,2121
2015-10-24,38.77994176910433,New York,2122
2015-10-25,34.49504548943087,New York,2123
2015-10-26,54.60017347979297,New York,2124
2015-10-27,47.20947739663161,New York,2125
2015-10-28,40.6516056117785,New York,2126
2015-10-29,41.26850246181834,New York,2127
2015-10-30,35.736237344673754,New York,2128
2015-10-31,37.410285838118234,New York,2129
2015-11-01,50.60848488995223,New York,2130
2015-11-02,43.13143234247876,New York,2131
2015-11-03,42.27024444437815,New York,2132
2015-11-04,42.57347276363792,New York,2133
2015-11-05,47.517986729546706,New York,2134
2015-11-06,31.516320825019456,New York,2135
2015-11-07,28.172295272825746,New York,2136
2015-11-08,40.31511137453175,New York,2137
2015-11-09,46.380199007405494,New York,2138
2015-11-10,31.58450277578351,New York,2139
2015-11-11,39.205121327936325,New York,2140
2015-11-12,41.54670932110115,New York,2141
2015-11-13,20.897857150245265,New York,2142
2015-11-14,41.87552721916545,New York,2143
2015-11-15,19.38672402517,New York,2144
2015-11-16,39.29221818790841,New York,2145
2015-11-17,38.08299239297899,New York,2146
2015-11-18,38.1856303790032,New York,2147
2015-11-19,41.83641691768879,New York,2148
2015-11-20,29.113157883072596,New York,2149
2015-11-21,40.03462977376971,New York,2150
2015-11-22,62.924540182342405,New York,2151
2015-11-23,45.723354597637666,New York,2152
2015-11-24,34.08569865357832,New York,2153
2015-11-25,30.89159192253441,New York,2154
2015-11-26,56.83367251136271,New York,2155
2015-11-27,60.022110400185525,New York,2156
2015-11-28,38.35914449919158,New York,2157
2015-11-29,34.99740101488691,New York,2158
2015-11-30,40.74065109714523,New York,2159
2015-12-01,39.318325742610895,New York,2160
2015-12-02,46.60658083594908,New York,2161
2015-12-03,43.33180375437393,New York,2162
2015-12-04,42.37711235871726,New York,2163
2015-12-05,51.39438140503207,New York,2164
2015-12-06,52.94057223632735,New York,2165
2015-12-07,40.72526749118436,New York,2166
2015-12-08,42.56806689331088,New York,2167
2015-12-09,51.202445539381195,New York,2168
2015-12-10,49.61817792960275,New York,2169
2015-12-11,40.58450868983898,New York,2170
2015-12-12,53.31484858061846,New York,2171
2015-12-13,33.47140186740261,New York,2172
2015-12-14,41.92668980617288,New York,2173
2015-12-15,24.878977641263855,New York,2174
2015-12-16,52.94893169641904,New York,2175
2015-12-17,36.09797108756506,New York,2176
2015-12-18,37.1502303014013,New York,2177
2015-12-19,33.579798268626476,New York,2178
2015-12-20,33.73833067141353,New York,2179
2015-12-21,41.225371123699006,New York,2180
2015-12-22,57.04226242259184,New York,2181
2015-12-23,68.46330730932257,New York,2182
2015-12-24,49.8525593901421,New York,2183
2015-12-25,43.79586050046456,New York,2184
2015-12-26,37.80822117168316,New York,2185
2015-12-27,51.727180140758264,New York,2186
2015-12-28,43.84914403956729,New York,2187
2015-12-29,33.706353288483854,New York,2188
2015-12-30,52.86725357543935,New York,2189
2015-12-31,48.977582230570604,New York,2190
2016-01-01,49.4832555712426,New York,2191
2016-01-02,24.97043175236115,New York,2192
2016-01-03,61.87426608654113,New York,2193
2016-01-04,55.71624567341755,New York,2194
2016-01-05,54.27801569453165,New York,2195
2016-01-06,31.12037733905635,New York,2196
2016-01-07,44.550620303213364,New York,2197
2016-01-08,58.87103988989557,New York,2198
2016-01-09,37.012469355479936,New York,2199
2016-01-10,51.93970374692321,New York,2200
2016-01-11,57.516875137907945,New York,2201
2016-01-12,46.755081947489,New York,2202
2016-01-13,43.913054319003614,New York,2203
2016-01-14,40.60664784123339,New York,2204
2016-01-15,50.782626775421086,New York,2205
2016-01-16,59.084821510080054,New York,2206
2016-01-17,26.89997910930742,New York,2207
2016-01-18,72.13030045198082,New York,2208
2016-01-19,34.439358032088826,New York,2209
2016-01-20,72.89959291894843,New York,2210
2016-01-21,44.44188619330546,New York,2211
2016-01-22,46.47403804455088,New York,2212
2016-01-23,58.90127692543759,New York,2213
2016-01-24,48.4690663375383,New York,2214
2016-01-25,57.11350070892987,New York,2215
2016-01-26,53.21816009958385,New York,2216
2016-01-27,56.10775780565568,New York,2217
2016-01-28,70.76343802110347,New York,2218
2016-01-29,34.238927389259565,New York,2219
2016-01-30,60.83266365178356,New York,2220
2016-01-31,47.74246346210683,New York,2221
2016-02-01,64.8043137946962,New York,2222
2016-02-02,57.786420645888,New York,2223
2016-02-03,70.42072801901536,New York,2224
2016-02-04,57.696711471469996,New York,2225
2016-02-05,61.338893095589995,New York,2226
2016-02-06,31.281081399461954,New York,2227
2016-02-07,61.60898045107409,New York,2228
2016-02-08,78.06636253211651,New York,2229
2016-02-09,28.065413241070857,New York,2230
2016-02-10,49.518440558344096,New York,2231
2016-02-11,52.25188872596352,New York,2232
2016-02-12,46.231278876314434,New York,2233
2016-02-13,32.347169086507776,New York,2234
2016-02-14,65.1079945480041,New York,2235
2016-02-15,53.219349135525334,New York,2236
2016-02-16,54.102291479004464,New York,2237
2016-02-17,64.12132607319289,New York,2238
2016-02-18,61.95083874172306,New York,2239
2016-02-19,37.78860064485246,New York,2240
2016-02-20,56.47929835389125,New York,2241
2016-02-21,46.35536078034046,New York,2242
2016-02-22,61.89820051207274,New York,2243
2016-02-23,70.29590296290154,New York,2244
2016-02-24,49.25736074337145,New York,2245
2016-02-25,39.95457407232276,New York,2246
2016-02-26,55.30629880184002,New York,2247
2016-02-27,58.31340343526067,New York,2248
2016-02-28,53.70355663911216,New York,2249
2016-02-29,52.471435914213714,New York,2250
2016-03-01,49.15110808391031,New York,2251
2016-03-02,72.57674486041651,New York,2252
2016-03-03,63.83908966001199,New York,2253
2016-03-04,57.68472399777103,New York,2254
2016-03-05,40.09705186342701,New York,2255
2016-03-06,43.29639373246293,New York,2256
2016-03-07,45.72568087538585,New York,2257
2016-03-08,69.34369589733782,New York,2258
2016-03-09,48.32699779353628,New York,2259
2016-03-10,60.09718572801515,New York,2260
2016-03-11,51.133122446755344,New York,2261
2016-03-12,62.41281554768766,New York,2262
2016-03-13,66.52784291219157,New York,2263
2016-03-14,81.61845816875758,New York,2264
2016-03-15,58.61441510927672,New York,2265
2016-03-16,46.4394544231926,New York,2266
2016-03-17,60.311828365667786,New York,2267
2016-03-18,61.876540687676936,New York,2268
2016-03-19,36.4822685064731,New York,2269
2016-03-20,49.26866399194217,New York,2270
2016-03-21,47.36487508581318,New York,2271
2016-03-22,61.24063705817941,New York,2272
2016-03-23,51.02295382792854,New York,2273
2016-03-24,52.044256196540886,New York,2274
2016-03-25,58.64520879521461,New York,2275
2016-03-26,58.72829474310297,New York,2276
2016-03-27,52.213346137271635,New York,2277
2016-03-28,53.780359531276375,New York,2278
2016-03-29,61.219913814136554,New York,2279
2016-03-30,48.12596285118005,New York,2280
2016-03-31,74.70066168161628,New York,2281
2016-04-01,63.350326434156756,New York,2282
2016-04-02,69.45033650381022,New York,2283
2016-04-03,48.42806644283113,New York,2284
2016-04-04,67.36789560816766,New York,2285
2016-04-05,75.96548640712032,New York,2286
2016-04-06,72.99991904104485,New York,2287
2016-04-07,57.64960000311209,New York,2288
2016-04-08,69.99356717398841,New York,2289
2016-04-09,68.02984448065168,New York,2290
2016-04-10,36.693380198478174,New York,2291
2016-04-11,46.07682172162329,New York,2292
2016-04-12,65.23225258818508,New York,2293
2016-04-13,38.389206359787806,New York,2294
2016-04-14,50.08638821389832,New York,2295
2016-04-15,52.68692407163391,New York,2296
2016-04-16,72.66661152661764,New York,2297
2016-04-17,60.0482504870381,New York,2298
2016-04-18,62.35768826001194,New York,2299
2016-04-19,48.9924315519236,New York,2300
2016-04-20,23.028994216291345,New York,2301
2016-04-21,58.852536512813025,New York,2302
2016-04-22,51.28747856362426,New York,2303
2016-04-23,72.50200792035417,New York,2304
2016-04-24,32.50463429535124,New York,2305
2016-04-25,59.41517999329863,New York,2306
2016-04-26,57.145302194850466,New York,2307
2016-04-27,68.8635868928469,New York,2308
2016-04-28,41.21544785483324,New York,2309
2016-04-29,49.68092772514427,New York,2310
2016-04-30,72.33645044835913,New York,2311
2016-05-01,56.20663055921326,New York,2312
2016-05-02,56.87578182307512,New York,2313
2016-05-03,54.15752109981028,New York,2314
2016-05-04,54.893377026904176,New York,2315
2016-05-05,49.19681953097829,New York,2316
2016-05-06,57.902194388566166,New York,2317
2016-05-07,49.54014945746593,New York,2318
2016-05-08,43.84190081915797,New York,2319
2016-05-09,66.11971959127061,New York,2320
2016-05-10,56.95248142696276,New York,2321
2016-05-11,44.56317837810583,New York,2322
2016-05-12,54.28194928198581,New York,2323
2016-05-13,66.85949347105286,New York,2324
2016-05-14,54.9602645055559,New York,2325
2016-05-15,46.751891986582265,New York,2326
2016-05-16,54.23471038631278,New York,2327
2016-05-17,63.297503272345544,New York,2328
2016-05-18,56.598147858037734,New York,2329
2016-05-19,59.25869285383392,New York,2330
2016-05-20,50.62915685587215,New York,2331
2016-05-21,46.263137606919805,New York,2332
2016-05-22,37.436713334936584,New York,2333
2016-05-23,38.11021004226542,New York,2334
2016-05-24,48.76731551880553,New York,2335
2016-05-25,43.488952706364415,New York,2336
2016-05-26,47.018859271155264,New York,2337
2016-05-27,50.39940666912306,New York,2338
2016-05-28,64.94325673068212,New York,2339
2016-05-29,75.66516941196998,New York,2340
2016-05-30,38.03973638424565,New York,2341
2016-05-31,42.57312141945066,New York,2342
2016-06-01,53.26365824866166,New York,2343
2016-06-02,62.35989774209592,New York,2344
2016-06-03,55.394409685221206,New York,2345
2016-06-04,63.13239434600517,New York,2346
2016-06-05,42.50501079351962,New York,2347
2016-06-06,46.435743316914724,New York,2348
2016-06-07,58.94496743349021,New York,2349
2016-06-08,36.04062031456531,New York,2350
2016-06-09,50.260070503458465,New York,2351
2016-06-10,56.57736196949043,New York,2352
2016-06-11,52.34977880577468,New York,2353
2016-06-12,68.5372332522719,New York,2354
2016-06-13,44.96753279393624,New York,2355
2016-06-14,45.75177810285804,New York,2356
2016-06-15,46.63213302351229,New York,2357
2016-06-16,55.9310857376552,New York,2358
2016-06-17,50.99984470364405,New York,2359
2016-06-18,58.22272105376719,New York,2360
2016-06-19,34.778725324662076,New York,2361
2016-06-20,53.552944239576014,New York,2362
2016-06-21,48.62816048479552,New York,2363
2016-06-22,55.44496359631826,New York,2364
2016-06-23,41.868440394651365,New York,2365
2016-06-24,58.48795641129104,New York,2366
2016-06-25,44.65017691172543,New York,2367
2016-06-26,70.39998003252583,New York,2368
2016-06-27,31.130070338623476,New York,2369
2016-06-28,39.69777397307228,New York,2370
2016-06-29,42.30260324577031,New York,2371
2016-06-30,49.46958835559565,New York,2372
2016-07-01,48.658938662108994,New York,2373
2016-07-02,64.57818158850736,New York,2374
2016-07-03,45.49370122419307,New York,2375
2016-07-04,55.12728615176453,New York,2376
2016-07-05,39.5599157126207,New York,2377
2016-07-06,42.873540092124685,New York,2378
2016-07-07,39.97198433630954,New York,2379
2016-07-08,50.95298041899969,New York,2380
2016-07-09,48.69711457200439,New York,2381
2016-07-10,31.495364999637054,New York,2382
2016-07-11,61.91073660824782,New York,2383
2016-07-12,49.28130167113771,New York,2384
2016-07-13,39.2141656514017,New York,2385
2016-07-14,45.72243684613893,New York,2386
2016-07-15,41.55167698048098,New York,2387
2016-07-16,35.9630375058488,New York,2388
2016-07-17,45.492379905378534,New York,2389
2016-07-18,36.60351208299754,New York,2390
2016-07-19,55.42794467774847,New York,2391
2016-07-20,58.64102798042882,New York,2392
2016-07-21,35.04945554134096,New York,2393
2016-07-22,28.428704859491614,New York,2394
2016-07-23,41.46132260310282,New York,2395
2016-07-24,32.599009427544125,New York,2396
2016-07-25,30.455665424949203,New York,2397
2016-07-26,54.23268716444156,New York,2398
2016-07-27,40.18414008905023,New York,2399
2016-07-28,56.623020218421956,New York,2400
2016-07-29,59.66163687505799,New York,2401
2016-07-30,39.37985738190113,New York,2402
2016-07-31,26.626732085224134,New York,2403
2016-08-01,42.69413925609472,New York,2404
2016-08-02,43.85675454944933,New York,2405
2016-08-03,66.80594528846999,New York,2406
2016-08-04,35.72241580230335,New York,2407
2016-08-05,43.89473602254214,New York,2408
2016-08-06,37.19961335937226,New York,2409
2016-08-07,39.95779069239609,New York,2410
2016-08-08,24.502718947634897,New York,2411
2016-08-09,38.63766103333236,New York,2412
2016-08-10,24.154349695069214,New York,2413
2016-08-11,23.17466977692017,New York,2414
2016-08-12,28.896649767968718,New York,2415
2016-08-13,24.342289650482456,New York,2416
2016-08-14,44.99144248759105,New York,2417
2016-08-15,40.95656159245036,New York,2418
2016-08-16,40.91480218380926,New York,2419
2016-08-17,31.404736850563836,New York,2420
2016-08-18,33.40681956039259,New York,2421
2016-08-19,47.695831483666844,New York,2422
2016-08-20,47.14877192153806,New York,2423
2016-08-21,31.993431090618387,New York,2424
2016-08-22,40.85869298197658,New York,2425
2016-08-23,55.075764359921706,New York,2426
2016-08-24,23.057629345170568,New York,2427
2016-08-25,26.95129354399019,New York,2428
2016-08-26,45.15252757306839,New York,2429
2016-08-27,51.364050056084125,New York,2430
2016-08-28,39.60803874983725,New York,2431
2016-08-29,49.04686190322293,New York,2432
2016-08-30,37.180969332697956,New York,2433
2016-08-31,23.223360172614626,New York,2434
2016-09-01,43.49152340538486,New York,2435
2016-09-02,52.555711713613306,New York,2436
2016-09-03,34.010702989338796,New York,2437
2016-09-04,38.198821320649905,New York,2438
2016-09-05,39.31001132581532,New York,2439
2016-09-06,34.86082031281391,New York,2440
2016-09-07,37.764526128688615,New York,2441
2016-09-08,36.00339407765611,New York,2442
2016-09-09,38.00756007872184,New York,2443
2016-09-10,48.626066150724924,New York,2444
2016-09-11,48.290805760282524,New York,2445
2016-09-12,34.60155809664923,New York,2446
2016-09-13,16.00516957138529,New York,2447
2016-09-14,9.020248864756809,New York,2448
2016-09-15,45.991513002124975,New York,2449
2016-09-16,65.94824895595235,New York,2450
2016-09-17,47.56988904969238,New York,2451
2016-09-18,51.47937738054624,New York,2452
2016-09-19,23.566559651100125,New York,2453
2016-09-20,27.50507739984278,New York,2454
2016-09-21,28.230165388761502,New York,2455
2016-09-22,36.42331730659355,New York,2456
2016-09-23,29.65178734421461,New York,2457
2016-09-24,36.910954046731206,New York,2458
2016-09-25,38.56391497792755,New York,2459
2016-09-26,50.190937571774484,New York,2460
2016-09-27,35.48870310510488,New York,2461
2016-09-28,22.770258108033325,New York,2462
2016-09-29,41.948492149121506,New York,2463
2016-09-30,39.4970483360284,New York,2464
2016-10-01,38.566076278608946,New York,2465
2016-10-02,38.70788451873754,New York,2466
2016-10-03,37.69878541767923,New York,2467
2016-10-04,44.90869161159579,New York,2468
2016-10-05,47.83885315411049,New York,2469
2016-10-06,35.42123344858511,New York,2470
2016-10-07,55.77645353065715,New York,2471
2016-10-08,31.566404100452235,New York,2472
2016-10-09,44.74611259113814,New York,2473
2016-10-10,31.529171221303518,New York,2474
2016-10-11,21.473861870453874,New York,2475
2016-10-12,42.904313697200095,New York,2476
2016-10-13,37.9740210855738,New York,2477
2016-10-14,33.19019102372609,New York,2478
2016-10-15,48.24600194770396,New York,2479
2016-10-16,53.649959315769074,New York,2480
2016-10-17,52.04447141915455,New York,2481
2016-10-18,40.6816872237479,New York,2482
2016-10-19,50.335027506939184,New York,2483
2016-10-20,39.42970200034408,New York,2484
2016-10-21,29.089490094610554,New York,2485
2016-10-22,44.31985155522298,New York,2486
2016-10-23,33.27025450773908,New York,2487
2016-10-24,45.34503651022298,New York,2488
2016-10-25,41.29774841325423,New York,2489
2016-10-26,52.6469596097049,New York,2490
2016-10-27,44.651380497535726,New York,2491
2016-10-28,6.107549348160234,New York,2492
2016-10-29,38.21309023350586,New York,2493
2016-10-30,47.606033634551586,New York,2494
2016-10-31,35.972496365026764,New York,2495
2016-11-01,29.23380214703736,New York,2496
2016-11-02,42.32456332452399,New York,2497
2016-11-03,41.28475807134207,New York,2498
2016-11-04,27.57663383693149,New York,2499
2016-11-05,38.7406723669711,New York,2500
2016-11-06,39.16519618798689,New York,2501
2016-11-07,35.8866070953167,New York,2502
2016-11-08,39.91007833738207,New York,2503
2016-11-09,37.3164487509232,New York,2504
2016-11-10,39.161486040696204,New York,2505
2016-11-11,37.99044139787895,New York,2506
2016-11-12,34.18770752681175,New York,2507
2016-11-13,35.155493499049534,New York,2508
2016-11-14,47.067396381890084,New York,2509
2016-11-15,57.92346738340558,New York,2510
2016-11-16,21.90282062088,New York,2511
2016-11-17,27.912110585651426,New York,2512
2016-11-18,42.45129121297419,New York,2513
2016-11-19,31.83807688437247,New York,2514
2016-11-20,31.11343413025964,New York,2515
2016-11-21,41.57190464260728,New York,2516
2016-11-22,34.214858434557684,New York,2517
2016-11-23,52.67518693304442,New York,2518
2016-11-24,39.98494689498468,New York,2519
2016-11-25,47.698232362224054,New York,2520
2016-11-26,45.108616887294794,New York,2521
2016-11-27,51.23022388881979,New York,2522
2016-11-28,50.03498546512307,New York,2523
2016-11-29,49.50145259294192,New York,2524
2016-11-30,20.76894874472935,New York,2525
2016-12-01,45.501419526498694,New York,2526
2016-12-02,44.462960367011455,New York,2527
2016-12-03,36.94458472768025,New York,2528
2016-12-04,36.07435249580362,New York,2529
2016-12-05,37.78911509958457,New York,2530
2016-12-06,35.41385329334544,New York,2531
2016-12-07,59.244152699256624,New York,2532
2016-12-08,44.811216852830604,New York,2533
2016-12-09,27.60403159710158,New York,2534
2016-12-10,56.947562506266564,New York,2535
2016-12-11,31.683723240405193,New York,2536
2016-12-12,39.82724247645646,New York,2537
2016-12-13,47.28542171626291,New York,2538
2016-12-14,35.36168320041878,New York,2539
2016-12-15,52.760490994593226,New York,2540
2016-12-16,31.355734910165317,New York,2541
2016-12-17,48.067572415297086,New York,2542
2016-12-18,61.113669331548905,New York,2543
2016-12-19,49.434975263443434,New York,2544
2016-12-20,51.88235404767896,New York,2545
2016-12-21,51.537329632301066,New York,2546
2016-12-22,46.26002629822031,New York,2547
2016-12-23,20.944885928889835,New York,2548
2016-12-24,47.13348159445878,New York,2549
2016-12-25,41.31055419535456,New York,2550
2016-12-26,43.74295225703195,New York,2551
2016-12-27,62.334580112292336,New York,2552
2016-12-28,44.639440786432424,New York,2553
2016-12-29,38.53794315444222,New York,2554
2016-12-30,57.52517054751761,New York,2555
2016-12-31,52.86812626140002,New York,2556
2017-01-01,43.50411466391687,New York,2557
2017-01-02,45.42385343573282,New York,2558
2017-01-03,53.185429490329376,New York,2559
2017-01-04,64.90368366419433,New York,2560
2017-01-05,58.61889614156498,New York,2561
2017-01-06,47.16281116523348,New York,2562
2017-01-07,37.437642207245666,New York,2563
2017-01-08,40.38474034018949,New York,2564
2017-01-09,47.53788105684897,New York,2565
2017-01-10,48.26440526890947,New York,2566
2017-01-11,51.60763075581004,New York,2567
2017-01-12,48.26700962583787,New York,2568
2017-01-13,57.09582021482059,New York,2569
2017-01-14,55.67641885022979,New York,2570
2017-01-15,55.36110453608052,New York,2571
2017-01-16,40.02050989598442,New York,2572
2017-01-17,45.62458999173194,New York,2573
2017-01-18,61.548072419667236,New York,2574
2017-01-19,59.97500466300357,New York,2575
2017-01-20,55.27132667553916,New York,2576
2017-01-21,68.30800193158322,New York,2577
2017-01-22,66.32661341820378,New York,2578
2017-01-23,59.622956682911166,New York,2579
2017-01-24,26.75973791694374,New York,2580
2017-01-25,52.56634845218694,New York,2581
2017-01-26,52.1247750155952,New York,2582
2017-01-27,55.63594767572573,New York,2583
2017-01-28,58.83604645663832,New York,2584
2017-01-29,45.878885570396804,New York,2585
2017-01-30,40.899173423192124,New York,2586
2017-01-31,57.60780453387664,New York,2587
2017-02-01,60.70046968477812,New York,2588
2017-02-02,57.03840286472921,New York,2589
2017-02-03,44.932547492532805,New York,2590
2017-02-04,57.62252349558225,New York,2591
2017-02-05,54.9501226515286,New York,2592
2017-02-06,48.07307461610536,New York,2593
2017-02-07,46.26778214913109,New York,2594
2017-02-08,61.78215584576301,New York,2595
2017-02-09,58.68469161924487,New York,2596
2017-02-10,49.76656393671419,New York,2597
2017-02-11,36.71489262824458,New York,2598
2017-02-12,43.93478684083099,New York,2599
2017-02-13,43.06822218812785,New York,2600
2017-02-14,57.285353621989856,New York,2601
2017-02-15,70.33237156754514,New York,2602
2017-02-16,47.0609634455575,New York,2603
2017-02-17,68.28013417481148,New York,2604
2017-02-18,59.385444008413195,New York,2605
2017-02-19,57.190118136304164,New York,2606
2017-02-20,85.39283118297469,New York,2607
2017-02-21,58.113697993129485,New York,2608
2017-02-22,50.18759659582792,New York,2609
2017-02-23,62.590509457868386,New York,2610
2017-02-24,54.465396193316366,New York,2611
2017-02-25,58.90598565955394,New York,2612
2017-02-26,55.60522318173361,New York,2613
2017-02-27,56.18974605926484,New York,2614
2017-02-28,73.7376836664726,New York,2615
2017-03-01,51.756072032151486,New York,2616
2017-03-02,48.227302235288434,New York,2617
2017-03-03,60.605961587059234,New York,2618
2017-03-04,47.34220996427469,New York,2619
2017-03-05,54.369061440906556,New York,2620
2017-03-06,64.95091369452035,New York,2621
2017-03-07,61.602440194232045,New York,2622
2017-03-08,61.7362108429908,New York,2623
2017-03-09,38.479558319714045,New York,2624
2017-03-10,47.58714321783314,New York,2625
2017-03-11,49.36277318222522,New York,2626
2017-03-12,70.96411036796974,New York,2627
2017-03-13,71.29276943986504,New York,2628
2017-03-14,60.435761214295496,New York,2629
2017-03-15,49.96541382788067,New York,2630
2017-03-16,76.21570595621313,New York,2631
2017-03-17,61.689948985339356,New York,2632
2017-03-18,41.859679721209716,New York,2633
2017-03-19,47.72421159597259,New York,2634
2017-03-20,56.89245937983571,New York,2635
2017-03-21,50.5652217119512,New York,2636
2017-03-22,60.59793060843118,New York,2637
2017-03-23,56.8406483096975,New York,2638
2017-03-24,45.414073587812645,New York,2639
2017-03-25,55.45499861394246,New York,2640
2017-03-26,66.61922449745495,New York,2641
2017-03-27,61.47193603609736,New York,2642
2017-03-28,60.527152735247036,New York,2643
2017-03-29,31.325917171944436,New York,2644
2017-03-30,50.258911530166635,New York,2645
2017-03-31,52.633555965105444,New York,2646
2017-04-01,50.00191434675473,New York,2647
2017-04-02,57.7583652053659,New York,2648
2017-04-03,67.1514710632075,New York,2649
2017-04-04,72.4086917183915,New York,2650
2017-04-05,66.14036422062344,New York,2651
2017-04-06,64.95876856697326,New York,2652
2017-04-07,40.49715340238523,New York,2653
2017-04-08,58.246131976290044,New York,2654
2017-04-09,69.31234361391466,New York,2655
2017-04-10,35.91643521864134,New York,2656
2017-04-11,54.77726338520814,New York,2657
2017-04-12,53.952905884837364,New York,2658
2017-04-13,58.1705323368289,New York,2659
2017-04-14,53.75935721733798,New York,2660
2017-04-15,43.331666233049326,New York,2661
2017-04-16,53.82331591889211,New York,2662
2017-04-17,50.14413356032295,New York,2663
2017-04-18,53.516702976145325,New York,2664
2017-04-19,63.65621443061483,New York,2665
2017-04-20,57.835472543422554,New York,2666
2017-04-21,62.85639500218214,New York,2667
2017-04-22,56.76939699643024,New York,2668
2017-04-23,53.34472489058103,New York,2669
2017-04-24,59.75240435602391,New York,2670
2017-04-25,52.67633478068224,New York,2671
2017-04-26,58.876316070521646,New York,2672
2017-04-27,48.0868224214235,New York,2673
2017-04-28,51.696650286670845,New York,2674
2017-04-29,49.09593458388745,New York,2675
2017-04-30,64.64391199356265,New York,2676
2017-05-01,59.2687008549507,New York,2677
2017-05-02,48.593545114765945,New York,2678
2017-05-03,59.59256819455816,New York,2679
2017-05-04,45.19082447690723,New York,2680
2017-05-05,59.40260418202889,New York,2681
2017-05-06,59.07679860227991,New York,2682
2017-05-07,46.13094392547921,New York,2683
2017-05-08,68.88117532542908,New York,2684
2017-05-09,33.17428524123508,New York,2685
2017-05-10,48.06746953535684,New York,2686
2017-05-11,54.44530347275635,New York,2687
2017-05-12,53.359151152394475,New York,2688
2017-05-13,70.30566827620208,New York,2689
2017-05-14,72.66830688601803,New York,2690
2017-05-15,48.838114757970075,New York,2691
2017-05-16,54.56050543043216,New York,2692
2017-05-17,52.16644443447609,New York,2693
2017-05-18,70.98184572296302,New York,2694
2017-05-19,40.623461307787466,New York,2695
2017-05-20,63.08583008208097,New York,2696
2017-05-21,44.68850890911203,New York,2697
2017-05-22,45.11939075275884,New York,2698
2017-05-23,61.729314123202464,New York,2699
2017-05-24,36.99224568622385,New York,2700
2017-05-25,48.815141748707774,New York,2701
2017-05-26,54.838185115478296,New York,2702
2017-05-27,67.67799728903415,New York,2703
2017-05-28,32.91626009195777,New York,2704
2017-05-29,53.417249350696515,New York,2705
2017-05-30,46.89417397518602,New York,2706
2017-05-31,51.56889980323142,New York,2707
2017-06-01,74.96983282298041,New York,2708
2017-06-02,58.86851774913036,New York,2709
2017-06-03,46.18194442975218,New York,2710
2017-06-04,51.00963096213675,New York,2711
2017-06-05,60.320739186233624,New York,2712
2017-06-06,56.35699656028473,New York,2713
2017-06-07,42.226011502370966,New York,2714
2017-06-08,43.04382275163377,New York,2715
2017-06-09,44.618682888964294,New York,2716
2017-06-10,45.83618108723099,New York,2717
2017-06-11,42.22352299824065,New York,2718
2017-06-12,39.54307473325379,New York,2719
2017-06-13,19.69423310155504,New York,2720
2017-06-14,53.886266463939705,New York,2721
2017-06-15,41.20529244367877,New York,2722
2017-06-16,50.55580521437625,New York,2723
2017-06-17,51.27242770639437,New York,2724
2017-06-18,48.46829604455559,New York,2725
2017-06-19,40.186411512161584,New York,2726
2017-06-20,45.2651902224415,New York,2727
2017-06-21,65.11629755909445,New York,2728
2017-06-22,46.22986504656922,New York,2729
2017-06-23,52.11755816620347,New York,2730
2017-06-24,52.37942315455749,New York,2731
2017-06-25,46.415494263578864,New York,2732
2017-06-26,46.124364864100905,New York,2733
2017-06-27,42.390280162458176,New York,2734
2017-06-28,50.31835854313549,New York,2735
2017-06-29,40.28448026411788,New York,2736
2017-06-30,34.37126273255947,New York,2737
2017-07-01,63.578915004034,New York,2738
2017-07-02,45.12070923431003,New York,2739
2017-07-03,42.05541098809048,New York,2740
2017-07-04,53.123520629984675,New York,2741
2017-07-05,49.9980460920372,New York,2742
2017-07-06,47.958270590069304,New York,2743
2017-07-07,71.78666071896797,New York,2744
2017-07-08,39.017059422481495,New York,2745
2017-07-09,39.60399212718933,New York,2746
2017-07-10,43.16670272103361,New York,2747
2017-07-11,46.934659434296314,New York,2748
2017-07-12,38.77078181001083,New York,2749
2017-07-13,52.42443632312654,New York,2750
2017-07-14,49.10774169097378,New York,2751
2017-07-15,64.21002008531408,New York,2752
2017-07-16,42.96207512005913,New York,2753
2017-07-17,56.366765376339345,New York,2754
2017-07-18,36.38187153338077,New York,2755
2017-07-19,35.8420383941375,New York,2756
2017-07-20,56.71836899719678,New York,2757
2017-07-21,42.26708820058277,New York,2758
2017-07-22,32.6202829642897,New York,2759
2017-07-23,59.266223902249685,New York,2760
2017-07-24,62.15580919347555,New York,2761
2017-07-25,39.75179773808249,New York,2762
2017-07-26,73.00219884330642,New York,2763
2017-07-27,45.59335544077304,New York,2764
2017-07-28,27.485408640566746,New York,2765
2017-07-29,45.937184916325286,New York,2766
2017-07-30,28.748575997989427,New York,2767
2017-07-31,24.565571857063514,New York,2768
2017-08-01,37.3969898050074,New York,2769
2017-08-02,41.894233508525446,New York,2770
2017-08-03,39.72623881579247,New York,2771
2017-08-04,48.274498735556705,New York,2772
2017-08-05,35.51579621936331,New York,2773
2017-08-06,44.57774139471151,New York,2774
2017-08-07,45.700669880018495,New York,2775
2017-08-08,62.46872109054641,New York,2776
2017-08-09,49.4187532455,New York,2777
2017-08-10,39.810254106461684,New York,2778
2017-08-11,38.60074704131446,New York,2779
2017-08-12,30.427669424949542,New York,2780
2017-08-13,36.95971645493546,New York,2781
2017-08-14,42.63069817094323,New York,2782
2017-08-15,41.447603201544624,New York,2783
2017-08-16,38.09587160641226,New York,2784
2017-08-17,43.23508883995551,New York,2785
2017-08-18,28.626029065929522,New York,2786
2017-08-19,52.17244040635698,New York,2787
2017-08-20,15.998077090405651,New York,2788
2017-08-21,49.00601417551712,New York,2789
2017-08-22,35.54076092422861,New York,2790
2017-08-23,18.59847689053907,New York,2791
2017-08-24,37.83714942420982,New York,2792
2017-08-25,49.438861625397536,New York,2793
2017-08-26,40.491964364839866,New York,2794
2017-08-27,50.90700374241862,New York,2795
2017-08-28,37.227673487536215,New York,2796
2017-08-29,40.06373355311275,New York,2797
2017-08-30,42.92302311923679,New York,2798
2017-08-31,41.505689813493404,New York,2799
2017-09-01,52.466237906967606,New York,2800
2017-09-02,27.478930117884662,New York,2801
2017-09-03,30.498377287892986,New York,2802
2017-09-04,35.382419498581086,New York,2803
2017-09-05,31.004468053098588,New York,2804
2017-09-06,45.816034240194924,New York,2805
2017-09-07,23.187747761868945,New York,2806
2017-09-08,40.193644863351146,New York,2807
2017-09-09,21.264972131607514,New York,2808
2017-09-10,30.799308615839415,New York,2809
2017-09-11,38.87519150895541,New York,2810
2017-09-12,30.849451291595713,New York,2811
2017-09-13,41.25553028374001,New York,2812
2017-09-14,39.71642358189206,New York,2813
2017-09-15,39.67357901222223,New York,2814
2017-09-16,59.41113725617224,New York,2815
2017-09-17,20.197479462163777,New York,2816
2017-09-18,45.01674043618604,New York,2817
2017-09-19,41.88939335073084,New York,2818
2017-09-20,10.093613887914035,New York,2819
2017-09-21,39.218039488865834,New York,2820
2017-09-22,35.59996681867755,New York,2821
2017-09-23,34.87600614035979,New York,2822
2017-09-24,21.177583845721635,New York,2823
2017-09-25,11.308817776172862,New York,2824
2017-09-26,20.88113472658557,New York,2825
2017-09-27,28.323783534583065,New York,2826
2017-09-28,27.284424339580376,New York,2827
2017-09-29,47.937983021966666,New York,2828
2017-09-30,40.78807529048423,New York,2829
2017-10-01,17.42864242021554,New York,2830
2017-10-02,44.65561063132381,New York,2831
2017-10-03,34.757652851314575,New York,2832
2017-10-04,30.250300344480316,New York,2833
2017-10-05,37.97791248756922,New York,2834
2017-10-06,40.29632336561663,New York,2835
2017-10-07,25.88507338617164,New York,2836
2017-10-08,43.26802967870403,New York,2837
2017-10-09,43.33972533103671,New York,2838
2017-10-10,36.66541411579465,New York,2839
2017-10-11,41.38866182824205,New York,2840
2017-10-12,25.515867932564586,New York,2841
2017-10-13,29.67698036217718,New York,2842
2017-10-14,45.11295990781599,New York,2843
2017-10-15,46.07946853854871,New York,2844
2017-10-16,50.161834361727735,New York,2845
2017-10-17,25.35286252094395,New York,2846
2017-10-18,28.074202149035557,New York,2847
2017-10-19,44.274054746731885,New York,2848
2017-10-20,24.57121749894602,New York,2849
2017-10-21,38.56715840502129,New York,2850
2017-10-22,38.62806613627081,New York,2851
2017-10-23,44.078990150516695,New York,2852
2017-10-24,47.64125921237276,New York,2853
2017-10-25,36.336515661579945,New York,2854
2017-10-26,31.064436411484422,New York,2855
2017-10-27,33.07419098090343,New York,2856
2017-10-28,14.445480564426703,New York,2857
2017-10-29,36.86668695290166,New York,2858
2017-10-30,49.50909758675125,New York,2859
2017-10-31,41.71288011626993,New York,2860
2017-11-01,44.47073717312113,New York,2861
2017-11-02,51.83872316276397,New York,2862
2017-11-03,38.10576335596772,New York,2863
2017-11-04,37.27767932575009,New York,2864
2017-11-05,23.30511535855594,New York,2865
2017-11-06,18.849626150534796,New York,2866
2017-11-07,35.33587388870474,New York,2867
2017-11-08,36.19193600003514,New York,2868
2017-11-09,55.50525455050929,New York,2869
2017-11-10,44.86957689404279,New York,2870
2017-11-11,38.92018085602798,New York,2871
2017-11-12,62.16302755921106,New York,2872
2017-11-13,31.789125291556214,New York,2873
2017-11-14,61.86143430942924,New York,2874
2017-11-15,21.900880982999062,New York,2875
2017-11-16,55.17309060429047,New York,2876
2017-11-17,43.10024757793884,New York,2877
2017-11-18,32.41804141052604,New York,2878
2017-11-19,38.09109020993901,New York,2879
2017-11-20,30.195290607208655,New York,2880
2017-11-21,40.13154083138465,New York,2881
2017-11-22,65.07190118569707,New York,2882
2017-11-23,43.210723721162914,New York,2883
2017-11-24,53.06633138432946,New York,2884
2017-11-25,59.50862498391276,New York,2885
2017-11-26,40.0932844525077,New York,2886
2017-11-27,30.996463636298852,New York,2887
2017-11-28,39.400013370225174,New York,2888
2017-11-29,56.12821442728496,New York,2889
2017-11-30,39.482645828823706,New York,2890
2017-12-01,41.83051824659407,New York,2891
2017-12-02,34.04777892209562,New York,2892
2017-12-03,49.373147602160074,New York,2893
2017-12-04,28.431768062568725,New York,2894
2017-12-05,51.186493784281055,New York,2895
2017-12-06,60.487049563989174,New York,2896
2017-12-07,32.791329465009056,New York,2897
2017-12-08,49.25767705773808,New York,2898
2017-12-09,41.07715097962858,New York,2899
2017-12-10,30.914514972977138,New York,2900
2017-12-11,40.64196721732991,New York,2901
2017-12-12,33.194066889366894,New York,2902
2017-12-13,36.01380598154404,New York,2903
2017-12-14,28.993223503824247,New York,2904
2017-12-15,45.06533320732865,New York,2905
2017-12-16,42.31696523707556,New York,2906
2017-12-17,41.22642023995622,New York,2907
2017-12-18,34.080637919452215,New York,2908
2017-12-19,47.75138071249101,New York,2909
2017-12-20,44.68744825313952,New York,2910
2017-12-21,47.2269130253809,New York,2911
2017-12-22,48.47644255087561,New York,2912
2017-12-23,56.026431355149725,New York,2913
2017-12-24,58.93948204682187,New York,2914
2017-12-25,39.93917400583094,New York,2915
2017-12-26,44.0334104801552,New York,2916
2017-12-27,41.8166750731526,New York,2917
2017-12-28,56.179812297814536,New York,2918
2017-12-29,33.18432699756171,New York,2919
2017-12-30,46.11745575338694,New York,2920
2017-12-31,52.38442382758771,New York,2921
2018-01-01,58.302147707559016,New York,2922
2018-01-02,43.500661090343016,New York,2923
2018-01-03,55.99832405379759,New York,2924
2018-01-04,51.02437891834738,New York,2925
2018-01-05,50.32914269739318,New York,2926
2018-01-06,35.47051122573269,New York,2927
2018-01-07,56.001874181309304,New York,2928
2018-01-08,47.73238801399456,New York,2929
2018-01-09,53.88894330839202,New York,2930
2018-01-10,48.17584574859537,New York,2931
2018-01-11,40.13436708335335,New York,2932
2018-01-12,36.887868294545584,New York,2933
2018-01-13,58.94053490310842,New York,2934
2018-01-14,45.627333862538215,New York,2935
2018-01-15,31.878147548555987,New York,2936
2018-01-16,61.57783506383534,New York,2937
2018-01-17,59.730190840261386,New York,2938
2018-01-18,42.35168588504934,New York,2939
2018-01-19,59.06676663492255,New York,2940
2018-01-20,50.11748224120062,New York,2941
2018-01-21,66.19364730121006,New York,2942
2018-01-22,43.883616833713575,New York,2943
2018-01-23,40.627471688691,New York,2944
2018-01-24,37.126883785644566,New York,2945
2018-01-25,57.945810762248804,New York,2946
2018-01-26,50.08414392279378,New York,2947
2018-01-27,49.47865708904104,New York,2948
2018-01-28,25.22365851673238,New York,2949
2018-01-29,65.02592046352126,New York,2950
2018-01-30,48.95053349560124,New York,2951
2018-01-31,49.58022924411238,New York,2952
2018-02-01,49.44785857881792,New York,2953
2018-02-02,49.04250410562379,New York,2954
2018-02-03,46.569216937247724,New York,2955
2018-02-04,59.24461493962416,New York,2956
2018-02-05,57.49953309591811,New York,2957
2018-02-06,34.631296267908596,New York,2958
2018-02-07,37.329415136844375,New York,2959
2018-02-08,58.73526880774098,New York,2960
2018-02-09,66.4556039648069,New York,2961
2018-02-10,43.94425570681705,New York,2962
2018-02-11,56.24809995366597,New York,2963
2018-02-12,44.67949712245432,New York,2964
2018-02-13,50.25205568101985,New York,2965
2018-02-14,54.35572179650501,New York,2966
2018-02-15,73.47221780402494,New York,2967
2018-02-16,60.525137112079705,New York,2968
2018-02-17,43.62067786231924,New York,2969
2018-02-18,53.01054960157066,New York,2970
2018-02-19,68.03548669138644,New York,2971
2018-02-20,62.067564046997134,New York,2972
2018-02-21,53.95285318622453,New York,2973
2018-02-22,26.116913298206594,New York,2974
2018-02-23,64.14702116399388,New York,2975
2018-02-24,57.227257284791165,New York,2976
2018-02-25,61.53108760665558,New York,2977
2018-02-26,68.3900566702822,New York,2978
2018-02-27,46.349665446739806,New York,2979
2018-02-28,53.68422627793811,New York,2980
2018-03-01,42.565498319034596,New York,2981
2018-03-02,62.829892190132654,New York,2982
2018-03-03,51.78698051542371,New York,2983
2018-03-04,46.62947511258051,New York,2984
2018-03-05,44.193360799872764,New York,2985
2018-03-06,71.14650262407329,New York,2986
2018-03-07,57.471109016576435,New York,2987
2018-03-08,39.21722229265062,New York,2988
2018-03-09,56.28457856688238,New York,2989
2018-03-10,48.14082284269643,New York,2990
2018-03-11,45.62384142730499,New York,2991
2018-03-12,61.24482849393434,New York,2992
2018-03-13,56.021278969011355,New York,2993
2018-03-14,69.02764079456551,New York,2994
2018-03-15,65.40683902627775,New York,2995
2018-03-16,72.45899182532693,New York,2996
2018-03-17,58.644293137084,New York,2997
2018-03-18,44.62928475525813,New York,2998
2018-03-19,50.15635133425086,New York,2999
2018-03-20,55.740202854593655,New York,3000
2018-03-21,66.31346413323192,New York,3001
2018-03-22,51.52782235575567,New York,3002
2018-03-23,43.446733387057066,New York,3003
2018-03-24,58.676348688133416,New York,3004
2018-03-25,64.48679962414816,New York,3005
2018-03-26,66.85781272629897,New York,3006
2018-03-27,41.03509597918293,New York,3007
2018-03-28,61.667392621937374,New York,3008
2018-03-29,32.67336943882856,New York,3009
2018-03-30,56.24265316990426,New York,3010
2018-03-31,67.37434563310237,New York,3011
2018-04-01,52.89595250589384,New York,3012
2018-04-02,49.12919488140432,New York,3013
2018-04-03,40.88754894262423,New York,3014
2018-04-04,69.34374313620283,New York,3015
2018-04-05,67.53314659107492,New York,3016
2018-04-06,81.3976969132807,New York,3017
2018-04-07,36.66715135512434,New York,3018
2018-04-08,41.989970831149336,New York,3019
2018-04-09,55.184800779829644,New York,3020
2018-04-10,67.15157494231629,New York,3021
2018-04-11,44.86033462849558,New York,3022
2018-04-12,39.93281338137641,New York,3023
2018-04-13,57.560139211831796,New York,3024
2018-04-14,50.79461002682033,New York,3025
2018-04-15,48.027027647686836,New York,3026
2018-04-16,29.15077132829426,New York,3027
2018-04-17,66.51556279909232,New York,3028
2018-04-18,47.997538052239534,New York,3029
2018-04-19,42.75137970012086,New York,3030
2018-04-20,58.29520611229862,New York,3031
2018-04-21,84.63003129692225,New York,3032
2018-04-22,19.64013443112036,New York,3033
2018-04-23,65.84210834748853,New York,3034
2018-04-24,61.35528351568866,New York,3035
2018-04-25,77.86925555043764,New York,3036
2018-04-26,55.17606691705603,New York,3037
2018-04-27,45.80631009063053,New York,3038
2018-04-28,55.714335995707515,New York,3039
2018-04-29,61.26996399222349,New York,3040
2018-04-30,42.68564456232084,New York,3041
2018-05-01,63.10579254100348,New York,3042
2018-05-02,64.19036806458615,New York,3043
2018-05-03,47.035065848514286,New York,3044
2018-05-04,42.15693202706302,New York,3045
2018-05-05,50.364369615712974,New York,3046
2018-05-06,55.39642241940289,New York,3047
2018-05-07,53.61407286120258,New York,3048
2018-05-08,43.278108201269234,New York,3049
2018-05-09,47.006427421739076,New York,3050
2018-05-10,61.03788166852521,New York,3051
2018-05-11,50.60932920923858,New York,3052
2018-05-12,50.026743110810656,New York,3053
2018-05-13,58.6701144837431,New York,3054
2018-05-14,46.68675167238529,New York,3055
2018-05-15,51.1671197745131,New York,3056
2018-05-16,51.582917647499606,New York,3057
2018-05-17,60.047306060467356,New York,3058
2018-05-18,69.64330223508644,New York,3059
2018-05-19,64.53308273984334,New York,3060
2018-05-20,47.32854064159007,New York,3061
2018-05-21,40.191454663239924,New York,3062
2018-05-22,62.70149352097991,New York,3063
2018-05-23,40.16122768416666,New York,3064
2018-05-24,38.772876806647275,New York,3065
2018-05-25,67.54089619282315,New York,3066
2018-05-26,54.34762245084193,New York,3067
2018-05-27,43.92946432226885,New York,3068
2018-05-28,57.1094745119312,New York,3069
2018-05-29,54.05343986842894,New York,3070
2018-05-30,49.993389870740664,New York,3071
2018-05-31,72.6279826703428,New York,3072
2018-06-01,41.93027090161805,New York,3073
2018-06-02,50.62971767665222,New York,3074
2018-06-03,51.99587754501528,New York,3075
2018-06-04,59.7660192333972,New York,3076
2018-06-05,51.35581342078696,New York,3077
2018-06-06,53.85464402790572,New York,3078
2018-06-07,57.87379399092982,New York,3079
2018-06-08,44.97836062504954,New York,3080
2018-06-09,43.362527849718965,New York,3081
2018-06-10,37.11136755751529,New York,3082
2018-06-11,46.71233725637314,New York,3083
2018-06-12,36.89065567879993,New York,3084
2018-06-13,45.95471476368173,New York,3085
2018-06-14,57.077489506084206,New York,3086
2018-06-15,56.48511223376032,New York,3087
2018-06-16,59.96903693628881,New York,3088
2018-06-17,39.18688944169468,New York,3089
2018-06-18,32.08477797050109,New York,3090
2018-06-19,59.5236576666391,New York,3091
2018-06-20,41.956103967346806,New York,3092
2018-06-21,53.08030502930987,New York,3093
2018-06-22,58.63488941101039,New York,3094
2018-06-23,39.64449969733554,New York,3095
2018-06-24,62.07855215641534,New York,3096
2018-06-25,58.41823662619351,New York,3097
2018-06-26,68.96558715067478,New York,3098
2018-06-27,41.55669672582861,New York,3099
2018-06-28,48.419142256974226,New York,3100
2018-06-29,71.43038591514144,New York,3101
2018-06-30,50.36329979311284,New York,3102
2018-07-01,54.89923615941881,New York,3103
2018-07-02,40.23368776911052,New York,3104
2018-07-03,47.83618803224734,New York,3105
2018-07-04,39.94185090254044,New York,3106
2018-07-05,32.81501043969669,New York,3107
2018-07-06,53.48096690593974,New York,3108
2018-07-07,25.08198201816611,New York,3109
2018-07-08,53.784665497712,New York,3110
2018-07-09,53.19943882825279,New York,3111
2018-07-10,41.130574910135365,New York,3112
2018-07-11,37.2124404671823,New York,3113
2018-07-12,59.32161934908945,New York,3114
2018-07-13,43.32031723987532,New York,3115
2018-07-14,35.18559474387138,New York,3116
2018-07-15,31.146906793359786,New York,3117
2018-07-16,53.67280627330754,New York,3118
2018-07-17,41.41943201722616,New York,3119
2018-07-18,49.67051411160972,New York,3120
2018-07-19,40.99681030347879,New York,3121
2018-07-20,53.98878157628541,New York,3122
2018-07-21,41.88052266942101,New York,3123
2018-07-22,37.60339592355999,New York,3124
2018-07-23,24.414049802046847,New York,3125
2018-07-24,51.058266931805086,New York,3126
2018-07-25,37.411154298793846,New York,3127
2018-07-26,41.06857721037094,New York,3128
2018-07-27,44.862522232928704,New York,3129
2018-07-28,53.435494767737254,New York,3130
2018-07-29,42.705061249221544,New York,3131
2018-07-30,38.2873978453951,New York,3132
2018-07-31,55.508125162826666,New York,3133
2018-08-01,52.18912886869366,New York,3134
2018-08-02,39.79940562105552,New York,3135
2018-08-03,49.76456629521313,New York,3136
2018-08-04,34.16390753542225,New York,3137
2018-08-05,29.236392151422926,New York,3138
2018-08-06,68.52300783584064,New York,3139
2018-08-07,30.875229608314662,New York,3140
2018-08-08,40.72863576541411,New York,3141
2018-08-09,41.95026098703303,New York,3142
2018-08-10,26.750354024826706,New York,3143
2018-08-11,39.95181131814008,New York,3144
2018-08-12,43.040419162324795,New York,3145
2018-08-13,34.15099460091693,New York,3146
2018-08-14,46.38689339404028,New York,3147
2018-08-15,30.076523593952764,New York,3148
2018-08-16,46.36532452622716,New York,3149
2018-08-17,32.59189297236679,New York,3150
2018-08-18,32.3974920619388,New York,3151
2018-08-19,39.05373822582599,New York,3152
2018-08-20,22.8201389239485,New York,3153
2018-08-21,45.40458488516487,New York,3154
2018-08-22,34.40345863265235,New York,3155
2018-08-23,38.10212869600414,New York,3156
2018-08-24,28.998710301369705,New York,3157
2018-08-25,60.122568250512344,New York,3158
2018-08-26,25.281645139589617,New York,3159
2018-08-27,47.916918132971276,New York,3160
2018-08-28,37.006670372585006,New York,3161
2018-08-29,35.37912510271384,New York,3162
2018-08-30,24.81780442468235,New York,3163
2018-08-31,37.94463343887562,New York,3164
2018-09-01,45.76999367231794,New York,3165
2018-09-02,28.436681760675427,New York,3166
2018-09-03,31.111912490266356,New York,3167
2018-09-04,46.78661243884172,New York,3168
2018-09-05,40.18134192475729,New York,3169
2018-09-06,29.060624731119727,New York,3170
2018-09-07,40.603546284623235,New York,3171
2018-09-08,45.43734334450511,New York,3172
2018-09-09,43.7768647897294,New York,3173
2018-09-10,47.04434737434708,New York,3174
2018-09-11,63.22131877312954,New York,3175
2018-09-12,28.208270636668438,New York,3176
2018-09-13,36.4077734054976,New York,3177
2018-09-14,25.794009063293856,New York,3178
2018-09-15,37.47815339164718,New York,3179
2018-09-16,29.004377922078554,New York,3180
2018-09-17,23.743436618216204,New York,3181
2018-09-18,36.85622296114553,New York,3182
2018-09-19,34.20506375300174,New York,3183
2018-09-20,22.84950142654322,New York,3184
2018-09-21,47.62030737045838,New York,3185
2018-09-22,25.45596351069916,New York,3186
2018-09-23,31.654816468961048,New York,3187
2018-09-24,25.704308505971106,New York,3188
2018-09-25,34.56274779703221,New York,3189
2018-09-26,27.977119573551164,New York,3190
2018-09-27,30.96422519368473,New York,3191
2018-09-28,31.795099999958822,New York,3192
2018-09-29,43.20534433098355,New York,3193
2018-09-30,36.588141284891,New York,3194
2018-10-01,21.34098269625143,New York,3195
2018-10-02,47.85571002488766,New York,3196
2018-10-03,39.50163246946232,New York,3197
2018-10-04,32.5876997984745,New York,3198
2018-10-05,39.96362944328753,New York,3199
2018-10-06,26.313827604548507,New York,3200
2018-10-07,40.89096450634086,New York,3201
2018-10-08,37.49072259971175,New York,3202
2018-10-09,44.94719891068393,New York,3203
2018-10-10,46.65143599173104,New York,3204
2018-10-11,37.176379981660695,New York,3205
2018-10-12,40.76432520231377,New York,3206
2018-10-13,41.50755419418405,New York,3207
2018-10-14,30.287167812029267,New York,3208
2018-10-15,52.82691530475725,New York,3209
2018-10-16,31.95594834578705,New York,3210
2018-10-17,33.85470069337424,New York,3211
2018-10-18,44.96574751256445,New York,3212
2018-10-19,35.50758700271038,New York,3213
2018-10-20,21.79996218514104,New York,3214
2018-10-21,32.02428868692688,New York,3215
2018-10-22,40.5249865050396,New York,3216
2018-10-23,42.271152908346714,New York,3217
2018-10-24,22.508537563789332,New York,3218
2018-10-25,60.60232451350149,New York,3219
2018-10-26,31.066188414410643,New York,3220
2018-10-27,51.651593318864215,New York,3221
2018-10-28,25.129558283371143,New York,3222
2018-10-29,29.1635396996449,New York,3223
2018-10-30,36.45604540341013,New York,3224
2018-10-31,32.27467191664798,New York,3225
2018-11-01,51.78292978493803,New York,3226
2018-11-02,49.451751685897655,New York,3227
2018-11-03,41.645769840255525,New York,3228
2018-11-04,52.641783010757635,New York,3229
2018-11-05,26.389123067990674,New York,3230
2018-11-06,59.46344356502891,New York,3231
2018-11-07,28.379888400890305,New York,3232
2018-11-08,24.01777329117801,New York,3233
2018-11-09,49.476842650905,New York,3234
2018-11-10,37.17303560895335,New York,3235
2018-11-11,29.61253113588088,New York,3236
2018-11-12,39.45345582261741,New York,3237
2018-11-13,30.52492744280062,New York,3238
2018-11-14,38.6149172503473,New York,3239
2018-11-15,51.032933462879186,New York,3240
2018-11-16,33.056854203597126,New York,3241
2018-11-17,29.409485065607157,New York,3242
2018-11-18,38.9278754389651,New York,3243
2018-11-19,35.049866482102686,New York,3244
2018-11-20,26.115380024394227,New York,3245
2018-11-21,55.48030018400239,New York,3246
2018-11-22,35.15040745042161,New York,3247
2018-11-23,22.199989476087353,New York,3248
2018-11-24,34.050297704291374,New York,3249
2018-11-25,48.36440165159298,New York,3250
2018-11-26,56.78845352466927,New York,3251
2018-11-27,51.206495468585885,New York,3252
2018-11-28,31.871951336586704,New York,3253
2018-11-29,37.52337485178417,New York,3254
2018-11-30,49.62183196878794,New York,3255
2018-12-01,55.20295403024809,New York,3256
2018-12-02,46.30899270706063,New York,3257
2018-12-03,36.32969977622487,New York,3258
2018-12-04,27.57654688138409,New York,3259
2018-12-05,59.193774400636215,New York,3260
2018-12-06,29.269971083066885,New York,3261
2018-12-07,41.09145048170241,New York,3262
2018-12-08,54.10459271866323,New York,3263
2018-12-09,29.410239665352993,New York,3264
2018-12-10,39.99324641129308,New York,3265
2018-12-11,48.60195467418633,New York,3266
2018-12-12,64.67297661214971,New York,3267
2018-12-13,45.497537313261205,New York,3268
2018-12-14,63.76962181717101,New York,3269
2018-12-15,44.85959822015574,New York,3270
2018-12-16,53.20108965089729,New York,3271
2018-12-17,60.28285065866214,New York,3272
2018-12-18,43.83625036125278,New York,3273
2018-12-19,46.43646267628211,New York,3274
2018-12-20,52.992964657432395,New York,3275
2018-12-21,50.32195979637716,New York,3276
2018-12-22,49.45061699198934,New York,3277
2018-12-23,30.57711257473319,New York,3278
2018-12-24,41.34512570329671,New York,3279
2018-12-25,47.32695135945049,New York,3280
2018-12-26,37.2407630952754,New York,3281
2018-12-27,36.011400427213545,New York,3282
2018-12-28,48.60506783140858,New York,3283
2018-12-29,46.33670942431335,New York,3284
2018-12-30,40.81216548880628,New York,3285
2018-12-31,75.61367474820318,New York,3286
2019-01-01,31.743695771149874,New York,3287
2019-01-02,57.80349240241533,New York,3288
2019-01-03,38.513659654972116,New York,3289
2019-01-04,33.452172029724494,New York,3290
2019-01-05,38.878517337631024,New York,3291
2019-01-06,49.180495336308255,New York,3292
2019-01-07,45.91128132734898,New York,3293
2019-01-08,47.032365692098814,New York,3294
2019-01-09,56.85735494839368,New York,3295
2019-01-10,38.37380419576654,New York,3296
2019-01-11,69.00229794870336,New York,3297
2019-01-12,49.883728679722225,New York,3298
2019-01-13,53.41853772127439,New York,3299
2019-01-14,44.844345524322456,New York,3300
2019-01-15,16.40428458175846,New York,3301
2019-01-16,54.709563724349714,New York,3302
2019-01-17,69.98243908514361,New York,3303
2019-01-18,45.23035463593898,New York,3304
2019-01-19,43.74823889163573,New York,3305
2019-01-20,48.273321970801824,New York,3306
2019-01-21,63.90037920368927,New York,3307
2019-01-22,40.51181791576587,New York,3308
2019-01-23,30.813583032357847,New York,3309
2019-01-24,50.90961913012016,New York,3310
2019-01-25,42.7426198517547,New York,3311
2019-01-26,44.94303751185756,New York,3312
2019-01-27,48.25324471323599,New York,3313
2019-01-28,41.873299991280945,New York,3314
2019-01-29,46.39063945390587,New York,3315
2019-01-30,45.28153814371279,New York,3316
2019-01-31,68.63128013533557,New York,3317
2019-02-01,29.711583954015957,New York,3318
2019-02-02,48.9973135477758,New York,3319
2019-02-03,68.44504554905109,New York,3320
2019-02-04,44.28539551865286,New York,3321
2019-02-05,48.19262796414759,New York,3322
2019-02-06,58.69369285092871,New York,3323
2019-02-07,58.123173358531275,New York,3324
2019-02-08,36.87141058570883,New York,3325
2019-02-09,33.2016129188536,New York,3326
2019-02-10,43.425259828837454,New York,3327
2019-02-11,65.37772611003899,New York,3328
2019-02-12,50.51267860132897,New York,3329
2019-02-13,47.54960371629728,New York,3330
2019-02-14,53.090174414730136,New York,3331
2019-02-15,40.1628746561313,New York,3332
2019-02-16,63.81289316002247,New York,3333
2019-02-17,67.4486871587571,New York,3334
2019-02-18,30.656744188021584,New York,3335
2019-02-19,51.25030457490506,New York,3336
2019-02-20,66.6552202894966,New York,3337
2019-02-21,42.95677956726399,New York,3338
2019-02-22,62.6754569123686,New York,3339
2019-02-23,64.21650557085154,New York,3340
2019-02-24,61.36567647984506,New York,3341
2019-02-25,63.32413504130021,New York,3342
2019-02-26,51.37702299490343,New York,3343
2019-02-27,70.61224817601172,New York,3344
2019-02-28,52.13593550036526,New York,3345
2019-03-01,58.9962337901526,New York,3346
2019-03-02,78.48093560574216,New York,3347
2019-03-03,56.846716523019744,New York,3348
2019-03-04,60.648655918821675,New York,3349
2019-03-05,48.797813360909366,New York,3350
2019-03-06,43.17522497790614,New York,3351
2019-03-07,54.77101490345991,New York,3352
2019-03-08,56.708332319322864,New York,3353
2019-03-09,38.30508792833959,New York,3354
2019-03-10,73.25941824433579,New York,3355
2019-03-11,59.55769275762929,New York,3356
2019-03-12,56.3759907566119,New York,3357
2019-03-13,51.08918541367309,New York,3358
2019-03-14,70.10612761617753,New York,3359
2019-03-15,32.98582206015082,New York,3360
2019-03-16,65.93601392308335,New York,3361
2019-03-17,34.58284078163788,New York,3362
2019-03-18,55.22137733278218,New York,3363
2019-03-19,59.952974972817685,New York,3364
2019-03-20,46.324681508374766,New York,3365
2019-03-21,50.03345716855077,New York,3366
2019-03-22,52.15941263401645,New York,3367
2019-03-23,52.072030851547396,New York,3368
2019-03-24,58.40695647876877,New York,3369
2019-03-25,30.53042518129126,New York,3370
2019-03-26,51.563655258565944,New York,3371
2019-03-27,64.40686645712005,New York,3372
2019-03-28,50.488758036825956,New York,3373
2019-03-29,51.442323406031576,New York,3374
2019-03-30,47.329051759517164,New York,3375
2019-03-31,54.25889898902621,New York,3376
2019-04-01,58.59276591713108,New York,3377
2019-04-02,43.20036941391628,New York,3378
2019-04-03,56.83751681303841,New York,3379
2019-04-04,69.52286244137936,New York,3380
2019-04-05,49.133177478558466,New York,3381
2019-04-06,50.37710029839503,New York,3382
2019-04-07,42.97088096236948,New York,3383
2019-04-08,44.00389725436221,New York,3384
2019-04-09,49.1979009611572,New York,3385
2019-04-10,81.78571596963515,New York,3386
2019-04-11,63.49095320587915,New York,3387
2019-04-12,72.7753639137211,New York,3388
2019-04-13,58.85961995452121,New York,3389
2019-04-14,54.8366766061639,New York,3390
2019-04-15,54.26997899339638,New York,3391
2019-04-16,62.03616152878965,New York,3392
2019-04-17,77.63568394275478,New York,3393
2019-04-18,44.14386031122041,New York,3394
2019-04-19,70.72072816166536,New York,3395
2019-04-20,49.502027846228586,New York,3396
2019-04-21,40.10497797014757,New York,3397
2019-04-22,54.27716715296865,New York,3398
2019-04-23,45.25311646152893,New York,3399
2019-04-24,41.93476759208063,New York,3400
2019-04-25,51.75988802144215,New York,3401
2019-04-26,54.34257027401341,New York,3402
2019-04-27,56.097470846119265,New York,3403
2019-04-28,32.646497382205496,New York,3404
2019-04-29,51.56817252324096,New York,3405
2019-04-30,41.19217764735213,New York,3406
2019-05-01,51.973824286360696,New York,3407
2019-05-02,56.770896407513845,New York,3408
2019-05-03,61.92489509586971,New York,3409
2019-05-04,70.72474846558598,New York,3410
2019-05-05,60.95323111136774,New York,3411
2019-05-06,48.79126915298366,New York,3412
2019-05-07,64.29271161021114,New York,3413
2019-05-08,70.516794106134,New York,3414
2019-05-09,62.18379358589397,New York,3415
2019-05-10,57.91369885314138,New York,3416
2019-05-11,57.524870824354146,New York,3417
2019-05-12,52.75037202357051,New York,3418
2019-05-13,67.82280577026557,New York,3419
2019-05-14,66.70159182676471,New York,3420
2019-05-15,54.88552341176323,New York,3421
2019-05-16,45.27316497720719,New York,3422
2019-05-17,68.14615958232079,New York,3423
2019-05-18,51.427751290398305,New York,3424
2019-05-19,62.68807776877021,New York,3425
2019-05-20,53.21382844543113,New York,3426
2019-05-21,41.460320424710204,New York,3427
2019-05-22,56.08582639369665,New York,3428
2019-05-23,74.85974473006125,New York,3429
2019-05-24,70.4876208230234,New York,3430
2019-05-25,46.374501785217134,New York,3431
2019-05-26,44.46960677950825,New York,3432
2019-05-27,39.855848770303965,New York,3433
2019-05-28,60.30572141672806,New York,3434
2019-05-29,56.65081142023798,New York,3435
2019-05-30,55.60240710147572,New York,3436
2019-05-31,44.915573763527874,New York,3437
2019-06-01,52.63325238991763,New York,3438
2019-06-02,46.106112604976516,New York,3439
2019-06-03,55.8965769968923,New York,3440
2019-06-04,46.54031773533927,New York,3441
2019-06-05,35.12399922079661,New York,3442
2019-06-06,68.21583217369681,New York,3443
2019-06-07,44.83182663944431,New York,3444
2019-06-08,47.24900652966757,New York,3445
2019-06-09,48.46444170288959,New York,3446
2019-06-10,56.80477226653731,New York,3447
2019-06-11,36.22126971698994,New York,3448
2019-06-12,42.671359751976574,New York,3449
2019-06-13,27.560753382756705,New York,3450
2019-06-14,47.93086740931703,New York,3451
2019-06-15,31.56692942375468,New York,3452
2019-06-16,62.54529550192075,New York,3453
2019-06-17,66.28802057337208,New York,3454
2019-06-18,35.02328450901913,New York,3455
2019-06-19,37.86182595385088,New York,3456
2019-06-20,31.428536822118563,New York,3457
2019-06-21,63.75956979141115,New York,3458
2019-06-22,69.2200966298108,New York,3459
2019-06-23,41.04223936395337,New York,3460
2019-06-24,39.015656592152155,New York,3461
2019-06-25,33.29508571921803,New York,3462
2019-06-26,59.91189634015771,New York,3463
2019-06-27,43.638365806379646,New York,3464
2019-06-28,45.27967354015468,New York,3465
2019-06-29,49.1625952578521,New York,3466
2019-06-30,48.50103774368782,New York,3467
2019-07-01,31.282204918878733,New York,3468
2019-07-02,37.72603844431495,New York,3469
2019-07-03,35.001405687463105,New York,3470
2019-07-04,34.08289074449634,New York,3471
2019-07-05,33.523623704791135,New York,3472
2019-07-06,39.63453275713304,New York,3473
2019-07-07,41.38245720662249,New York,3474
2019-07-08,73.42886925569067,New York,3475
2019-07-09,31.500853863413365,New York,3476
2019-07-10,40.70719563235001,New York,3477
2019-07-11,25.747115029111225,New York,3478
2019-07-12,37.48544765887201,New York,3479
2019-07-13,47.18077184507812,New York,3480
2019-07-14,46.48588511836137,New York,3481
2019-07-15,53.90264786438029,New York,3482
2019-07-16,34.342443721707546,New York,3483
2019-07-17,39.37714487615537,New York,3484
2019-07-18,41.69308473967913,New York,3485
2019-07-19,56.16926867622321,New York,3486
2019-07-20,39.56623323336546,New York,3487
2019-07-21,44.197352971549655,New York,3488
2019-07-22,42.695092158538166,New York,3489
2019-07-23,30.379993118408674,New York,3490
2019-07-24,31.98639710015815,New York,3491
2019-07-25,17.8834016270647,New York,3492
2019-07-26,47.72716255839977,New York,3493
2019-07-27,22.559675992039246,New York,3494
2019-07-28,15.850727289813921,New York,3495
2019-07-29,39.507820789522356,New York,3496
2019-07-30,51.020914504044214,New York,3497
2019-07-31,32.699686375741734,New York,3498
2019-08-01,39.133436139252275,New York,3499
2019-08-02,39.74759832277097,New York,3500
2019-08-03,37.3075500879506,New York,3501
2019-08-04,35.65310544519872,New York,3502
2019-08-05,43.23201019943138,New York,3503
2019-08-06,32.719891539486795,New York,3504
2019-08-07,37.98178323457126,New York,3505
2019-08-08,38.64903324726458,New York,3506
2019-08-09,32.28122886055411,New York,3507
2019-08-10,36.975295702289436,New York,3508
2019-08-11,48.158135170110334,New York,3509
2019-08-12,34.40177070342622,New York,3510
2019-08-13,37.44135680772806,New York,3511
2019-08-14,56.50379744349021,New York,3512
2019-08-15,54.667744844237376,New York,3513
2019-08-16,31.388735011829127,New York,3514
2019-08-17,43.70205021378316,New York,3515
2019-08-18,41.367376622686805,New York,3516
2019-08-19,65.51320340836358,New York,3517
2019-08-20,47.44023363708091,New York,3518
2019-08-21,38.959556243577474,New York,3519
2019-08-22,42.92235013769478,New York,3520
2019-08-23,55.570948069142844,New York,3521
2019-08-24,42.49298665328389,New York,3522
2019-08-25,36.35225389583767,New York,3523
2019-08-26,55.12711457974754,New York,3524
2019-08-27,38.24599741924439,New York,3525
2019-08-28,31.552682889723833,New York,3526
2019-08-29,39.399531577866895,New York,3527
2019-08-30,38.10317544351821,New York,3528
2019-08-31,39.19930242403216,New York,3529
2019-09-01,40.97078743112162,New York,3530
2019-09-02,35.969107556938035,New York,3531
2019-09-03,42.544777792149866,New York,3532
2019-09-04,30.486369237483242,New York,3533
2019-09-05,43.906810358691764,New York,3534
2019-09-06,31.28229252209207,New York,3535
2019-09-07,52.24577359513029,New York,3536
2019-09-08,45.98880991121308,New York,3537
2019-09-09,19.921292856124303,New York,3538
2019-09-10,42.90379804891859,New York,3539
2019-09-11,21.85500688121308,New York,3540
2019-09-12,38.59844287742775,New York,3541
2019-09-13,41.288831140141504,New York,3542
2019-09-14,33.740903576329046,New York,3543
2019-09-15,38.704311813454495,New York,3544
2019-09-16,25.961075242022435,New York,3545
2019-09-17,35.76182700682136,New York,3546
2019-09-18,33.347052396759906,New York,3547
2019-09-19,37.887599730021385,New York,3548
2019-09-20,35.86925363583839,New York,3549
2019-09-21,17.74770748377547,New York,3550
2019-09-22,40.19350384985388,New York,3551
2019-09-23,26.28810537257546,New York,3552
2019-09-24,34.3581189969695,New York,3553
2019-09-25,36.47236230937053,New York,3554
2019-09-26,44.21025862865877,New York,3555
2019-09-27,39.0545136349776,New York,3556
2019-09-28,36.83892427035918,New York,3557
2019-09-29,29.753987469329793,New York,3558
2019-09-30,24.16037871970123,New York,3559
2019-10-01,55.532487690789,New York,3560
2019-10-02,14.779119370840764,New York,3561
2019-10-03,34.04699363623132,New York,3562
2019-10-04,27.874557312792227,New York,3563
2019-10-05,23.04113744162177,New York,3564
2019-10-06,19.694958312002885,New York,3565
2019-10-07,36.56710748937351,New York,3566
2019-10-08,25.784998402012675,New York,3567
2019-10-09,21.88291926163248,New York,3568
2019-10-10,45.18472473431071,New York,3569
2019-10-11,45.75737155132901,New York,3570
2019-10-12,32.94368695146301,New York,3571
2019-10-13,59.16540326325355,New York,3572
2019-10-14,52.055263125550304,New York,3573
2019-10-15,41.5182391134794,New York,3574
2019-10-16,36.95818097819295,New York,3575
2019-10-17,24.76490226394089,New York,3576
2019-10-18,47.17445973449658,New York,3577
2019-10-19,22.244710257706966,New York,3578
2019-10-20,42.19500161684075,New York,3579
2019-10-21,50.29413267870822,New York,3580
2019-10-22,40.80289406525672,New York,3581
2019-10-23,49.47528261665008,New York,3582
2019-10-24,34.33561879211169,New York,3583
2019-10-25,30.15097233848259,New York,3584
2019-10-26,38.6658546917018,New York,3585
2019-10-27,32.28452090177968,New York,3586
2019-10-28,45.81702356816353,New York,3587
2019-10-29,26.007825193753334,New York,3588
2019-10-30,31.10103231221723,New York,3589
2019-10-31,49.958286029096215,New York,3590
2019-11-01,27.50731259943427,New York,3591
2019-11-02,46.04262304982773,New York,3592
2019-11-03,32.21034740287301,New York,3593
2019-11-04,46.28348224649752,New York,3594
2019-11-05,49.30216292029539,New York,3595
2019-11-06,43.071008691506165,New York,3596
2019-11-07,27.673635306304462,New York,3597
2019-11-08,36.11754630625364,New York,3598
2019-11-09,23.607571415171975,New York,3599
2019-11-10,40.724212872562276,New York,3600
2019-11-11,46.22695123813875,New York,3601
2019-11-12,52.390396898627905,New York,3602
2019-11-13,33.00899613823013,New York,3603
2019-11-14,38.695923493221095,New York,3604
2019-11-15,13.429179397723068,New York,3605
2019-11-16,42.196246022307065,New York,3606
2019-11-17,35.407080333679396,New York,3607
2019-11-18,31.20063048738979,New York,3608
2019-11-19,27.716139531841915,New York,3609
2019-11-20,48.2881365024743,New York,3610
2019-11-21,54.588925461921356,New York,3611
2019-11-22,62.6539145820041,New York,3612
2019-11-23,43.457633253590416,New York,3613
2019-11-24,40.62395034983762,New York,3614
2019-11-25,49.98954393716128,New York,3615
2019-11-26,47.07883901710714,New York,3616
2019-11-27,40.31512336984696,New York,3617
2019-11-28,48.61672482630995,New York,3618
2019-11-29,38.748587413329005,New York,3619
2019-11-30,32.98164398796809,New York,3620
2019-12-01,42.89526398062282,New York,3621
2019-12-02,48.807039655203226,New York,3622
2019-12-03,36.217181868732624,New York,3623
2019-12-04,56.456537903366815,New York,3624
2019-12-05,44.0095762515779,New York,3625
2019-12-06,54.46097288452395,New York,3626
2019-12-07,39.97161751073505,New York,3627
2019-12-08,43.7339252374684,New York,3628
2019-12-09,33.58013625658339,New York,3629
2019-12-10,30.292781443009645,New York,3630
2019-12-11,32.611327501150654,New York,3631
2019-12-12,65.63552602983506,New York,3632
2019-12-13,63.60587077850083,New York,3633
2019-12-14,38.554294690256995,New York,3634
2019-12-15,37.021550843012655,New York,3635
2019-12-16,25.11177096388468,New York,3636
2019-12-17,46.742041344424344,New York,3637
2019-12-18,30.81759904349024,New York,3638
2019-12-19,54.31922342329791,New York,3639
2019-12-20,33.43716971723111,New York,3640
2019-12-21,42.18598218654396,New York,3641
2019-12-22,56.75588338289994,New York,3642
2019-12-23,40.90866893321735,New York,3643
2019-12-24,49.96669072358495,New York,3644
2019-12-25,39.473667186130456,New York,3645
2019-12-26,59.74156711794207,New York,3646
2019-12-27,42.5117694370672,New York,3647
2019-12-28,36.98869044610838,New York,3648
2019-12-29,26.25884474079236,New York,3649
2019-12-30,51.573025162283834,New York,3650
2019-12-31,21.909707177644655,New York,3651
2020-01-01,49.570638940873955,New York,3652
2020-01-02,60.30098242375425,New York,3653
2020-01-03,44.603147716688,New York,3654
2020-01-04,43.24818196308117,New York,3655
2020-01-05,55.10564265239179,New York,3656
2020-01-06,49.53256557062932,New York,3657
2020-01-07,56.23147475486328,New York,3658
2020-01-08,56.77790879602891,New York,3659
2020-01-09,31.570666964087266,New York,3660
2020-01-10,48.32357351813452,New York,3661
2020-01-11,58.61646593744065,New York,3662
2020-01-12,45.84472425497583,New York,3663
2020-01-13,53.47174989514819,New York,3664
2020-01-14,54.72278869635445,New York,3665
2020-01-15,54.9135497519734,New York,3666
2020-01-16,41.23716906442057,New York,3667
2020-01-17,72.46045814160325,New York,3668
2020-01-18,37.50470196091163,New York,3669
2020-01-19,62.01274500235887,New York,3670
2020-01-20,50.027116652122395,New York,3671
2020-01-21,45.621183698652025,New York,3672
2020-01-22,51.75939649095239,New York,3673
2020-01-23,47.10965032863184,New York,3674
2020-01-24,48.27229094325992,New York,3675
2020-01-25,58.45644662094712,New York,3676
2020-01-26,54.15366288604076,New York,3677
2020-01-27,48.64206425612249,New York,3678
2020-01-28,38.57795926069922,New York,3679
2020-01-29,52.09972153758461,New York,3680
2020-01-30,54.48886923016152,New York,3681
2020-01-31,38.48836688997438,New York,3682
2020-02-01,53.20641918743066,New York,3683
2020-02-02,38.686445224116554,New York,3684
2020-02-03,50.030270089629575,New York,3685
2020-02-04,61.39574951683169,New York,3686
2020-02-05,35.78353758415878,New York,3687
2020-02-06,32.74852957916396,New York,3688
2020-02-07,54.59463696872616,New York,3689
2020-02-08,51.25559377147938,New York,3690
2020-02-09,51.65005899393898,New York,3691
2020-02-10,52.117110112454704,New York,3692
2020-02-11,40.37662746434992,New York,3693
2020-02-12,60.6331630293617,New York,3694
2020-02-13,64.95026430309976,New York,3695
2020-02-14,50.604787609337635,New York,3696
2020-02-15,64.69423224060182,New York,3697
2020-02-16,34.12458445313373,New York,3698
2020-02-17,53.91824543663963,New York,3699
2020-02-18,51.165910930500836,New York,3700
2020-02-19,33.94243905787529,New York,3701
2020-02-20,48.48509203878042,New York,3702
2020-02-21,42.797290332927524,New York,3703
2020-02-22,60.65737688614723,New York,3704
2020-02-23,53.69335396083832,New York,3705
2020-02-24,66.36329776713958,New York,3706
2020-02-25,62.32810593869414,New York,3707
2020-02-26,52.575925043182934,New York,3708
2020-02-27,55.02625785700469,New York,3709
2020-02-28,67.21714861761897,New York,3710
2020-02-29,49.32918581621418,New York,3711
2020-03-01,54.162475646546966,New York,3712
2020-03-02,66.95027235612397,New York,3713
2020-03-03,55.459247167668124,New York,3714
2020-03-04,62.573430147919645,New York,3715
2020-03-05,59.19012638408047,New York,3716
2020-03-06,63.75115515683715,New York,3717
2020-03-07,46.21437977957616,New York,3718
2020-03-08,57.91734977209871,New York,3719
2020-03-09,50.47374749879964,New York,3720
2020-03-10,48.40041023790886,New York,3721
2020-03-11,39.61100568636837,New York,3722
2020-03-12,35.96750311017328,New York,3723
2020-03-13,41.83878192347174,New York,3724
2020-03-14,65.01392700370492,New York,3725
2020-03-15,63.60211687829605,New York,3726
2020-03-16,66.8475070430009,New York,3727
2020-03-17,49.08020309114168,New York,3728
2020-03-18,53.00383535238707,New York,3729
2020-03-19,42.267814391293555,New York,3730
2020-03-20,43.72253331620472,New York,3731
2020-03-21,56.76142111019066,New York,3732
2020-03-22,47.48194402101239,New York,3733
2020-03-23,56.536404828667855,New York,3734
2020-03-24,51.81540405677006,New York,3735
2020-03-25,59.62973489604052,New York,3736
2020-03-26,61.83142073445915,New York,3737
2020-03-27,71.26468555358912,New York,3738
2020-03-28,64.12854986429966,New York,3739
2020-03-29,55.81038373847843,New York,3740
2020-03-30,57.014406588219444,New York,3741
2020-03-31,52.4750249488357,New York,3742
2020-04-01,56.36809424083885,New York,3743
2020-04-02,44.14819089787006,New York,3744
2020-04-03,62.66566864786937,New York,3745
2020-04-04,63.76977066921021,New York,3746
2020-04-05,51.940088807838954,New York,3747
2020-04-06,47.35591123647133,New York,3748
2020-04-07,53.12911727732484,New York,3749
2020-04-08,51.13112402518017,New York,3750
2020-04-09,53.446559933603524,New York,3751
2020-04-10,40.05998044509969,New York,3752
2020-04-11,50.47131960578034,New York,3753
2020-04-12,63.902162471372606,New York,3754
2020-04-13,53.94393507723401,New York,3755
2020-04-14,62.28165194480357,New York,3756
2020-04-15,67.2659787349445,New York,3757
2020-04-16,49.26267112719739,New York,3758
2020-04-17,55.971889337216275,New York,3759
2020-04-18,70.18387506386831,New York,3760
2020-04-19,47.23387067500854,New York,3761
2020-04-20,47.30629252015612,New York,3762
2020-04-21,71.65449483298826,New York,3763
2020-04-22,42.482486906176206,New York,3764
2020-04-23,54.51739218016583,New York,3765
2020-04-24,46.75699102009333,New York,3766
2020-04-25,65.96411104726633,New York,3767
2020-04-26,66.95127217824363,New York,3768
2020-04-27,63.56176877777044,New York,3769
2020-04-28,60.38740175672799,New York,3770
2020-04-29,34.540073223160675,New York,3771
2020-04-30,43.83005627512909,New York,3772
2020-05-01,65.37537907608633,New York,3773
2020-05-02,65.9842175555622,New York,3774
2020-05-03,74.25789772500595,New York,3775
2020-05-04,30.824155525264977,New York,3776
2020-05-05,43.28070296374635,New York,3777
2020-05-06,44.88737357328718,New York,3778
2020-05-07,59.01130617046803,New York,3779
2020-05-08,35.49958081270832,New York,3780
2020-05-09,45.83436698946619,New York,3781
2020-05-10,59.33986429614278,New York,3782
2020-05-11,68.44733719730642,New York,3783
2020-05-12,67.36257424184011,New York,3784
2020-05-13,42.5746283130339,New York,3785
2020-05-14,49.75721467669333,New York,3786
2020-05-15,42.893205093950854,New York,3787
2020-05-16,60.184356491601505,New York,3788
2020-05-17,53.28624835137363,New York,3789
2020-05-18,75.64721883902732,New York,3790
2020-05-19,67.74421330599527,New York,3791
2020-05-20,38.091789875548066,New York,3792
2020-05-21,43.0251192996681,New York,3793
2020-05-22,54.45203752486656,New York,3794
2020-05-23,44.05449397952578,New York,3795
2020-05-24,54.11487708080859,New York,3796
2020-05-25,58.320086069502715,New York,3797
2020-05-26,59.29743491086648,New York,3798
2020-05-27,65.57703867680911,New York,3799
2020-05-28,49.16772241369855,New York,3800
2020-05-29,52.09811270499641,New York,3801
2020-05-30,51.097729331708805,New York,3802
2020-05-31,42.67449482326725,New York,3803
2020-06-01,45.09450440931387,New York,3804
2020-06-02,64.26459004755279,New York,3805
2020-06-03,46.90284847057139,New York,3806
2020-06-04,51.33521973988661,New York,3807
2020-06-05,50.78886358236279,New York,3808
2020-06-06,46.931125901718346,New York,3809
2020-06-07,51.3767596801773,New York,3810
2020-06-08,65.2399625506979,New York,3811
2020-06-09,69.1816327947203,New York,3812
2020-06-10,65.28118277408913,New York,3813
2020-06-11,64.7406259798108,New York,3814
2020-06-12,29.91553491752349,New York,3815
2020-06-13,52.99679704698188,New York,3816
2020-06-14,52.665193618017454,New York,3817
2020-06-15,30.750165010579426,New York,3818
2020-06-16,50.84846238685808,New York,3819
2020-06-17,36.6401610964724,New York,3820
2020-06-18,57.04451323725125,New York,3821
2020-06-19,60.7201715562625,New York,3822
2020-06-20,40.21348157532939,New York,3823
2020-06-21,35.960533644586775,New York,3824
2020-06-22,53.29111815401112,New York,3825
2020-06-23,43.04816625887232,New York,3826
2020-06-24,43.33159197303291,New York,3827
2020-06-25,44.830807861868664,New York,3828
2020-06-26,50.72063423278163,New York,3829
2020-06-27,38.834207751950345,New York,3830
2020-06-28,42.73988575860188,New York,3831
2020-06-29,34.3017727179186,New York,3832
2020-06-30,45.792486369160514,New York,3833
2020-07-01,44.865746567732835,New York,3834
2020-07-02,40.24536740627078,New York,3835
2020-07-03,48.30719813279542,New York,3836
2020-07-04,47.87078434413177,New York,3837
2020-07-05,38.60028244571896,New York,3838
2020-07-06,40.07073606135088,New York,3839
2020-07-07,28.83900415856312,New York,3840
2020-07-08,47.72293497414123,New York,3841
2020-07-09,52.54025875632097,New York,3842
2020-07-10,46.48991619298009,New York,3843
2020-07-11,44.782315333080724,New York,3844
2020-07-12,66.64885630522326,New York,3845
2020-07-13,43.57357026837263,New York,3846
2020-07-14,42.67605428817078,New York,3847
2020-07-15,49.19952885329603,New York,3848
2020-07-16,41.52363624585645,New York,3849
2020-07-17,57.57108158402203,New York,3850
2020-07-18,25.5149279318669,New York,3851
2020-07-19,50.486288925634575,New York,3852
2020-07-20,54.28317568797129,New York,3853
2020-07-21,30.557320124242054,New York,3854
2020-07-22,41.925697308736765,New York,3855
2020-07-23,31.45918803215503,New York,3856
2020-07-24,35.73977648680522,New York,3857
2020-07-25,48.09653713898302,New York,3858
2020-07-26,62.23722492032472,New York,3859
2020-07-27,34.752028941282404,New York,3860
2020-07-28,47.92397136459692,New York,3861
2020-07-29,53.653668665982224,New York,3862
2020-07-30,42.31267329137462,New York,3863
2020-07-31,27.478301190175667,New York,3864
2020-08-01,56.08518670769497,New York,3865
2020-08-02,33.8241959960179,New York,3866
2020-08-03,35.24874834475173,New York,3867
2020-08-04,23.909233415534306,New York,3868
2020-08-05,37.92570630122411,New York,3869
2020-08-06,36.861237287718666,New York,3870
2020-08-07,14.251966679768945,New York,3871
2020-08-08,20.20563132561417,New York,3872
2020-08-09,42.609192597490654,New York,3873
2020-08-10,52.584066424198205,New York,3874
2020-08-11,38.355157513152655,New York,3875
2020-08-12,36.732247298988916,New York,3876
2020-08-13,49.808323673619846,New York,3877
2020-08-14,46.29687905554717,New York,3878
2020-08-15,48.35145464557724,New York,3879
2020-08-16,39.82206962159771,New York,3880
2020-08-17,42.12651262946144,New York,3881
2020-08-18,29.757412313090292,New York,3882
2020-08-19,13.082105473830726,New York,3883
2020-08-20,40.71545988044137,New York,3884
2020-08-21,17.285257944467034,New York,3885
2020-08-22,32.75277977185512,New York,3886
2020-08-23,39.34043763489272,New York,3887
2020-08-24,52.35912692231177,New York,3888
2020-08-25,38.23264089906829,New York,3889
2020-08-26,26.145618664739906,New York,3890
2020-08-27,16.462012360878404,New York,3891
2020-08-28,42.74913240617127,New York,3892
2020-08-29,22.27022055100983,New York,3893
2020-08-30,33.69397795968818,New York,3894
2020-08-31,36.67301257618053,New York,3895
2020-09-01,40.622628389881996,New York,3896
2020-09-02,23.680234169566504,New York,3897
2020-09-03,31.112262924456907,New York,3898
2020-09-04,28.8536434418012,New York,3899
2020-09-05,15.1339448400273,New York,3900
2020-09-06,25.623699618884565,New York,3901
2020-09-07,24.399485038883796,New York,3902
2020-09-08,41.476364861518555,New York,3903
2020-09-09,38.062457279505125,New York,3904
2020-09-10,43.36014732656305,New York,3905
2020-09-11,43.69476622013879,New York,3906
2020-09-12,29.76836210535477,New York,3907
2020-09-13,44.70004659752432,New York,3908
2020-09-14,36.83383016533215,New York,3909
2020-09-15,19.661933011902565,New York,3910
2020-09-16,20.22085620447301,New York,3911
2020-09-17,39.556888521836775,New York,3912
2020-09-18,41.122291080411685,New York,3913
2020-09-19,34.620160079304746,New York,3914
2020-09-20,32.3559603625204,New York,3915
2020-09-21,25.036709947184313,New York,3916
2020-09-22,26.64516271116215,New York,3917
2020-09-23,22.59769622606691,New York,3918
2020-09-24,46.11232081025634,New York,3919
2020-09-25,28.627121544594047,New York,3920
2020-09-26,45.59217163971624,New York,3921
2020-09-27,30.798312761277856,New York,3922
2020-09-28,37.83160627714447,New York,3923
2020-09-29,40.93944004841156,New York,3924
2020-09-30,36.18785803048164,New York,3925
2020-10-01,52.375855203107506,New York,3926
2020-10-02,36.723188819383545,New York,3927
2020-10-03,50.95373463180519,New York,3928
2020-10-04,28.890575519242102,New York,3929
2020-10-05,40.37858664903178,New York,3930
2020-10-06,37.27749253184526,New York,3931
2020-10-07,45.51288148865925,New York,3932
2020-10-08,29.87630431913951,New York,3933
2020-10-09,34.12857355749847,New York,3934
2020-10-10,49.52449182664308,New York,3935
2020-10-11,39.23534406612213,New York,3936
2020-10-12,41.496512030500114,New York,3937
2020-10-13,35.52103214903315,New York,3938
2020-10-14,44.296007433147224,New York,3939
2020-10-15,23.82603854572739,New York,3940
2020-10-16,34.58223990004035,New York,3941
2020-10-17,34.168912125575716,New York,3942
2020-10-18,32.87455234689645,New York,3943
2020-10-19,48.49168188091504,New York,3944
2020-10-20,25.167053684904687,New York,3945
2020-10-21,53.62122245359161,New York,3946
2020-10-22,61.95714301594584,New York,3947
2020-10-23,38.87491982044246,New York,3948
2020-10-24,33.313730169428574,New York,3949
2020-10-25,36.23017577121627,New York,3950
2020-10-26,28.240974424925877,New York,3951
2020-10-27,30.05638777761355,New York,3952
2020-10-28,44.65493570685265,New York,3953
2020-10-29,34.2742881970403,New York,3954
2020-10-30,43.094902388993724,New York,3955
2020-10-31,39.94300053591447,New York,3956
2020-11-01,42.95400274094653,New York,3957
2020-11-02,27.2783468025836,New York,3958
2020-11-03,19.65435912885471,New York,3959
2020-11-04,25.524920784268815,New York,3960
2020-11-05,42.42211032118447,New York,3961
2020-11-06,41.91937709539355,New York,3962
2020-11-07,31.779829200307674,New York,3963
2020-11-08,44.52351087414736,New York,3964
2020-11-09,28.192551061657653,New York,3965
2020-11-10,34.364572956737135,New York,3966
2020-11-11,32.076068707336766,New York,3967
2020-11-12,33.33643539388147,New York,3968
2020-11-13,43.17115932682852,New York,3969
2020-11-14,24.995500282874104,New York,3970
2020-11-15,27.576040717201597,New York,3971
2020-11-16,33.82677316443255,New York,3972
2020-11-17,57.868334037859704,New York,3973
2020-11-18,36.73768921980266,New York,3974
2020-11-19,47.156192148539255,New York,3975
2020-11-20,49.016378940361875,New York,3976
2020-11-21,51.14270116938464,New York,3977
2020-11-22,35.880224765835386,New York,3978
2020-11-23,38.04375082546288,New York,3979
2020-11-24,47.740035893412376,New York,3980
2020-11-25,36.35208128583738,New York,3981
2020-11-26,41.923259584215465,New York,3982
2020-11-27,26.55797102992289,New York,3983
2020-11-28,26.992989381466913,New York,3984
2020-11-29,23.286895663915114,New York,3985
2020-11-30,36.90866010855127,New York,3986
2020-12-01,46.14916496420457,New York,3987
2020-12-02,15.075300577241343,New York,3988
2020-12-03,35.514105318350786,New York,3989
2020-12-04,51.16968361135916,New York,3990
2020-12-05,53.19402359938764,New York,3991
2020-12-06,38.31715475309852,New York,3992
2020-12-07,29.376921535104948,New York,3993
2020-12-08,40.54285749128531,New York,3994
2020-12-09,42.94628952902478,New York,3995
2020-12-10,44.208043126475545,New York,3996
2020-12-11,35.869346420722046,New York,3997
2020-12-12,44.688032295347014,New York,3998
2020-12-13,38.98486527121637,New York,3999
2020-12-14,30.707866299787828,New York,4000
2020-12-15,47.65901868991962,New York,4001
2020-12-16,40.16158323046562,New York,4002
2020-12-17,51.531457329834865,New York,4003
2020-12-18,47.50103644572523,New York,4004
2020-12-19,38.099322095510175,New York,4005
2020-12-20,47.18477364434604,New York,4006
2020-12-21,75.30999867544347,New York,4007
2020-12-22,45.93868233239293,New York,4008
2020-12-23,42.55220847200447,New York,4009
2020-12-24,41.54532903878728,New York,4010
2020-12-25,57.980305338157066,New York,4011
2020-12-26,24.223490290427023,New York,4012
2020-12-27,46.554574119638936,New York,4013
2020-12-28,36.35516088698964,New York,4014
2020-12-29,44.507673462005016,New York,4015
2020-12-30,33.17714573700127,New York,4016
2020-12-31,48.25693666120886,New York,4017
2021-01-01,54.34659499699675,New York,4018
2021-01-02,41.0184517913914,New York,4019
2021-01-03,56.616773850935175,New York,4020
2021-01-04,43.06497107253851,New York,4021
2021-01-05,46.4528932600927,New York,4022
2021-01-06,52.52983931874,New York,4023
2021-01-07,41.10030978052646,New York,4024
2021-01-08,52.07081324717849,New York,4025
2021-01-09,51.743559847521695,New York,4026
2021-01-10,59.12230863195536,New York,4027
2021-01-11,40.256471486183514,New York,4028
2021-01-12,59.11239731301938,New York,4029
2021-01-13,61.459487032871024,New York,4030
2021-01-14,22.747423559679383,New York,4031
2021-01-15,51.669859246201874,New York,4032
2021-01-16,41.62465322072524,New York,4033
2021-01-17,53.27039125454211,New York,4034
2021-01-18,52.845097220045844,New York,4035
2021-01-19,55.53724959028273,New York,4036
2021-01-20,62.799923340493095,New York,4037
2021-01-21,56.269960772829634,New York,4038
2021-01-22,54.96665913033144,New York,4039
2021-01-23,44.79228792376642,New York,4040
2021-01-24,33.01146592576529,New York,4041
2021-01-25,53.773759072004275,New York,4042
2021-01-26,55.85105653373592,New York,4043
2021-01-27,44.94462163622343,New York,4044
2021-01-28,58.28046039112612,New York,4045
2021-01-29,57.76856983526942,New York,4046
2021-01-30,42.78032452676383,New York,4047
2021-01-31,42.136142178696986,New York,4048
2021-02-01,36.11918012473994,New York,4049
2021-02-02,78.53775703907802,New York,4050
2021-02-03,62.8827599797865,New York,4051
2021-02-04,54.16718462394558,New York,4052
2021-02-05,42.21799798407156,New York,4053
2021-02-06,50.78065680533295,New York,4054
2021-02-07,62.754929281722674,New York,4055
2021-02-08,54.591437037750126,New York,4056
2021-02-09,51.37759419501858,New York,4057
2021-02-10,54.49551462694446,New York,4058
2021-02-11,46.271160804447575,New York,4059
2021-02-12,49.76795451014932,New York,4060
2021-02-13,47.35884599278651,New York,4061
2021-02-14,65.62527651721531,New York,4062
2021-02-15,66.00723185936175,New York,4063
2021-02-16,50.343454545036636,New York,4064
2021-02-17,56.22839209430665,New York,4065
2021-02-18,56.47594885333421,New York,4066
2021-02-19,56.252602211903096,New York,4067
2021-02-20,56.20907936890615,New York,4068
2021-02-21,82.2316091697384,New York,4069
2021-02-22,40.25990716923313,New York,4070
2021-02-23,44.59432040706808,New York,4071
2021-02-24,39.06674777283199,New York,4072
2021-02-25,47.38879993154461,New York,4073
2021-02-26,60.98033529208058,New York,4074
2021-02-27,67.61392612439698,New York,4075
2021-02-28,58.837424886007426,New York,4076
2021-03-01,54.117142480519576,New York,4077
2021-03-02,61.91700735897368,New York,4078
2021-03-03,48.07575913286117,New York,4079
2021-03-04,59.98316473170101,New York,4080
2021-03-05,33.6219797296314,New York,4081
2021-03-06,51.22310746148075,New York,4082
2021-03-07,63.50061973858452,New York,4083
2021-03-08,57.905521404178174,New York,4084
2021-03-09,64.67176732270646,New York,4085
2021-03-10,67.75938472049725,New York,4086
2021-03-11,64.82484350551424,New York,4087
2021-03-12,47.206046666234194,New York,4088
2021-03-13,45.826987763567786,New York,4089
2021-03-14,41.2172585630661,New York,4090
2021-03-15,40.62825678498546,New York,4091
2021-03-16,63.524015823683726,New York,4092
2021-03-17,56.230160231873356,New York,4093
2021-03-18,50.18277466117734,New York,4094
2021-03-19,53.14287703381774,New York,4095
2021-03-20,59.61722413048076,New York,4096
2021-03-21,52.87926709328233,New York,4097
2021-03-22,45.00320536256605,New York,4098
2021-03-23,45.919742860980534,New York,4099
2021-03-24,65.84361750951214,New York,4100
2021-03-25,58.16581729420127,New York,4101
2021-03-26,51.71744189309385,New York,4102
2021-03-27,70.20332436472984,New York,4103
2021-03-28,59.084220008420886,New York,4104
2021-03-29,58.83810853861193,New York,4105
2021-03-30,58.72146620571891,New York,4106
2021-03-31,66.18968845355926,New York,4107
2021-04-01,50.869095187671704,New York,4108
2021-04-02,33.872639052046935,New York,4109
2021-04-03,76.92842496990436,New York,4110
2021-04-04,70.20705323456356,New York,4111
2021-04-05,49.75097621488779,New York,4112
2021-04-06,53.46659637353625,New York,4113
2021-04-07,67.52108759964769,New York,4114
2021-04-08,63.480881953119464,New York,4115
2021-04-09,72.27503155163878,New York,4116
2021-04-10,56.33352080156456,New York,4117
2021-04-11,52.495884556005336,New York,4118
2021-04-12,47.38714594952433,New York,4119
2021-04-13,42.8066686005836,New York,4120
2021-04-14,58.04609730325066,New York,4121
2021-04-15,62.93305482849624,New York,4122
2021-04-16,55.82156192969388,New York,4123
2021-04-17,59.822052793888275,New York,4124
2021-04-18,62.77053340873896,New York,4125
2021-04-19,42.74596085589086,New York,4126
2021-04-20,72.75852669771876,New York,4127
2021-04-21,29.46711197711565,New York,4128
2021-04-22,56.81907669745977,New York,4129
2021-04-23,49.86826700716175,New York,4130
2021-04-24,63.801899196627446,New York,4131
2021-04-25,51.50575145087838,New York,4132
2021-04-26,57.311520803863274,New York,4133
2021-04-27,45.52610017505091,New York,4134
2021-04-28,55.92939212479046,New York,4135
2021-04-29,54.67926297633713,New York,4136
2021-04-30,65.70162814096554,New York,4137
2021-05-01,57.88386212868483,New York,4138
2021-05-02,47.727156842543415,New York,4139
2021-05-03,53.691139472896126,New York,4140
2021-05-04,37.9069482325799,New York,4141
2021-05-05,42.917805060627316,New York,4142
2021-05-06,67.6952687375073,New York,4143
2021-05-07,64.08976610983936,New York,4144
2021-05-08,55.796063215802356,New York,4145
2021-05-09,43.59478432911466,New York,4146
2021-05-10,75.99218274924905,New York,4147
2021-05-11,41.44503065127408,New York,4148
2021-05-12,54.25604531253866,New York,4149
2021-05-13,56.57884653659567,New York,4150
2021-05-14,66.11162037880527,New York,4151
2021-05-15,45.18980547495092,New York,4152
2021-05-16,56.19681745975639,New York,4153
2021-05-17,41.22458849782425,New York,4154
2021-05-18,41.31436828401225,New York,4155
2021-05-19,52.31814589129408,New York,4156
2021-05-20,51.92402405491396,New York,4157
2021-05-21,50.00781684965795,New York,4158
2021-05-22,64.86908740957787,New York,4159
2021-05-23,45.299515562215355,New York,4160
2021-05-24,70.88504071418771,New York,4161
2021-05-25,66.16882470915137,New York,4162
2021-05-26,58.214630135594064,New York,4163
2021-05-27,53.824164080580665,New York,4164
2021-05-28,68.49121420381185,New York,4165
2021-05-29,28.429743199500905,New York,4166
2021-05-30,45.60486640832667,New York,4167
2021-05-31,51.68649899223438,New York,4168
2021-06-01,39.54825776055122,New York,4169
2021-06-02,30.75658364478854,New York,4170
2021-06-03,46.67468126545546,New York,4171
2021-06-04,42.36449905296122,New York,4172
2021-06-05,33.39447562924066,New York,4173
2021-06-06,52.02849903039282,New York,4174
2021-06-07,47.65539397716651,New York,4175
2021-06-08,35.97786567369699,New York,4176
2021-06-09,71.83689209718645,New York,4177
2021-06-10,44.48903264602255,New York,4178
2021-06-11,46.82175762589646,New York,4179
2021-06-12,48.134377180675266,New York,4180
2021-06-13,55.144419090476404,New York,4181
2021-06-14,52.00711710194414,New York,4182
2021-06-15,27.728709834282633,New York,4183
2021-06-16,42.85667470250137,New York,4184
2021-06-17,63.419949022440264,New York,4185
2021-06-18,44.36768690259068,New York,4186
2021-06-19,28.485590435844554,New York,4187
2021-06-20,48.62904225032274,New York,4188
2021-06-21,53.54632153676493,New York,4189
2021-06-22,34.443916787176065,New York,4190
2021-06-23,53.9725467749244,New York,4191
2021-06-24,57.832503169518745,New York,4192
2021-06-25,43.734680265473166,New York,4193
2021-06-26,38.144699711825965,New York,4194
2021-06-27,48.100448537585706,New York,4195
2021-06-28,41.46826696015389,New York,4196
2021-06-29,30.16499962406316,New York,4197
2021-06-30,38.54305513401074,New York,4198
2021-07-01,19.29901894160993,New York,4199
2021-07-02,25.356693695182706,New York,4200
2021-07-03,41.66697080604365,New York,4201
2021-07-04,32.7131633598314,New York,4202
2021-07-05,31.767811813822483,New York,4203
2021-07-06,33.285723951383815,New York,4204
2021-07-07,37.47543840585695,New York,4205
2021-07-08,59.73896282547996,New York,4206
2021-07-09,54.98981583288481,New York,4207
2021-07-10,46.791333657686394,New York,4208
2021-07-11,46.27608331194881,New York,4209
2021-07-12,31.706335858028137,New York,4210
2021-07-13,55.00039057493588,New York,4211
2021-07-14,41.680180036537195,New York,4212
2021-07-15,46.45585866828466,New York,4213
2021-07-16,52.15761167001414,New York,4214
2021-07-17,51.23635003282886,New York,4215
2021-07-18,34.04425297832312,New York,4216
2021-07-19,62.56805728995505,New York,4217
2021-07-20,49.27457421062828,New York,4218
2021-07-21,56.72332671159633,New York,4219
2021-07-22,54.49319326118822,New York,4220
2021-07-23,40.4667347125971,New York,4221
2021-07-24,45.2394283873038,New York,4222
2021-07-25,38.20957446604901,New York,4223
2021-07-26,28.53938553598379,New York,4224
2021-07-27,51.61627176504277,New York,4225
2021-07-28,52.80819339924109,New York,4226
2021-07-29,28.057986888413733,New York,4227
2021-07-30,36.925435645738524,New York,4228
2021-07-31,47.89240922913173,New York,4229
2021-08-01,22.108539647919752,New York,4230
2021-08-02,29.591302321223758,New York,4231
2021-08-03,38.751202955763446,New York,4232
2021-08-04,40.733398219089345,New York,4233
2021-08-05,42.77536313083364,New York,4234
2021-08-06,48.030111969617266,New York,4235
2021-08-07,38.343804546383936,New York,4236
2021-08-08,28.982919941315433,New York,4237
2021-08-09,23.969811130007713,New York,4238
2021-08-10,31.490243785949758,New York,4239
2021-08-11,43.89675886924397,New York,4240
2021-08-12,37.11190037539845,New York,4241
2021-08-13,58.42634586973491,New York,4242
2021-08-14,37.06249738268532,New York,4243
2021-08-15,51.640839401004456,New York,4244
2021-08-16,16.190487282681435,New York,4245
2021-08-17,26.310363476432087,New York,4246
2021-08-18,47.97120087141418,New York,4247
2021-08-19,42.58272730345071,New York,4248
2021-08-20,57.20050618988304,New York,4249
2021-08-21,23.763415963862645,New York,4250
2021-08-22,35.718927220082634,New York,4251
2021-08-23,35.12937669740181,New York,4252
2021-08-24,46.68177972430406,New York,4253
2021-08-25,46.50732158135374,New York,4254
2021-08-26,30.485309793650657,New York,4255
2021-08-27,48.272868152044595,New York,4256
2021-08-28,37.058608351222546,New York,4257
2021-08-29,45.82459082609637,New York,4258
2021-08-30,22.36009486223428,New York,4259
2021-08-31,22.40174620232508,New York,4260
2021-09-01,16.921651960382178,New York,4261
2021-09-02,35.10548154320709,New York,4262
2021-09-03,38.83493755840449,New York,4263
2021-09-04,38.791854133807156,New York,4264
2021-09-05,22.808278605740608,New York,4265
2021-09-06,23.83624678658129,New York,4266
2021-09-07,36.664139997023696,New York,4267
2021-09-08,11.893894445842793,New York,4268
2021-09-09,28.203389056694405,New York,4269
2021-09-10,43.920463604805434,New York,4270
2021-09-11,27.895311707604264,New York,4271
2021-09-12,44.5487391289713,New York,4272
2021-09-13,41.38957705797596,New York,4273
2021-09-14,32.04263960662075,New York,4274
2021-09-15,36.48710973393959,New York,4275
2021-09-16,29.091345802287748,New York,4276
2021-09-17,27.98382023362388,New York,4277
2021-09-18,26.717709970715347,New York,4278
2021-09-19,37.06071839786118,New York,4279
2021-09-20,31.248128842475346,New York,4280
2021-09-21,34.31390650756097,New York,4281
2021-09-22,40.685246009375746,New York,4282
2021-09-23,47.80332981142503,New York,4283
2021-09-24,40.50221165448347,New York,4284
2021-09-25,37.960806185996944,New York,4285
2021-09-26,31.231071766576633,New York,4286
2021-09-27,27.21636152393691,New York,4287
2021-09-28,44.78516071543292,New York,4288
2021-09-29,53.354899072505376,New York,4289
2021-09-30,36.372101167319464,New York,4290
2021-10-01,14.312575366957308,New York,4291
2021-10-02,38.24350037590095,New York,4292
2021-10-03,38.37383053184907,New York,4293
2021-10-04,47.24214778855494,New York,4294
2021-10-05,47.94808483007902,New York,4295
2021-10-06,26.52554147506807,New York,4296
2021-10-07,36.77926124927315,New York,4297
2021-10-08,40.772858046157744,New York,4298
2021-10-09,58.892386242837006,New York,4299
2021-10-10,31.62872095758867,New York,4300
2021-10-11,20.202760927666336,New York,4301
2021-10-12,53.08997882353107,New York,4302
2021-10-13,47.35988295794085,New York,4303
2021-10-14,30.517001912501943,New York,4304
2021-10-15,18.13790617054573,New York,4305
2021-10-16,39.01876673581788,New York,4306
2021-10-17,24.6426285453679,New York,4307
2021-10-18,41.54976072076763,New York,4308
2021-10-19,40.6897751983812,New York,4309
2021-10-20,35.29322074355974,New York,4310
2021-10-21,27.029524857852145,New York,4311
2021-10-22,46.83657179077761,New York,4312
2021-10-23,30.762794795369185,New York,4313
2021-10-24,33.87727875377002,New York,4314
2021-10-25,41.56865770922151,New York,4315
2021-10-26,29.69352987154775,New York,4316
2021-10-27,44.029450643349165,New York,4317
2021-10-28,41.87469124900935,New York,4318
2021-10-29,40.624075778409235,New York,4319
2021-10-30,48.383902544272985,New York,4320
2021-10-31,25.83523029212167,New York,4321
2021-11-01,20.917484131034097,New York,4322
2021-11-02,46.64906218323744,New York,4323
2021-11-03,35.39418848346702,New York,4324
2021-11-04,56.43252363518914,New York,4325
2021-11-05,35.00006062334723,New York,4326
2021-11-06,32.513186531676254,New York,4327
2021-11-07,45.222283323805506,New York,4328
2021-11-08,27.74162606264961,New York,4329
2021-11-09,43.13042562636436,New York,4330
2021-11-10,30.68152474930217,New York,4331
2021-11-11,41.35656677227069,New York,4332
2021-11-12,21.6226901850722,New York,4333
2021-11-13,36.7728804591167,New York,4334
2021-11-14,49.27435648490657,New York,4335
2021-11-15,50.534873533877445,New York,4336
2021-11-16,32.74046016625998,New York,4337
2021-11-17,35.848018166261966,New York,4338
2021-11-18,33.015071844539904,New York,4339
2021-11-19,26.4494760073787,New York,4340
2021-11-20,34.78392737859944,New York,4341
2021-11-21,46.916143650994755,New York,4342
2021-11-22,30.920559725894933,New York,4343
2021-11-23,35.39549226346023,New York,4344
2021-11-24,48.91061981486319,New York,4345
2021-11-25,51.24843368533588,New York,4346
2021-11-26,42.26397014995787,New York,4347
2021-11-27,47.76513519904735,New York,4348
2021-11-28,13.989626165316967,New York,4349
2021-11-29,54.564749986671714,New York,4350
2021-11-30,58.44456750615673,New York,4351
2021-12-01,41.10375094905598,New York,4352
2021-12-02,54.770840223967866,New York,4353
2021-12-03,46.17844846105752,New York,4354
2021-12-04,66.77049689603858,New York,4355
2021-12-05,26.37589579019963,New York,4356
2021-12-06,23.611266051731352,New York,4357
2021-12-07,34.623858547564154,New York,4358
2021-12-08,58.16716991519631,New York,4359
2021-12-09,48.56950873736721,New York,4360
2021-12-10,39.00977962307075,New York,4361
2021-12-11,52.22569445938193,New York,4362
2021-12-12,60.80406460607052,New York,4363
2021-12-13,48.48461108074105,New York,4364
2021-12-14,30.626549354331935,New York,4365
2021-12-15,26.26906708287614,New York,4366
2021-12-16,50.850431192812124,New York,4367
2021-12-17,52.378066990436544,New York,4368
2021-12-18,34.80794207262394,New York,4369
2021-12-19,45.11993971364152,New York,4370
2021-12-20,29.05541689345455,New York,4371
2021-12-21,48.59351756766036,New York,4372
2021-12-22,39.85353667804633,New York,4373
2021-12-23,44.404448758587,New York,4374
2021-12-24,42.18531589313652,New York,4375
2021-12-25,39.422726119650704,New York,4376
2021-12-26,49.63923859741965,New York,4377
2021-12-27,37.82957738105184,New York,4378
2021-12-28,34.546350267495356,New York,4379
2021-12-29,48.24393623979593,New York,4380
2021-12-30,34.47247711265649,New York,4381
2021-12-31,49.930814987160225,New York,4382
2022-01-01,39.98400531669671,New York,4383
2022-01-02,40.29743712785557,New York,4384
2022-01-03,45.79441776765826,New York,4385
2022-01-04,35.69532636061151,New York,4386
2022-01-05,46.73124172046539,New York,4387
2022-01-06,56.01614220544977,New York,4388
2022-01-07,53.95742417117485,New York,4389
2022-01-08,47.92240754075669,New York,4390
2022-01-09,40.585179305030806,New York,4391
2022-01-10,54.59899943659655,New York,4392
2022-01-11,37.50663288041315,New York,4393
2022-01-12,46.855811883217505,New York,4394
2022-01-13,36.20653899346021,New York,4395
2022-01-14,28.531633934031635,New York,4396
2022-01-15,40.783587284349494,New York,4397
2022-01-16,43.22195398614049,New York,4398
2022-01-17,62.30426042671808,New York,4399
2022-01-18,65.08210682180373,New York,4400
2022-01-19,43.64548959805972,New York,4401
2022-01-20,47.23185779759426,New York,4402
2022-01-21,50.38493566795394,New York,4403
2022-01-22,35.87594174000222,New York,4404
2022-01-23,53.60112148545364,New York,4405
2022-01-24,53.59361177696685,New York,4406
2022-01-25,51.78640564532567,New York,4407
2022-01-26,47.70092534786534,New York,4408
2022-01-27,44.56682582503438,New York,4409
2022-01-28,61.24266505449947,New York,4410
2022-01-29,37.34958122303381,New York,4411
2022-01-30,57.308403265560536,New York,4412
2022-01-31,63.548660574577234,New York,4413
2022-02-01,45.95775513403172,New York,4414
2022-02-02,48.20283702819278,New York,4415
2022-02-03,42.955760964229476,New York,4416
2022-02-04,44.524874870281764,New York,4417
2022-02-05,53.47390348478138,New York,4418
2022-02-06,62.31170561510058,New York,4419
2022-02-07,36.03495248444007,New York,4420
2022-02-08,65.28982226940461,New York,4421
2022-02-09,52.37122017305406,New York,4422
2022-02-10,54.781147305260696,New York,4423
2022-02-11,43.97892189453006,New York,4424
2022-02-12,43.026674247665994,New York,4425
2022-02-13,54.810585253685,New York,4426
2022-02-14,61.553614868102926,New York,4427
2022-02-15,67.42932956292884,New York,4428
2022-02-16,58.09188654072951,New York,4429
2022-02-17,47.70631722339738,New York,4430
2022-02-18,59.78555120899349,New York,4431
2022-02-19,43.54999021389068,New York,4432
2022-02-20,44.12701254486455,New York,4433
2022-02-21,44.96855529443553,New York,4434
2022-02-22,50.287344986583705,New York,4435
2022-02-23,66.32100655274469,New York,4436
2022-02-24,58.76442661866642,New York,4437
2022-02-25,53.18720237864755,New York,4438
2022-02-26,70.83355545666217,New York,4439
2022-02-27,46.43009461769614,New York,4440
2022-02-28,59.890260777335456,New York,4441
2022-03-01,60.48229595484699,New York,4442
2022-03-02,47.11597170416284,New York,4443
2022-03-03,35.0676408245488,New York,4444
2022-03-04,62.98950388242941,New York,4445
2022-03-05,78.47099722744198,New York,4446
2022-03-06,49.15012331661951,New York,4447
2022-03-07,57.14254112916025,New York,4448
2022-03-08,74.52069768686533,New York,4449
2022-03-09,37.55564335411047,New York,4450
2022-03-10,42.376714512100854,New York,4451
2022-03-11,48.78535989329473,New York,4452
2022-03-12,63.40480641265621,New York,4453
2022-03-13,41.00588648489659,New York,4454
2022-03-14,71.9002694627704,New York,4455
2022-03-15,41.69925628853331,New York,4456
2022-03-16,43.7081909308205,New York,4457
2022-03-17,78.31621906697488,New York,4458
2022-03-18,62.3599972845007,New York,4459
2022-03-19,52.66638613052599,New York,4460
2022-03-20,67.39307625980283,New York,4461
2022-03-21,45.72931049212714,New York,4462
2022-03-22,41.75981789948257,New York,4463
2022-03-23,40.089342630773416,New York,4464
2022-03-24,46.64447080640406,New York,4465
2022-03-25,54.588933367296605,New York,4466
2022-03-26,66.14586440943913,New York,4467
2022-03-27,48.67949004046043,New York,4468
2022-03-28,59.33056970300815,New York,4469
2022-03-29,62.411681189583135,New York,4470
2022-03-30,47.23431060540845,New York,4471
2022-03-31,73.4160513352933,New York,4472
2022-04-01,71.0494101264565,New York,4473
2022-04-02,38.368279295521845,New York,4474
2022-04-03,54.59412962139862,New York,4475
2022-04-04,58.09590945484784,New York,4476
2022-04-05,50.929182425341544,New York,4477
2022-04-06,48.597797703112576,New York,4478
2022-04-07,44.38422711934442,New York,4479
2022-04-08,56.33093088831311,New York,4480
2022-04-09,47.32884254577834,New York,4481
2022-04-10,59.36629598827706,New York,4482
2022-04-11,79.38525535922209,New York,4483
2022-04-12,67.92373076809602,New York,4484
2022-04-13,51.34250917170013,New York,4485
2022-04-14,66.66359273669978,New York,4486
2022-04-15,41.19603996857232,New York,4487
2022-04-16,57.21145444120778,New York,4488
2022-04-17,51.750394153672815,New York,4489
2022-04-18,55.16585294543981,New York,4490
2022-04-19,57.748752673565555,New York,4491
2022-04-20,55.08803844599035,New York,4492
2022-04-21,49.024700233552394,New York,4493
2022-04-22,51.50864432579816,New York,4494
2022-04-23,60.08410230252679,New York,4495
2022-04-24,64.67550452958085,New York,4496
2022-04-25,56.437247700873066,New York,4497
2022-04-26,60.45515897961598,New York,4498
2022-04-27,44.586666579773635,New York,4499
2022-04-28,56.58490083820475,New York,4500
2022-04-29,61.446784919296555,New York,4501
2022-04-30,52.447869632801684,New York,4502
2022-05-01,61.84178281589613,New York,4503
2022-05-02,51.08537494343317,New York,4504
2022-05-03,46.21434498419219,New York,4505
2022-05-04,55.39810816812041,New York,4506
2022-05-05,59.37191234576811,New York,4507
2022-05-06,54.72174742819518,New York,4508
2022-05-07,39.648403021301604,New York,4509
2022-05-08,63.52711217224467,New York,4510
2022-05-09,38.81643021785878,New York,4511
2022-05-10,70.14014581389165,New York,4512
2022-05-11,29.75734605239994,New York,4513
2022-05-12,29.67464057114802,New York,4514
2022-05-13,43.776776000903105,New York,4515
2022-05-14,48.81186173981485,New York,4516
2022-05-15,54.4514334809347,New York,4517
2022-05-16,53.356427990545804,New York,4518
2022-05-17,51.36868517348563,New York,4519
2022-05-18,59.2646376746175,New York,4520
2022-05-19,63.249904247934154,New York,4521
2022-05-20,43.209560187995486,New York,4522
2022-05-21,76.0421330091066,New York,4523
2022-05-22,52.24942906705759,New York,4524
2022-05-23,48.02627312713577,New York,4525
2022-05-24,46.15386032676552,New York,4526
2022-05-25,22.506865286899494,New York,4527
2022-05-26,39.72014342655706,New York,4528
2022-05-27,47.391277724988825,New York,4529
2022-05-28,64.85704094919745,New York,4530
2022-05-29,32.67898185640588,New York,4531
2022-05-30,44.30367003589516,New York,4532
2022-05-31,44.43975561556285,New York,4533
2022-06-01,30.638546692713103,New York,4534
2022-06-02,59.47197111042355,New York,4535
2022-06-03,50.6432269889524,New York,4536
2022-06-04,57.22055001756968,New York,4537
2022-06-05,61.24743029779354,New York,4538
2022-06-06,60.68590531422484,New York,4539
2022-06-07,56.22185794907272,New York,4540
2022-06-08,53.18419097636911,New York,4541
2022-06-09,52.25882477530966,New York,4542
2022-06-10,39.517991057296044,New York,4543
2022-06-11,35.36337113744562,New York,4544
2022-06-12,48.5137354634213,New York,4545
2022-06-13,50.0852622635852,New York,4546
2022-06-14,61.76984114945575,New York,4547
2022-06-15,61.6288008113158,New York,4548
2022-06-16,46.41208007432595,New York,4549
2022-06-17,45.38227559648072,New York,4550
2022-06-18,46.707519976651845,New York,4551
2022-06-19,44.10074165041679,New York,4552
2022-06-20,67.95652154647235,New York,4553
2022-06-21,42.95266465348733,New York,4554
2022-06-22,41.91318149353941,New York,4555
2022-06-23,43.39839037411574,New York,4556
2022-06-24,32.57891021569943,New York,4557
2022-06-25,35.876557436215585,New York,4558
2022-06-26,36.81086996102053,New York,4559
2022-06-27,41.95928315390299,New York,4560
2022-06-28,31.165867022570364,New York,4561
2022-06-29,43.42942112524858,New York,4562
2022-06-30,33.01787894581065,New York,4563
2022-07-01,43.878310280824124,New York,4564
2022-07-02,37.377355966814214,New York,4565
2022-07-03,58.29859171368927,New York,4566
2022-07-04,49.300792863227116,New York,4567
2022-07-05,33.85662438955249,New York,4568
2022-07-06,47.135444929646134,New York,4569
2022-07-07,42.28187199718938,New York,4570
2022-07-08,50.03349273177763,New York,4571
2022-07-09,46.547100942094566,New York,4572
2022-07-10,21.930037775420388,New York,4573
2022-07-11,41.7773136639592,New York,4574
2022-07-12,52.678402341027734,New York,4575
2022-07-13,35.59889907676683,New York,4576
2022-07-14,40.67352581196783,New York,4577
2022-07-15,27.12717051462619,New York,4578
2022-07-16,51.79494772230022,New York,4579
2022-07-17,52.65278872752609,New York,4580
2022-07-18,45.128960446946806,New York,4581
2022-07-19,39.69389210886619,New York,4582
2022-07-20,51.56912342730679,New York,4583
2022-07-21,34.587353075731784,New York,4584
2022-07-22,33.09579816847644,New York,4585
2022-07-23,28.20490633090632,New York,4586
2022-07-24,28.71362757462543,New York,4587
2022-07-25,39.99409166838214,New York,4588
2022-07-26,44.831013955611745,New York,4589
2022-07-27,43.394084189610496,New York,4590
2022-07-28,48.3491810717765,New York,4591
2022-07-29,45.85226778641381,New York,4592
2022-07-30,38.07622851033368,New York,4593
2022-07-31,36.6455790277986,New York,4594
2022-08-01,51.759533836521804,New York,4595
2022-08-02,24.004818928782612,New York,4596
2022-08-03,57.203459190325745,New York,4597
2022-08-04,33.52508230919298,New York,4598
2022-08-05,33.607900217879624,New York,4599
2022-08-06,36.582642239380405,New York,4600
2022-08-07,57.25927602622079,New York,4601
2022-08-08,51.85757138364083,New York,4602
2022-08-09,52.493903341829736,New York,4603
2022-08-10,51.90040554548018,New York,4604
2022-08-11,36.43902579650744,New York,4605
2022-08-12,34.954844148589956,New York,4606
2022-08-13,25.806951609679665,New York,4607
2022-08-14,46.045010849232455,New York,4608
2022-08-15,39.05434307907362,New York,4609
2022-08-16,35.42955301198085,New York,4610
2022-08-17,58.12637455031795,New York,4611
2022-08-18,54.87999358859787,New York,4612
2022-08-19,34.83067232302277,New York,4613
2022-08-20,28.425287579798102,New York,4614
2022-08-21,54.09838944317846,New York,4615
2022-08-22,39.460591596817224,New York,4616
2022-08-23,36.55838024362358,New York,4617
2022-08-24,46.32318463681584,New York,4618
2022-08-25,17.06611278875802,New York,4619
2022-08-26,34.53766057666082,New York,4620
2022-08-27,52.15562792665611,New York,4621
2022-08-28,39.022956515945864,New York,4622
2022-08-29,31.05763637210586,New York,4623
2022-08-30,35.1915485057383,New York,4624
2022-08-31,27.13274635069248,New York,4625
2022-09-01,39.08156161670411,New York,4626
2022-09-02,40.45013538490309,New York,4627
2022-09-03,35.833393357477824,New York,4628
2022-09-04,36.71857427504853,New York,4629
2022-09-05,37.121725973985846,New York,4630
2022-09-06,26.811333358211044,New York,4631
2022-09-07,40.231338796434514,New York,4632
2022-09-08,34.801107551797905,New York,4633
2022-09-09,44.95200396777907,New York,4634
2022-09-10,25.660233831068222,New York,4635
2022-09-11,37.79062198843823,New York,4636
2022-09-12,31.465410167904444,New York,4637
2022-09-13,39.60890347351507,New York,4638
2022-09-14,39.57409919880669,New York,4639
2022-09-15,45.09206361238824,New York,4640
2022-09-16,24.133792492977538,New York,4641
2022-09-17,64.36518762674386,New York,4642
2022-09-18,49.86494444284081,New York,4643
2022-09-19,46.96388132596661,New York,4644
2022-09-20,47.30919816885249,New York,4645
2022-09-21,37.204508491037764,New York,4646
2022-09-22,53.53086681891389,New York,4647
2022-09-23,32.56952849806971,New York,4648
2022-09-24,22.670531195928987,New York,4649
2022-09-25,18.955524788777872,New York,4650
2022-09-26,31.174634058659297,New York,4651
2022-09-27,32.602640600037304,New York,4652
2022-09-28,24.16910959950732,New York,4653
2022-09-29,31.419341342632762,New York,4654
2022-09-30,38.92461105594027,New York,4655
2022-10-01,20.71711842295442,New York,4656
2022-10-02,33.05304777010305,New York,4657
2022-10-03,32.566867345648795,New York,4658
2022-10-04,30.938470068029645,New York,4659
2022-10-05,59.306293038013365,New York,4660
2022-10-06,25.31031471021583,New York,4661
2022-10-07,49.613101415866915,New York,4662
2022-10-08,33.54692290633036,New York,4663
2022-10-09,38.111025788020264,New York,4664
2022-10-10,49.78850247028312,New York,4665
2022-10-11,24.933195112692562,New York,4666
2022-10-12,35.238980273267146,New York,4667
2022-10-13,39.068096465099885,New York,4668
2022-10-14,45.41426401374289,New York,4669
2022-10-15,42.33488139637771,New York,4670
2022-10-16,34.15336023076377,New York,4671
2022-10-17,18.68769126660803,New York,4672
2022-10-18,32.70664901431545,New York,4673
2022-10-19,28.406417398445818,New York,4674
2022-10-20,38.66651155599957,New York,4675
2022-10-21,41.273168610704126,New York,4676
2022-10-22,39.957506836455245,New York,4677
2022-10-23,48.74519032812708,New York,4678
2022-10-24,43.34276140735175,New York,4679
2022-10-25,34.4289553396091,New York,4680
2022-10-26,29.61523740141797,New York,4681
2022-10-27,42.42931824641284,New York,4682
2022-10-28,34.68437177455293,New York,4683
2022-10-29,22.929821567614354,New York,4684
2022-10-30,37.58023456688949,New York,4685
2022-10-31,32.601478380811415,New York,4686
2022-11-01,37.73793037037915,New York,4687
2022-11-02,35.867840061388364,New York,4688
2022-11-03,44.790175452195655,New York,4689
2022-11-04,57.115869648078025,New York,4690
2022-11-05,29.682242794818592,New York,4691
2022-11-06,42.76260391036662,New York,4692
2022-11-07,32.37710373688144,New York,4693
2022-11-08,28.77189768640131,New York,4694
2022-11-09,49.36544150887407,New York,4695
2022-11-10,32.09829051843533,New York,4696
2022-11-11,29.439819488081028,New York,4697
2022-11-12,23.923667334826195,New York,4698
2022-11-13,25.91235689513836,New York,4699
2022-11-14,34.931236924260354,New York,4700
2022-11-15,33.702625075827285,New York,4701
2022-11-16,31.192216686310275,New York,4702
2022-11-17,27.492349510856798,New York,4703
2022-11-18,61.33500020019822,New York,4704
2022-11-19,37.66156433233097,New York,4705
2022-11-20,49.60076682978088,New York,4706
2022-11-21,24.260034796356408,New York,4707
2022-11-22,52.63977158694425,New York,4708
2022-11-23,47.40502635854146,New York,4709
2022-11-24,53.69113858409948,New York,4710
2022-11-25,47.13912443625306,New York,4711
2022-11-26,32.12532844136523,New York,4712
2022-11-27,30.877839911095215,New York,4713
2022-11-28,43.80383753481779,New York,4714
2022-11-29,39.282237446924356,New York,4715
2022-11-30,37.70626812673143,New York,4716
2022-12-01,35.657535611394906,New York,4717
2022-12-02,54.37355849504389,New York,4718
2022-12-03,24.659681318657093,New York,4719
2022-12-04,45.634860393181114,New York,4720
2022-12-05,36.8206000417961,New York,4721
2022-12-06,38.618280533718725,New York,4722
2022-12-07,27.316808716358416,New York,4723
2022-12-08,36.56902351059278,New York,4724
2022-12-09,28.558639558025003,New York,4725
2022-12-10,61.31034033955903,New York,4726
2022-12-11,37.25226122826106,New York,4727
2022-12-12,55.00253041176824,New York,4728
2022-12-13,44.25099378631736,New York,4729
2022-12-14,40.59345161838233,New York,4730
2022-12-15,39.624225943144815,New York,4731
2022-12-16,47.0536688841034,New York,4732
2022-12-17,43.20445700903908,New York,4733
2022-12-18,33.65201724538823,New York,4734
2022-12-19,52.20161238332108,New York,4735
2022-12-20,44.49201949817716,New York,4736
2022-12-21,44.76603090942588,New York,4737
2022-12-22,49.490290297605924,New York,4738
2022-12-23,37.236399544372794,New York,4739
2022-12-24,41.39149376025818,New York,4740
2022-12-25,52.07143246763866,New York,4741
2022-12-26,35.49947267948795,New York,4742
2022-12-27,46.466264932997504,New York,4743
2022-12-28,25.878904542517542,New York,4744
2022-12-29,28.133645497235673,New York,4745
2022-12-30,46.1040870215258,New York,4746
2022-12-31,53.100840903501194,New York,4747
