Date,AQI,State,Site ID
2010-01-01,62.46938775510204,California,0
2010-01-02,55.64150943396226,California,0
2010-01-03,52.24,California,0
2010-01-04,55.76,California,0
2010-01-05,62.43396226415094,California,0
2010-01-06,62.24,California,0
2010-01-07,62.16,California,0
2010-01-08,65.58490566037736,California,0
2010-01-09,49.94,California,0
2010-01-10,50.54,California,0
2010-01-11,55.41509433962264,California,0
2010-01-12,47.36,California,0
2010-01-13,45.4,California,0
2010-01-14,46.490566037735846,California,0
2010-01-15,55.11764705882353,California,0
2010-01-16,61.68,California,0
2010-01-17,50.24528301886792,California,0
2010-01-18,41.4,California,0
2010-01-19,40.18,California,0
2010-01-20,38.77358490566038,California,0
2010-01-21,36.04,California,0
2010-01-22,36.588235294117645,California,0
2010-01-23,43.64150943396226,California,0
2010-01-24,44.46,California,0
2010-01-25,42.46,California,0
2010-01-26,44.509433962264154,California,0
2010-01-27,42.74,California,0
2010-01-28,53.22,California,0
2010-01-29,58.886792452830186,California,0
2010-01-30,48.1,California,0
2010-01-31,48.28,California,0
2010-02-01,55.28846153846154,California,0
2010-02-02,54.7,California,0
2010-02-03,56.12,California,0
2010-02-04,57.34615384615385,California,0
2010-02-05,40.3,California,0
2010-02-06,35.76,California,0
2010-02-07,39.867924528301884,California,0
2010-02-08,39.14,California,0
2010-02-09,37.294117647058826,California,0
2010-02-10,41.0,California,0
2010-02-11,43.3,California,0
2010-02-12,45.1,California,0
2010-02-13,51.37735849056604,California,0
2010-02-14,50.12,California,0
2010-02-15,48.86,California,0
2010-02-16,51.36538461538461,California,0
2010-02-17,54.1,California,0
2010-02-18,60.26,California,0
2010-02-19,51.45283018867924,California,0
2010-02-20,42.22,California,0
2010-02-21,35.52,California,0
2010-02-22,41.24528301886792,California,0
2010-02-23,44.44,California,0
2010-02-24,39.86,California,0
2010-02-25,42.905660377358494,California,0
2010-02-26,44.24,California,0
2010-02-27,38.18,California,0
2010-02-28,41.660377358490564,California,0
2010-03-01,45.88,California,0
2010-03-02,39.62,California,0
2010-03-03,39.62264150943396,California,0
2010-03-04,41.28,California,0
2010-03-05,44.2,California,0
2010-03-06,45.0,California,0
2010-03-07,45.58,California,0
2010-03-08,42.98,California,0
2010-03-09,44.943396226415096,California,0
2010-03-10,41.84,California,0
2010-03-11,45.36,California,0
2010-03-12,43.54716981132076,California,0
2010-03-13,63.92,California,0
2010-03-14,43.12,California,0
2010-03-15,47.735849056603776,California,0
2010-03-16,53.06,California,0
2010-03-17,53.78,California,0
2010-03-18,77.8076923076923,California,0
2010-03-19,50.62,California,0
2010-03-20,55.64,California,0
2010-03-21,51.81132075471698,California,0
2010-03-22,54.02,California,0
2010-03-23,54.7,California,0
2010-03-24,50.867924528301884,California,0
2010-03-25,49.28,California,0
2010-03-26,45.08,California,0
2010-03-27,47.79245283018868,California,0
2010-03-28,51.22,California,0
2010-03-29,47.5,California,0
2010-03-30,91.60377358490567,California,0
2010-03-31,54.16326530612245,California,0
2010-04-01,43.48,California,0
2010-04-02,56.62264150943396,California,0
2010-04-03,60.28,California,0
2010-04-04,101.68,California,0
2010-04-05,44.943396226415096,California,0
2010-04-06,46.5,California,0
2010-04-07,47.48,California,0
2010-04-08,52.528301886792455,California,0
2010-04-09,54.14,California,0
2010-04-10,56.2,California,0
2010-04-11,155.8679245283019,California,0
2010-04-12,44.4,California,0
2010-04-13,46.56,California,0
2010-04-14,48.83018867924528,California,0
2010-04-15,55.34,California,0
2010-04-16,54.24,California,0
2010-04-17,51.20754716981132,California,0
2010-04-18,57.94,California,0
2010-04-19,52.54,California,0
2010-04-20,75.41509433962264,California,0
2010-04-21,42.34,California,0
2010-04-22,41.26,California,0
2010-04-23,51.37735849056604,California,0
2010-04-24,57.28,California,0
2010-04-25,63.22,California,0
2010-04-26,60.18867924528302,California,0
2010-04-27,166.88,California,0
2010-04-28,49.82,California,0
2010-04-29,40.132075471698116,California,0
2010-04-30,42.38,California,0
2010-05-01,50.24,California,0
2010-05-02,62.41509433962264,California,0
2010-05-03,57.36,California,0
2010-05-04,53.9,California,0
2010-05-05,58.16981132075472,California,0
2010-05-06,52.56,California,0
2010-05-07,56.88,California,0
2010-05-08,53.0377358490566,California,0
2010-05-09,47.68,California,0
2010-05-10,49.42,California,0
2010-05-11,40.943396226415096,California,0
2010-05-12,47.68,California,0
2010-05-13,57.7,California,0
2010-05-14,62.67307692307692,California,0
2010-05-15,74.20408163265306,California,0
2010-05-16,68.26530612244898,California,0
2010-05-17,46.113207547169814,California,0
2010-05-18,40.7,California,0
2010-05-19,45.22,California,0
2010-05-20,49.301886792452834,California,0
2010-05-21,114.28,California,0
2010-05-22,43.2,California,0
2010-05-23,40.056603773584904,California,0
2010-05-24,43.08,California,0
2010-05-25,74.5,California,0
2010-05-26,48.58490566037736,California,0
2010-05-27,82.04,California,0
2010-05-28,45.98,California,0
2010-05-29,51.745098039215684,California,0
2010-05-30,63.54,California,0
2010-05-31,51.1,California,0
2010-06-01,45.77358490566038,California,0
2010-06-02,39.1,California,0
2010-06-03,46.64,California,0
2010-06-04,41.63461538461539,California,0
2010-06-05,50.62,California,0
2010-06-06,47.18,California,0
2010-06-07,50.075471698113205,California,0
2010-06-08,59.6,California,0
2010-06-09,48.7,California,0
2010-06-10,52.301886792452834,California,0
2010-06-11,50.82,California,0
2010-06-12,48.78,California,0
2010-06-13,57.660377358490564,California,0
2010-06-14,74.14,California,0
2010-06-15,67.26,California,0
2010-06-16,55.69230769230769,California,0
2010-06-17,64.68,California,0
2010-06-18,63.12,California,0
2010-06-19,49.509433962264154,California,0
2010-06-20,52.12,California,0
2010-06-21,56.8,California,0
2010-06-22,70.46153846153847,California,0
2010-06-23,81.74,California,0
2010-06-24,62.94,California,0
2010-06-25,51.056603773584904,California,0
2010-06-26,58.12,California,0
2010-06-27,73.98,California,0
2010-06-28,78.43396226415095,California,0
2010-06-29,63.52,California,0
2010-06-30,65.3265306122449,California,0
2010-07-01,62.64150943396226,California,0
2010-07-02,60.44,California,0
2010-07-03,58.14,California,0
2010-07-04,70.03846153846153,California,0
2010-07-05,67.71428571428571,California,0
2010-07-06,59.96,California,0
2010-07-07,63.0,California,0
2010-07-08,75.82,California,0
2010-07-09,78.04,California,0
2010-07-10,81.56603773584905,California,0
2010-07-11,71.12,California,0
2010-07-12,65.54,California,0
2010-07-13,58.45283018867924,California,0
2010-07-14,69.42,California,0
2010-07-15,80.44,California,0
2010-07-16,77.09615384615384,California,0
2010-07-17,68.56,California,0
2010-07-18,63.72,California,0
2010-07-19,70.58490566037736,California,0
2010-07-20,76.56,California,0
2010-07-21,70.64,California,0
2010-07-22,74.26415094339623,California,0
2010-07-23,81.1,California,0
2010-07-24,85.04,California,0
2010-07-25,64.79245283018868,California,0
2010-07-26,61.94,California,0
2010-07-27,61.9,California,0
2010-07-28,55.132075471698116,California,0
2010-07-29,65.3,California,0
2010-07-30,71.04,California,0
2010-07-31,64.24528301886792,California,0
2010-08-01,67.16,California,0
2010-08-02,66.2,California,0
2010-08-03,72.4423076923077,California,0
2010-08-04,70.32,California,0
2010-08-05,66.92,California,0
2010-08-06,72.83018867924528,California,0
2010-08-07,69.06,California,0
2010-08-08,50.6,California,0
2010-08-09,51.528301886792455,California,0
2010-08-10,57.06,California,0
2010-08-11,46.1,California,0
2010-08-12,53.509433962264154,California,0
2010-08-13,59.58,California,0
2010-08-14,56.52,California,0
2010-08-15,57.905660377358494,California,0
2010-08-16,73.34,California,0
2010-08-17,72.08,California,0
2010-08-18,59.339622641509436,California,0
2010-08-19,71.26,California,0
2010-08-20,71.26,California,0
2010-08-21,54.13461538461539,California,0
2010-08-22,52.88,California,0
2010-08-23,75.18,California,0
2010-08-24,106.51923076923077,California,0
2010-08-25,117.56,California,0
2010-08-26,81.94117647058823,California,0
2010-08-27,67.15384615384616,California,0
2010-08-28,55.94,California,0
2010-08-29,47.02,California,0
2010-08-30,46.0188679245283,California,0
2010-08-31,56.94,California,0
2010-09-01,79.04,California,0
2010-09-02,100.77358490566037,California,0
2010-09-03,104.84,California,0
2010-09-04,86.7,California,0
2010-09-05,64.01886792452831,California,0
2010-09-06,64.94,California,0
2010-09-07,62.40816326530612,California,0
2010-09-08,44.867924528301884,California,0
2010-09-09,44.549019607843135,California,0
2010-09-10,55.82,California,0
2010-09-11,78.18867924528301,California,0
2010-09-12,79.6470588235294,California,0
2010-09-13,63.54,California,0
2010-09-14,56.54716981132076,California,0
2010-09-15,58.34,California,0
2010-09-16,54.36,California,0
2010-09-17,47.528301886792455,California,0
2010-09-18,49.12,California,0
2010-09-19,44.48,California,0
2010-09-20,43.60377358490566,California,0
2010-09-21,50.24,California,0
2010-09-22,47.92,California,0
2010-09-23,54.16981132075472,California,0
2010-09-24,73.66,California,0
2010-09-25,94.46,California,0
2010-09-26,90.35849056603773,California,0
2010-09-27,97.82,California,0
2010-09-28,96.9,California,0
2010-09-29,93.57692307692308,California,0
2010-09-30,85.44897959183673,California,0
2010-10-01,64.48,California,0
2010-10-02,66.22641509433963,California,0
2010-10-03,51.12,California,0
2010-10-04,47.12,California,0
2010-10-05,47.64150943396226,California,0
2010-10-06,50.1,California,0
2010-10-07,48.8,California,0
2010-10-08,51.84905660377358,California,0
2010-10-09,60.142857142857146,California,0
2010-10-10,61.265306122448976,California,0
2010-10-11,60.57692307692308,California,0
2010-10-12,65.3265306122449,California,0
2010-10-13,66.04081632653062,California,0
2010-10-14,69.4423076923077,California,0
2010-10-15,70.46938775510205,California,0
2010-10-16,59.53061224489796,California,0
2010-10-17,48.9622641509434,California,0
2010-10-18,52.755102040816325,California,0
2010-10-19,62.08163265306123,California,0
2010-10-20,60.745098039215684,California,0
2010-10-21,51.673469387755105,California,0
2010-10-22,46.91836734693877,California,0
2010-10-23,41.20754716981132,California,0
2010-10-24,52.91836734693877,California,0
2010-10-25,43.93877551020408,California,0
2010-10-26,45.411764705882355,California,0
2010-10-27,46.59183673469388,California,0
2010-10-28,50.270833333333336,California,0
2010-10-29,50.301886792452834,California,0
2010-10-30,45.326530612244895,California,0
2010-10-31,44.69387755102041,California,0
2010-11-01,45.80769230769231,California,0
2010-11-02,50.14,California,0
2010-11-03,57.8,California,0
2010-11-04,57.77358490566038,California,0
2010-11-05,58.666666666666664,California,0
2010-11-06,52.7,California,0
2010-11-07,42.716981132075475,California,0
2010-11-08,40.1,California,0
2010-11-09,42.48,California,0
2010-11-10,43.471698113207545,California,0
2010-11-11,41.82,California,0
2010-11-12,51.04,California,0
2010-11-13,51.60377358490566,California,0
2010-11-14,51.42,California,0
2010-11-15,55.08,California,0
2010-11-16,58.735849056603776,California,0
2010-11-17,63.78,California,0
2010-11-18,64.74,California,0
2010-11-19,67.01886792452831,California,0
2010-11-20,40.32,California,0
2010-11-21,40.6,California,0
2010-11-22,40.39622641509434,California,0
2010-11-23,40.46,California,0
2010-11-24,44.18,California,0
2010-11-25,56.54716981132076,California,0
2010-11-26,62.74,California,0
2010-11-27,53.26,California,0
2010-11-28,49.64150943396226,California,0
2010-11-29,48.6,California,0
2010-11-30,57.755102040816325,California,0
2010-12-01,60.9622641509434,California,0
2010-12-02,68.16,California,0
2010-12-03,72.64,California,0
2010-12-04,78.84905660377359,California,0
2010-12-05,63.6,California,0
2010-12-06,44.16,California,0
2010-12-07,50.16981132075472,California,0
2010-12-08,50.44,California,0
2010-12-09,60.98,California,0
2010-12-10,58.9622641509434,California,0
2010-12-11,50.96,California,0
2010-12-12,48.78,California,0
2010-12-13,52.075471698113205,California,0
2010-12-14,74.08,California,0
2010-12-15,44.88,California,0
2010-12-16,50.320754716981135,California,0
2010-12-17,45.46,California,0
2010-12-18,36.02,California,0
2010-12-19,36.0188679245283,California,0
2010-12-20,37.44,California,0
2010-12-21,38.44,California,0
2010-12-22,38.16981132075472,California,0
2010-12-23,46.94,California,0
2010-12-24,56.04,California,0
2010-12-25,53.905660377358494,California,0
2010-12-26,40.62,California,0
2010-12-27,45.56,California,0
2010-12-28,48.37735849056604,California,0
2010-12-29,39.52,California,0
2010-12-30,42.34,California,0
2010-12-31,53.61538461538461,California,0
2011-01-01,46.46,California,0
2011-01-02,40.3,California,0
2011-01-03,47.9622641509434,California,0
2011-01-04,48.2,California,0
2011-01-05,50.9,California,0
2011-01-06,54.84905660377358,California,0
2011-01-07,58.14,California,0
2011-01-08,59.38,California,0
2011-01-09,56.301886792452834,California,0
2011-01-10,57.16,California,0
2011-01-11,60.183673469387756,California,0
2011-01-12,59.716981132075475,California,0
2011-01-13,58.78,California,0
2011-01-14,51.58,California,0
2011-01-15,60.339622641509436,California,0
2011-01-16,63.16,California,0
2011-01-17,58.98,California,0
2011-01-18,53.20754716981132,California,0
2011-01-19,55.3,California,0
2011-01-20,56.62,California,0
2011-01-21,66.98113207547169,California,0
2011-01-22,63.46,California,0
2011-01-23,61.56,California,0
2011-01-24,60.24528301886792,California,0
2011-01-25,61.88,California,0
2011-01-26,60.06,California,0
2011-01-27,61.9811320754717,California,0
2011-01-28,57.9,California,0
2011-01-29,55.88,California,0
2011-01-30,47.24528301886792,California,0
2011-01-31,47.08,California,0
2011-02-01,50.0,California,0
2011-02-02,51.39622641509434,California,0
2011-02-03,56.9,California,0
2011-02-04,64.04,California,0
2011-02-05,76.13207547169812,California,0
2011-02-06,52.02,California,0
2011-02-07,58.0,California,0
2011-02-08,56.58490566037736,California,0
2011-02-09,44.28,California,0
2011-02-10,50.36734693877551,California,0
2011-02-11,54.16981132075472,California,0
2011-02-12,59.857142857142854,California,0
2011-02-13,59.48979591836735,California,0
2011-02-14,47.905660377358494,California,0
2011-02-15,56.51020408163265,California,0
2011-02-16,60.9375,California,0
2011-02-17,37.09615384615385,California,0
2011-02-18,39.61224489795919,California,0
2011-02-19,39.40816326530612,California,0
2011-02-20,46.19230769230769,California,0
2011-02-21,48.93877551020408,California,0
2011-02-22,47.734693877551024,California,0
2011-02-23,47.86538461538461,California,0
2011-02-24,44.72,California,0
2011-02-25,41.42,California,0
2011-02-26,42.132075471698116,California,0
2011-02-27,46.24,California,0
2011-02-28,49.26,California,0
2011-03-01,51.113207547169814,California,0
2011-03-02,46.125,California,0
2011-03-03,44.1875,California,0
2011-03-04,46.509433962264154,California,0
2011-03-05,48.755102040816325,California,0
2011-03-06,46.16326530612245,California,0
2011-03-07,46.15384615384615,California,0
2011-03-08,43.42857142857143,California,0
2011-03-09,50.857142857142854,California,0
2011-03-10,66.37735849056604,California,0
2011-03-11,48.02,California,0
2011-03-12,48.84,California,0
2011-03-13,47.886792452830186,California,0
2011-03-14,43.44,California,0
2011-03-15,52.36,California,0
2011-03-16,48.905660377358494,California,0
2011-03-17,50.78,California,0
2011-03-18,53.8,California,0
2011-03-19,46.0188679245283,California,0
2011-03-20,47.08,California,0
2011-03-21,44.54,California,0
2011-03-22,44.56603773584906,California,0
2011-03-23,43.12,California,0
2011-03-24,45.84,California,0
2011-03-25,43.18867924528302,California,0
2011-03-26,45.36,California,0
2011-03-27,42.98,California,0
2011-03-28,43.0188679245283,California,0
2011-03-29,46.5,California,0
2011-03-30,44.52,California,0
2011-03-31,49.80769230769231,California,0
2011-04-01,61.8,California,0
2011-04-02,52.36,California,0
2011-04-03,47.283018867924525,California,0
2011-04-04,48.84,California,0
2011-04-05,54.56,California,0
2011-04-06,53.490566037735846,California,0
2011-04-07,51.76,California,0
2011-04-08,46.18,California,0
2011-04-09,49.45283018867924,California,0
2011-04-10,52.0,California,0
2011-04-11,52.02,California,0
2011-04-12,51.094339622641506,California,0
2011-04-13,53.22,California,0
2011-04-14,59.3,California,0
2011-04-15,58.9811320754717,California,0
2011-04-16,54.54,California,0
2011-04-17,44.18,California,0
2011-04-18,41.94230769230769,California,0
2011-04-19,41.54,California,0
2011-04-20,73.40816326530613,California,0
2011-04-21,45.924528301886795,California,0
2011-04-22,48.62,California,0
2011-04-23,47.36,California,0
2011-04-24,40.867924528301884,California,0
2011-04-25,49.52,California,0
2011-04-26,52.54,California,0
2011-04-27,57.094339622641506,California,0
2011-04-28,56.9,California,0
2011-04-29,54.68,California,0
2011-04-30,48.094339622641506,California,0
2011-05-01,55.04,California,0
2011-05-02,65.02,California,0
2011-05-03,66.37735849056604,California,0
2011-05-04,82.24,California,0
2011-05-05,98.36,California,0
2011-05-06,72.64150943396227,California,0
2011-05-07,56.02,California,0
2011-05-08,49.224489795918366,California,0
2011-05-09,46.43396226415094,California,0
2011-05-10,50.1,California,0
2011-05-11,56.04,California,0
2011-05-12,57.094339622641506,California,0
2011-05-13,69.44,California,0
2011-05-14,54.88,California,0
2011-05-15,44.18867924528302,California,0
2011-05-16,42.56,California,0
2011-05-17,42.26,California,0
2011-05-18,40.509433962264154,California,0
2011-05-19,48.14,California,0
2011-05-20,57.28,California,0
2011-05-21,60.528301886792455,California,0
2011-05-22,54.3,California,0
2011-05-23,55.66,California,0
2011-05-24,63.39622641509434,California,0
2011-05-25,175.92,California,0
2011-05-26,51.549019607843135,California,0
2011-05-27,50.0188679245283,California,0
2011-05-28,73.66,California,0
2011-05-29,45.28,California,0
2011-05-30,51.0377358490566,California,0
2011-05-31,89.46,California,0
2011-06-01,53.74,California,0
2011-06-02,43.094339622641506,California,0
2011-06-03,50.56,California,0
2011-06-04,49.72,California,0
2011-06-05,43.75471698113208,California,0
2011-06-06,41.92,California,0
2011-06-07,48.285714285714285,California,0
2011-06-08,55.62264150943396,California,0
2011-06-09,63.58,California,0
2011-06-10,66.26,California,0
2011-06-11,54.35849056603774,California,0
2011-06-12,53.1,California,0
2011-06-13,48.5,California,0
2011-06-14,68.33962264150944,California,0
2011-06-15,82.58,California,0
2011-06-16,67.18,California,0
2011-06-17,69.15094339622641,California,0
2011-06-18,69.84,California,0
2011-06-19,55.06,California,0
2011-06-20,71.66037735849056,California,0
2011-06-21,103.38,California,0
2011-06-22,94.12,California,0
2011-06-23,69.09615384615384,California,0
2011-06-24,74.96,California,0
2011-06-25,86.2,California,0
2011-06-26,77.79245283018868,California,0
2011-06-27,71.24,California,0
2011-06-28,57.24,California,0
2011-06-29,40.01923076923077,California,0
2011-06-30,52.183673469387756,California,0
2011-07-01,76.4,California,0
2011-07-02,92.54716981132076,California,0
2011-07-03,86.26,California,0
2011-07-04,84.12,California,0
2011-07-05,83.62264150943396,California,0
2011-07-06,85.28,California,0
2011-07-07,68.72,California,0
2011-07-08,77.0,California,0
2011-07-09,71.03921568627452,California,0
2011-07-10,67.5,California,0
2011-07-11,48.528301886792455,California,0
2011-07-12,45.56,California,0
2011-07-13,41.7,California,0
2011-07-14,42.9811320754717,California,0
2011-07-15,44.02,California,0
2011-07-16,40.78,California,0
2011-07-17,44.62264150943396,California,0
2011-07-18,52.04,California,0
2011-07-19,49.8,California,0
2011-07-20,61.301886792452834,California,0
2011-07-21,75.6,California,0
2011-07-22,73.76,California,0
2011-07-23,64.86792452830188,California,0
2011-07-24,61.16,California,0
2011-07-25,57.0,California,0
2011-07-26,50.81132075471698,California,0
2011-07-27,66.38,California,0
2011-07-28,81.12,California,0
2011-07-29,76.26415094339623,California,0
2011-07-30,66.06,California,0
2011-07-31,62.204081632653065,California,0
2011-08-01,73.56603773584905,California,0
2011-08-02,72.26,California,0
2011-08-03,73.54,California,0
2011-08-04,51.41509433962264,California,0
2011-08-05,57.12,California,0
2011-08-06,61.32,California,0
2011-08-07,57.56603773584906,California,0
2011-08-08,63.6,California,0
2011-08-09,73.0,California,0
2011-08-10,74.66037735849056,California,0
2011-08-11,70.04,California,0
2011-08-12,77.02,California,0
2011-08-13,79.22641509433963,California,0
2011-08-14,64.46,California,0
2011-08-15,58.08,California,0
2011-08-16,61.56603773584906,California,0
2011-08-17,71.16,California,0
2011-08-18,75.0,California,0
2011-08-19,63.735849056603776,California,0
2011-08-20,60.68627450980392,California,0
2011-08-21,58.470588235294116,California,0
2011-08-22,60.81132075471698,California,0
2011-08-23,87.03921568627452,California,0
2011-08-24,85.86274509803921,California,0
2011-08-25,68.22641509433963,California,0
2011-08-26,80.76470588235294,California,0
2011-08-27,82.76470588235294,California,0
2011-08-28,81.66037735849056,California,0
2011-08-29,79.76470588235294,California,0
2011-08-30,73.70588235294117,California,0
2011-08-31,76.62264150943396,California,0
2011-09-01,81.05882352941177,California,0
2011-09-02,89.3529411764706,California,0
2011-09-03,91.30188679245283,California,0
2011-09-04,87.3921568627451,California,0
2011-09-05,74.05882352941177,California,0
2011-09-06,72.0,California,0
2011-09-07,79.68627450980392,California,0
2011-09-08,72.6470588235294,California,0
2011-09-09,81.17307692307692,California,0
2011-09-10,72.6470588235294,California,0
2011-09-11,61.705882352941174,California,0
2011-09-12,70.0754716981132,California,0
2011-09-13,74.37254901960785,California,0
2011-09-14,74.92156862745098,California,0
2011-09-15,66.64150943396227,California,0
2011-09-16,57.431372549019606,California,0
2011-09-17,61.07843137254902,California,0
2011-09-18,69.47169811320755,California,0
2011-09-19,82.82352941176471,California,0
2011-09-20,81.7843137254902,California,0
2011-09-21,76.49056603773585,California,0
2011-09-22,85.17647058823529,California,0
2011-09-23,90.98039215686275,California,0
2011-09-24,60.924528301886795,California,0
2011-09-25,45.09803921568628,California,0
2011-09-26,51.35294117647059,California,0
2011-09-27,63.283018867924525,California,0
2011-09-28,84.86274509803921,California,0
2011-09-29,84.0,California,0
2011-09-30,62.90384615384615,California,0
2011-10-01,49.549019607843135,California,0
2011-10-02,45.0,California,0
2011-10-03,48.660377358490564,California,0
2011-10-04,42.11764705882353,California,0
2011-10-05,40.13725490196079,California,0
2011-10-06,39.9811320754717,California,0
2011-10-07,44.76470588235294,California,0
2011-10-08,50.05882352941177,California,0
2011-10-09,51.943396226415096,California,0
2011-10-10,46.31372549019608,California,0
2011-10-11,43.92156862745098,California,0
2011-10-12,53.0377358490566,California,0
2011-10-13,62.294117647058826,California,0
2011-10-14,70.05882352941177,California,0
2011-10-15,70.77358490566037,California,0
2011-10-16,59.431372549019606,California,0
2011-10-17,55.86274509803921,California,0
2011-10-18,60.56603773584906,California,0
2011-10-19,58.11764705882353,California,0
2011-10-20,61.07843137254902,California,0
2011-10-21,61.924528301886795,California,0
2011-10-22,63.35294117647059,California,0
2011-10-23,66.2156862745098,California,0
2011-10-24,67.9622641509434,California,0
2011-10-25,57.68627450980392,California,0
2011-10-26,53.68627450980392,California,0
2011-10-27,62.490566037735846,California,0
2011-10-28,60.549019607843135,California,0
2011-10-29,63.372549019607845,California,0
2011-10-30,64.64150943396227,California,0
2011-10-31,61.94117647058823,California,0
2011-11-01,59.3921568627451,California,0
2011-11-02,56.79245283018868,California,0
2011-11-03,90.5576923076923,California,0
2011-11-04,42.21568627450981,California,0
2011-11-05,47.264150943396224,California,0
2011-11-06,42.745098039215684,California,0
2011-11-07,45.529411764705884,California,0
2011-11-08,57.15094339622642,California,0
2011-11-09,61.1764705882353,California,0
2011-11-10,61.529411764705884,California,0
2011-11-11,58.62264150943396,California,0
2011-11-12,53.27450980392157,California,0
2011-11-13,54.31372549019608,California,0
2011-11-14,57.0188679245283,California,0
2011-11-15,60.09803921568628,California,0
2011-11-16,63.18,California,0
2011-11-17,61.54716981132076,California,0
2011-11-18,120.2156862745098,California,0
2011-11-19,45.68627450980392,California,0
2011-11-20,40.64150943396226,California,0
2011-11-21,48.82,California,0
2011-11-22,51.627450980392155,California,0
2011-11-23,54.490566037735846,California,0
2011-11-24,51.27450980392157,California,0
2011-11-25,51.88235294117647,California,0
2011-11-26,55.320754716981135,California,0
2011-11-27,58.15686274509804,California,0
2011-11-28,57.588235294117645,California,0
2011-11-29,61.7037037037037,California,0
2011-11-30,69.1,California,0
2011-12-01,336.37254901960785,California,0
2011-12-02,51.886792452830186,California,0
2011-12-03,49.529411764705884,California,0
2011-12-04,57.90196078431372,California,0
2011-12-05,58.31481481481482,California,0
2011-12-06,64.66666666666667,California,0
2011-12-07,65.94117647058823,California,0
2011-12-08,73.01886792452831,California,0
2011-12-09,78.82,California,0
2011-12-10,79.3529411764706,California,0
2011-12-11,81.55555555555556,California,0
2011-12-12,70.84,California,0
2011-12-13,66.54901960784314,California,0
2011-12-14,67.33962264150944,California,0
2011-12-15,61.09803921568628,California,0
2011-12-16,56.294117647058826,California,0
2011-12-17,76.25925925925925,California,0
2011-12-18,73.25490196078431,California,0
2011-12-19,65.13725490196079,California,0
2011-12-20,79.20754716981132,California,0
2011-12-21,75.19607843137256,California,0
2011-12-22,59.549019607843135,California,0
2011-12-23,73.42592592592592,California,0
2011-12-24,81.82352941176471,California,0
2011-12-25,92.45098039215686,California,0
2011-12-26,82.26415094339623,California,0
2011-12-27,68.96078431372548,California,0
2011-12-28,77.31372549019608,California,0
2011-12-29,78.64814814814815,California,0
2011-12-30,78.92,California,0
2011-12-31,66.38775510204081,California,0
2012-01-01,79.39622641509433,California,0
2012-01-02,73.19607843137256,California,0
2012-01-03,66.7843137254902,California,0
2012-01-04,70.64814814814815,California,0
2012-01-05,65.72549019607843,California,0
2012-01-06,64.45098039215686,California,0
2012-01-07,57.79245283018868,California,0
2012-01-08,61.72549019607843,California,0
2012-01-09,70.56862745098039,California,0
2012-01-10,72.22222222222223,California,0
2012-01-11,67.49019607843137,California,0
2012-01-12,64.98039215686275,California,0
2012-01-13,67.15094339622641,California,0
2012-01-14,71.68627450980392,California,0
2012-01-15,87.03921568627452,California,0
2012-01-16,49.132075471698116,California,0
2012-01-17,54.48076923076923,California,0
2012-01-18,61.15686274509804,California,0
2012-01-19,93.69811320754717,California,0
2012-01-20,59.36,California,0
2012-01-21,45.28,California,0
2012-01-22,44.735849056603776,California,0
2012-01-23,38.86,California,0
2012-01-24,44.333333333333336,California,0
2012-01-25,51.58490566037736,California,0
2012-01-26,50.14,California,0
2012-01-27,45.84615384615385,California,0
2012-01-28,53.867924528301884,California,0
2012-01-29,56.627450980392155,California,0
2012-01-30,58.705882352941174,California,0
2012-01-31,58.9622641509434,California,0
2012-02-01,56.8235294117647,California,0
2012-02-02,49.490196078431374,California,0
2012-02-03,53.925925925925924,California,0
2012-02-04,54.27450980392157,California,0
2012-02-05,52.94117647058823,California,0
2012-02-06,52.79245283018868,California,0
2012-02-07,45.96078431372549,California,0
2012-02-08,48.26923076923077,California,0
2012-02-09,53.77358490566038,California,0
2012-02-10,51.72549019607843,California,0
2012-02-11,39.588235294117645,California,0
2012-02-12,43.36538461538461,California,0
2012-02-13,42.02040816326531,California,0
2012-02-14,42.88235294117647,California,0
2012-02-15,42.98148148148148,California,0
2012-02-16,44.72549019607843,California,0
2012-02-17,49.490196078431374,California,0
2012-02-18,48.94230769230769,California,0
2012-02-19,43.88,California,0
2012-02-20,44.02,California,0
2012-02-21,47.72222222222222,California,0
2012-02-22,46.529411764705884,California,0
2012-02-23,46.72549019607843,California,0
2012-02-24,53.77358490566038,California,0
2012-02-25,48.6,California,0
2012-02-26,46.98,California,0
2012-02-27,47.851851851851855,California,0
2012-02-28,45.549019607843135,California,0
2012-02-29,45.72549019607843,California,0
2012-03-01,47.62264150943396,California,0
2012-03-02,44.01960784313726,California,0
2012-03-03,48.80392156862745,California,0
2012-03-04,50.75471698113208,California,0
2012-03-05,47.78846153846154,California,0
2012-03-06,86.37254901960785,California,0
2012-03-07,52.61538461538461,California,0
2012-03-08,50.96078431372549,California,0
2012-03-09,56.705882352941174,California,0
2012-03-10,52.166666666666664,California,0
2012-03-11,46.05882352941177,California,0
2012-03-12,61.666666666666664,California,0
2012-03-13,44.490566037735846,California,0
2012-03-14,37.05882352941177,California,0
2012-03-15,38.372549019607845,California,0
2012-03-16,42.283018867924525,California,0
2012-03-17,41.80392156862745,California,0
2012-03-18,39.27450980392157,California,0
2012-03-19,41.301886792452834,California,0
2012-03-20,46.666666666666664,California,0
2012-03-21,48.23529411764706,California,0
2012-03-22,45.24074074074074,California,0
2012-03-23,46.549019607843135,California,0
2012-03-24,45.490196078431374,California,0
2012-03-25,42.490566037735846,California,0
2012-03-26,40.78431372549019,California,0
2012-03-27,43.96078431372549,California,0
2012-03-28,44.867924528301884,California,0
2012-03-29,54.44,California,0
2012-03-30,53.9,California,0
2012-03-31,86.19607843137256,California,0
2012-04-01,48.0,California,0
2012-04-02,44.22,California,0
2012-04-03,50.388888888888886,California,0
2012-04-04,47.549019607843135,California,0
2012-04-05,45.31372549019608,California,0
2012-04-06,45.25,California,0
2012-04-07,59.0,California,0
2012-04-08,73.25490196078431,California,0
2012-04-09,69.81481481481481,California,0
2012-04-10,49.64705882352941,California,0
2012-04-11,42.627450980392155,California,0
2012-04-12,47.54716981132076,California,0
2012-04-13,45.6078431372549,California,0
2012-04-14,43.76470588235294,California,0
2012-04-15,48.43396226415094,California,0
2012-04-16,49.07843137254902,California,0
2012-04-17,47.6078431372549,California,0
2012-04-18,47.92307692307692,California,0
2012-04-19,43.588235294117645,California,0
2012-04-20,49.86274509803921,California,0
2012-04-21,61.51851851851852,California,0
2012-04-22,62.470588235294116,California,0
2012-04-23,50.23529411764706,California,0
2012-04-24,38.20754716981132,California,0
2012-04-25,38.98039215686274,California,0
2012-04-26,70.80392156862744,California,0
2012-04-27,46.407407407407405,California,0
2012-04-28,52.529411764705884,California,0
2012-04-29,53.68627450980392,California,0
2012-04-30,56.41509433962264,California,0
2012-05-01,53.05882352941177,California,0
2012-05-02,55.745098039215684,California,0
2012-05-03,49.75925925925926,California,0
2012-05-04,49.80392156862745,California,0
2012-05-05,60.84313725490196,California,0
2012-05-06,63.735849056603776,California,0
2012-05-07,71.03921568627452,California,0
2012-05-08,80.68627450980392,California,0
2012-05-09,88.74074074074075,California,0
2012-05-10,76.19607843137256,California,0
2012-05-11,73.13725490196079,California,0
2012-05-12,81.28301886792453,California,0
2012-05-13,73.72549019607843,California,0
2012-05-14,85.96078431372548,California,0
2012-05-15,60.55555555555556,California,0
2012-05-16,76.45098039215686,California,0
2012-05-17,73.80392156862744,California,0
2012-05-18,67.56603773584905,California,0
2012-05-19,79.17647058823529,California,0
2012-05-20,79.03921568627452,California,0
2012-05-21,68.01851851851852,California,0
2012-05-22,64.6470588235294,California,0
2012-05-23,64.17647058823529,California,0
2012-05-24,64.62264150943396,California,0
2012-05-25,126.6470588235294,California,0
2012-05-26,43.78431372549019,California,0
2012-05-27,46.490566037735846,California,0
2012-05-28,54.470588235294116,California,0
2012-05-29,58.372549019607845,California,0
2012-05-30,71.13207547169812,California,0
2012-05-31,88.29411764705883,California,0
2012-06-01,90.50980392156863,California,0
2012-06-02,52.9811320754717,California,0
2012-06-03,54.80392156862745,California,0
2012-06-04,79.24,California,0
2012-06-05,43.471698113207545,California,0
2012-06-06,49.35294117647059,California,0
2012-06-07,56.80392156862745,California,0
2012-06-08,57.943396226415096,California,0
2012-06-09,57.31372549019608,California,0
2012-06-10,58.549019607843135,California,0
2012-06-11,71.86792452830188,California,0
2012-06-12,77.29411764705883,California,0
2012-06-13,66.92156862745098,California,0
2012-06-14,73.15094339622641,California,0
2012-06-15,70.3076923076923,California,0
2012-06-16,72.94117647058823,California,0
2012-06-17,72.60377358490567,California,0
2012-06-18,70.29411764705883,California,0
2012-06-19,72.50980392156863,California,0
2012-06-20,83.77777777777777,California,0
2012-06-21,71.90196078431373,California,0
2012-06-22,42.627450980392155,California,0
2012-06-23,51.9622641509434,California,0
2012-06-24,48.3921568627451,California,0
2012-06-25,56.0,California,0
2012-06-26,47.735849056603776,California,0
2012-06-27,61.3921568627451,California,0
2012-06-28,58.88235294117647,California,0
2012-06-29,51.528301886792455,California,0
2012-06-30,48.64,California,0
2012-07-01,41.13725490196079,California,0
2012-07-02,49.55555555555556,California,0
2012-07-03,62.96,California,0
2012-07-04,71.52,California,0
2012-07-05,58.679245283018865,California,0
2012-07-06,65.22,California,0
2012-07-07,77.3,California,0
2012-07-08,74.90566037735849,California,0
2012-07-09,92.52,California,0
2012-07-10,112.5,California,0
2012-07-11,110.15094339622641,California,0
2012-07-12,109.72549019607843,California,0
2012-07-13,77.68627450980392,California,0
2012-07-14,68.28301886792453,California,0
2012-07-15,68.13725490196079,California,0
2012-07-16,49.8235294117647,California,0
2012-07-17,43.77358490566038,California,0
2012-07-18,54.48,California,0
2012-07-19,57.8,California,0
2012-07-20,57.15094339622642,California,0
2012-07-21,72.96078431372548,California,0
2012-07-22,74.27450980392157,California,0
2012-07-23,69.01886792452831,California,0
2012-07-24,68.15686274509804,California,0
2012-07-25,72.47058823529412,California,0
2012-07-26,66.11320754716981,California,0
2012-07-27,65.62745098039215,California,0
2012-07-28,68.4,California,0
2012-07-29,65.78846153846153,California,0
2012-07-30,82.0,California,0
2012-07-31,85.96,California,0
2012-08-01,84.79245283018868,California,0
2012-08-02,93.0,California,0
2012-08-03,83.6,California,0
2012-08-04,63.9811320754717,California,0
2012-08-05,62.1764705882353,California,0
2012-08-06,58.98039215686274,California,0
2012-08-07,62.64150943396226,California,0
2012-08-08,76.43137254901961,California,0
2012-08-09,94.58823529411765,California,0
2012-08-10,92.41509433962264,California,0
2012-08-11,104.23529411764706,California,0
2012-08-12,90.6470588235294,California,0
2012-08-13,97.88679245283019,California,0
2012-08-14,83.3,California,0
2012-08-15,78.22,California,0
2012-08-16,77.71698113207547,California,0
2012-08-17,68.6078431372549,California,0
2012-08-18,58.86274509803921,California,0
2012-08-19,58.37735849056604,California,0
2012-08-20,66.70588235294117,California,0
2012-08-21,57.35294117647059,California,0
2012-08-22,60.716981132075475,California,0
2012-08-23,62.98039215686274,California,0
2012-08-24,74.56862745098039,California,0
2012-08-25,70.84905660377359,California,0
2012-08-26,52.72549019607843,California,0
2012-08-27,60.6,California,0
2012-08-28,65.11764705882354,California,0
2012-08-29,79.58,California,0
2012-08-30,88.54,California,0
2012-08-31,59.20754716981132,California,0
2012-09-01,59.745098039215684,California,0
2012-09-02,77.09803921568627,California,0
2012-09-03,84.32075471698113,California,0
2012-09-04,76.58823529411765,California,0
2012-09-05,68.6078431372549,California,0
2012-09-06,71.79245283018868,California,0
2012-09-07,71.19607843137256,California,0
2012-09-08,66.58823529411765,California,0
2012-09-09,60.20754716981132,California,0
2012-09-10,62.490196078431374,California,0
2012-09-11,70.45098039215686,California,0
2012-09-12,72.50943396226415,California,0
2012-09-13,81.15686274509804,California,0
2012-09-14,81.0,California,0
2012-09-15,69.90566037735849,California,0
2012-09-16,62.03921568627451,California,0
2012-09-17,58.09803921568628,California,0
2012-09-18,60.094339622641506,California,0
2012-09-19,64.3529411764706,California,0
2012-09-20,70.88235294117646,California,0
2012-09-21,73.28301886792453,California,0
2012-09-22,84.62745098039215,California,0
2012-09-23,68.3921568627451,California,0
2012-09-24,53.9622641509434,California,0
2012-09-25,60.98039215686274,California,0
2012-09-26,75.56862745098039,California,0
2012-09-27,81.94339622641509,California,0
2012-09-28,73.96078431372548,California,0
2012-09-29,73.13725490196079,California,0
2012-09-30,78.40384615384616,California,0
2012-10-01,84.82352941176471,California,0
2012-10-02,92.43137254901961,California,0
2012-10-03,82.41509433962264,California,0
2012-10-04,60.05769230769231,California,0
2012-10-05,51.509803921568626,California,0
2012-10-06,47.679245283018865,California,0
2012-10-07,45.745098039215684,California,0
2012-10-08,45.03921568627451,California,0
2012-10-09,45.886792452830186,California,0
2012-10-10,45.450980392156865,California,0
2012-10-11,44.411764705882355,California,0
2012-10-12,41.56603773584906,California,0
2012-10-13,48.21568627450981,California,0
2012-10-14,48.411764705882355,California,0
2012-10-15,49.35849056603774,California,0
2012-10-16,49.05882352941177,California,0
2012-10-17,60.294117647058826,California,0
2012-10-18,70.09433962264151,California,0
2012-10-19,51.19607843137255,California,0
2012-10-20,46.07843137254902,California,0
2012-10-21,42.41509433962264,California,0
2012-10-22,42.84313725490196,California,0
2012-10-23,39.76,California,0
2012-10-24,39.735849056603776,California,0
2012-10-25,41.333333333333336,California,0
2012-10-26,46.68627450980392,California,0
2012-10-27,48.83018867924528,California,0
2012-10-28,52.8235294117647,California,0
2012-10-29,57.254901960784316,California,0
2012-10-30,57.62264150943396,California,0
2012-10-31,48.72,California,0
2012-11-01,45.46,California,0
2012-11-02,50.22641509433962,California,0
2012-11-03,54.568627450980394,California,0
2012-11-04,52.68627450980392,California,0
2012-11-05,54.301886792452834,California,0
2012-11-06,57.84313725490196,California,0
2012-11-07,61.1764705882353,California,0
2012-11-08,127.41509433962264,California,0
2012-11-09,39.76470588235294,California,0
2012-11-10,45.35294117647059,California,0
2012-11-11,54.9811320754717,California,0
2012-11-12,56.705882352941174,California,0
2012-11-13,55.35294117647059,California,0
2012-11-14,60.490566037735846,California,0
2012-11-15,68.23529411764706,California,0
2012-11-16,62.68627450980392,California,0
2012-11-17,41.37735849056604,California,0
2012-11-18,40.745098039215684,California,0
2012-11-19,45.3921568627451,California,0
2012-11-20,46.54716981132076,California,0
2012-11-21,48.294117647058826,California,0
2012-11-22,50.27450980392157,California,0
2012-11-23,58.54716981132076,California,0
2012-11-24,56.84615384615385,California,0
2012-11-25,59.15686274509804,California,0
2012-11-26,68.11320754716981,California,0
2012-11-27,72.49019607843137,California,0
2012-11-28,63.15686274509804,California,0
2012-11-29,87.66037735849056,California,0
2012-11-30,49.94117647058823,California,0
2012-12-01,38.23076923076923,California,0
2012-12-02,54.735849056603776,California,0
2012-12-03,41.549019607843135,California,0
2012-12-04,49.666666666666664,California,0
2012-12-05,46.60377358490566,California,0
2012-12-06,44.09803921568628,California,0
2012-12-07,50.411764705882355,California,0
2012-12-08,60.509433962264154,California,0
2012-12-09,58.35294117647059,California,0
2012-12-10,55.90196078431372,California,0
2012-12-11,61.528301886792455,California,0
2012-12-12,45.450980392156865,California,0
2012-12-13,42.1764705882353,California,0
2012-12-14,51.38461538461539,California,0
2012-12-15,53.98039215686274,California,0
2012-12-16,50.23529411764706,California,0
2012-12-17,41.69230769230769,California,0
2012-12-18,42.64705882352941,California,0
2012-12-19,46.1764705882353,California,0
2012-12-20,49.05769230769231,California,0
2012-12-21,56.07843137254902,California,0
2012-12-22,45.03921568627451,California,0
2012-12-23,42.490566037735846,California,0
2012-12-24,44.372549019607845,California,0
2012-12-25,53.0,California,0
2012-12-26,42.528301886792455,California,0
2012-12-27,44.470588235294116,California,0
2012-12-28,49.431372549019606,California,0
2012-12-29,53.132075471698116,California,0
2012-12-30,51.72,California,0
2012-12-31,57.05882352941177,California,0
2013-01-01,69.71698113207547,California,0
2013-01-02,55.372549019607845,California,0
2013-01-03,62.01960784313726,California,0
2013-01-04,71.52830188679245,California,0
2013-01-05,70.72549019607843,California,0
2013-01-06,52.92156862745098,California,0
2013-01-07,54.9622641509434,California,0
2013-01-08,58.98076923076923,California,0
2013-01-09,59.35294117647059,California,0
2013-01-10,44.132075471698116,California,0
2013-01-11,46.31372549019608,California,0
2013-01-12,51.09615384615385,California,0
2013-01-13,54.867924528301884,California,0
2013-01-14,51.333333333333336,California,0
2013-01-15,62.88235294117647,California,0
2013-01-16,72.90566037735849,California,0
2013-01-17,69.82352941176471,California,0
2013-01-18,65.09803921568627,California,0
2013-01-19,64.24528301886792,California,0
2013-01-20,63.450980392156865,California,0
2013-01-21,63.431372549019606,California,0
2013-01-22,73.94339622641509,California,0
2013-01-23,70.92156862745098,California,0
2013-01-24,60.72549019607843,California,0
2013-01-25,56.320754716981135,California,0
2013-01-26,45.21568627450981,California,0
2013-01-27,40.56,California,0
2013-01-28,42.0377358490566,California,0
2013-01-29,46.411764705882355,California,0
2013-01-30,52.68627450980392,California,0
2013-01-31,60.264150943396224,California,0
2013-02-01,59.529411764705884,California,0
2013-02-02,64.88235294117646,California,0
2013-02-03,61.528301886792455,California,0
2013-02-04,61.13725490196079,California,0
2013-02-05,57.588235294117645,California,0
2013-02-06,53.77358490566038,California,0
2013-02-07,51.96078431372549,California,0
2013-02-08,41.705882352941174,California,0
2013-02-09,49.056603773584904,California,0
2013-02-10,53.03921568627451,California,0
2013-02-11,51.80392156862745,California,0
2013-02-12,57.0188679245283,California,0
2013-02-13,61.07843137254902,California,0
2013-02-14,57.86,California,0
2013-02-15,55.36538461538461,California,0
2013-02-16,57.54,California,0
2013-02-17,53.96,California,0
2013-02-18,49.65384615384615,California,0
2013-02-19,40.285714285714285,California,0
2013-02-20,47.91836734693877,California,0
2013-02-21,45.30769230769231,California,0
2013-02-22,50.42,California,0
2013-02-23,53.58,California,0
2013-02-24,44.56603773584906,California,0
2013-02-25,49.56,California,0
2013-02-26,49.62,California,0
2013-02-27,52.39622641509434,California,0
2013-02-28,48.27450980392157,California,0
2013-03-01,50.18,California,0
2013-03-02,53.471698113207545,California,0
2013-03-03,49.84313725490196,California,0
2013-03-04,45.80392156862745,California,0
2013-03-05,48.716981132075475,California,0
2013-03-06,46.19607843137255,California,0
2013-03-07,40.64705882352941,California,0
2013-03-08,39.53846153846154,California,0
2013-03-09,47.64,California,0
2013-03-10,50.68,California,0
2013-03-11,52.28846153846154,California,0
2013-03-12,54.450980392156865,California,0
2013-03-13,58.90196078431372,California,0
2013-03-14,58.20754716981132,California,0
2013-03-15,55.46938775510204,California,0
2013-03-16,52.44,California,0
2013-03-17,46.9622641509434,California,0
2013-03-18,49.76,California,0
2013-03-19,50.745098039215684,California,0
2013-03-20,43.905660377358494,California,0
2013-03-21,49.4,California,0
2013-03-22,56.94117647058823,California,0
2013-03-23,58.301886792452834,California,0
2013-03-24,59.0,California,0
2013-03-25,54.509803921568626,California,0
2013-03-26,47.905660377358494,California,0
2013-03-27,42.470588235294116,California,0
2013-03-28,40.80392156862745,California,0
2013-03-29,43.629629629629626,California,0
2013-03-30,43.372549019607845,California,0
2013-03-31,38.84313725490196,California,0
2013-04-01,38.20754716981132,California,0
2013-04-02,38.86274509803921,California,0
2013-04-03,45.666666666666664,California,0
2013-04-04,42.64150943396226,California,0
2013-04-05,37.31372549019608,California,0
2013-04-06,42.549019607843135,California,0
2013-04-07,108.90566037735849,California,0
2013-04-08,53.8235294117647,California,0
2013-04-09,47.27450980392157,California,0
2013-04-10,47.2962962962963,California,0
2013-04-11,49.74,California,0
2013-04-12,54.14,California,0
2013-04-13,53.056603773584904,California,0
2013-04-14,53.76,California,0
2013-04-15,62.94,California,0
2013-04-16,46.716981132075475,California,0
2013-04-17,46.01960784313726,California,0
2013-04-18,49.24,California,0
2013-04-19,53.65384615384615,California,0
2013-04-20,58.31372549019608,California,0
2013-04-21,64.6078431372549,California,0
2013-04-22,59.53703703703704,California,0
2013-04-23,60.411764705882355,California,0
2013-04-24,60.372549019607845,California,0
2013-04-25,50.58490566037736,California,0
2013-04-26,61.1764705882353,California,0
2013-04-27,68.68627450980392,California,0
2013-04-28,66.09433962264151,California,0
2013-04-29,61.15686274509804,California,0
2013-04-30,67.72549019607843,California,0
2013-05-01,72.84905660377359,California,0
2013-05-02,92.24,California,0
2013-05-03,98.45098039215686,California,0
2013-05-04,91.11320754716981,California,0
2013-05-05,64.06,California,0
2013-05-06,46.46,California,0
2013-05-07,48.339622641509436,California,0
2013-05-08,48.11764705882353,California,0
2013-05-09,51.705882352941174,California,0
2013-05-10,59.64150943396226,California,0
2013-05-11,77.45098039215686,California,0
2013-05-12,72.33333333333333,California,0
2013-05-13,65.81132075471699,California,0
2013-05-14,63.568627450980394,California,0
2013-05-15,61.31372549019608,California,0
2013-05-16,46.886792452830186,California,0
2013-05-17,45.27450980392157,California,0
2013-05-18,53.470588235294116,California,0
2013-05-19,58.924528301886795,California,0
2013-05-20,71.88235294117646,California,0
2013-05-21,67.56862745098039,California,0
2013-05-22,52.339622641509436,California,0
2013-05-23,54.34615384615385,California,0
2013-05-24,60.76470588235294,California,0
2013-05-25,57.20754716981132,California,0
2013-05-26,41.470588235294116,California,0
2013-05-27,38.19607843137255,California,0
2013-05-28,42.886792452830186,California,0
2013-05-29,48.470588235294116,California,0
2013-05-30,62.94117647058823,California,0
2013-05-31,75.15094339622641,California,0
2013-06-01,87.43137254901961,California,0
2013-06-02,72.80392156862744,California,0
2013-06-03,65.22222222222223,California,0
2013-06-04,61.05882352941177,California,0
2013-06-05,67.92156862745098,California,0
2013-06-06,71.39622641509433,California,0
2013-06-07,84.74509803921569,California,0
2013-06-08,80.17647058823529,California,0
2013-06-09,58.41509433962264,California,0
2013-06-10,46.2,California,0
2013-06-11,60.28,California,0
2013-06-12,63.490566037735846,California,0
2013-06-13,58.24,California,0
2013-06-14,62.0,California,0
2013-06-15,68.0,California,0
2013-06-16,56.04081632653061,California,0
2013-06-17,51.46938775510204,California,0
2013-06-18,48.2037037037037,California,0
2013-06-19,48.549019607843135,California,0
2013-06-20,50.8,California,0
2013-06-21,55.54716981132076,California,0
2013-06-22,59.4,California,0
2013-06-23,38.74,California,0
2013-06-24,33.0188679245283,California,0
2013-06-25,33.94,California,0
2013-06-26,38.92,California,0
2013-06-27,48.166666666666664,California,0
2013-06-28,59.74,California,0
2013-06-29,65.98,California,0
2013-06-30,62.471698113207545,California,0
2013-07-01,68.78,California,0
2013-07-02,81.64,California,0
2013-07-03,77.81132075471699,California,0
2013-07-04,77.26,California,0
2013-07-05,68.8,California,0
2013-07-06,68.01886792452831,California,0
2013-07-07,73.8,California,0
2013-07-08,76.5,California,0
2013-07-09,76.79245283018868,California,0
2013-07-10,61.76,California,0
2013-07-11,62.3,California,0
2013-07-12,68.33962264150944,California,0
2013-07-13,74.5,California,0
2013-07-14,68.06,California,0
2013-07-15,56.283018867924525,California,0
2013-07-16,52.22,California,0
2013-07-17,62.38,California,0
2013-07-18,72.11320754716981,California,0
2013-07-19,85.88,California,0
2013-07-20,87.6,California,0
2013-07-21,72.94339622641509,California,0
2013-07-22,64.47058823529412,California,0
2013-07-23,65.68,California,0
2013-07-24,68.0377358490566,California,0
2013-07-25,69.1,California,0
2013-07-26,64.84,California,0
2013-07-27,64.26415094339623,California,0
2013-07-28,60.7,California,0
2013-07-29,80.1,California,0
2013-07-30,90.0754716981132,California,0
2013-07-31,70.08,California,0
2013-08-01,57.24,California,0
2013-08-02,68.92592592592592,California,0
2013-08-03,70.20408163265306,California,0
2013-08-04,66.16,California,0
2013-08-05,56.56603773584906,California,0
2013-08-06,59.705882352941174,California,0
2013-08-07,44.568627450980394,California,0
2013-08-08,43.41509433962264,California,0
2013-08-09,47.44,California,0
2013-08-10,51.38,California,0
2013-08-11,53.0,California,0
2013-08-12,60.02,California,0
2013-08-13,69.04,California,0
2013-08-14,74.41509433962264,California,0
2013-08-15,65.16326530612245,California,0
2013-08-16,55.8,California,0
2013-08-17,58.490566037735846,California,0
2013-08-18,67.36,California,0
2013-08-19,80.8,California,0
2013-08-20,79.58490566037736,California,0
2013-08-21,58.6,California,0
2013-08-22,56.8,California,0
2013-08-23,63.27777777777778,California,0
2013-08-24,55.08,California,0
2013-08-25,44.6,California,0
2013-08-26,43.35849056603774,California,0
2013-08-27,54.78,California,0
2013-08-28,52.23076923076923,California,0
2013-08-29,50.81132075471698,California,0
2013-08-30,56.16326530612245,California,0
2013-08-31,55.89795918367347,California,0
2013-09-01,42.34615384615385,California,0
2013-09-02,37.734693877551024,California,0
2013-09-03,50.02,California,0
2013-09-04,55.716981132075475,California,0
2013-09-05,58.06,California,0
2013-09-06,65.38,California,0
2013-09-07,76.84615384615384,California,0
2013-09-08,73.42857142857143,California,0
2013-09-09,64.85714285714286,California,0
2013-09-10,55.62264150943396,California,0
2013-09-11,52.3469387755102,California,0
2013-09-12,58.66,California,0
2013-09-13,67.0925925925926,California,0
2013-09-14,74.2,California,0
2013-09-15,61.24,California,0
2013-09-16,50.15384615384615,California,0
2013-09-17,50.816326530612244,California,0
2013-09-18,52.734693877551024,California,0
2013-09-19,68.6923076923077,California,0
2013-09-20,63.44,California,0
2013-09-21,49.2,California,0
2013-09-22,43.73076923076923,California,0
2013-09-23,48.86,California,0
2013-09-24,57.32,California,0
2013-09-25,43.68518518518518,California,0
2013-09-26,41.06,California,0
2013-09-27,42.66,California,0
2013-09-28,49.35849056603774,California,0
2013-09-29,48.72,California,0
2013-09-30,46.26,California,0
2013-10-01,51.111111111111114,California,0
2013-10-02,50.734693877551024,California,0
2013-10-03,52.86,California,0
2013-10-04,50.924528301886795,California,0
2013-10-05,51.3,California,0
2013-10-06,59.74,California,0
2013-10-07,61.528301886792455,California,0
2013-10-08,57.64,California,0
2013-10-09,53.62,California,0
2013-10-10,50.84905660377358,California,0
2013-10-11,55.46,California,0
2013-10-12,57.62,California,0
2013-10-13,48.43396226415094,California,0
2013-10-14,48.16,California,0
2013-10-15,49.7,California,0
2013-10-16,54.75471698113208,California,0
2013-10-17,62.48,California,0
2013-10-18,66.54,California,0
2013-10-19,67.9245283018868,California,0
2013-10-20,68.3,California,0
2013-10-21,68.06,California,0
2013-10-22,64.28301886792453,California,0
2013-10-23,67.58,California,0
2013-10-24,66.8,California,0
2013-10-25,69.58490566037736,California,0
2013-10-26,73.16,California,0
2013-10-27,106.28,California,0
2013-10-28,53.924528301886795,California,0
2013-10-29,43.62,California,0
2013-10-30,50.4,California,0
2013-10-31,57.2037037037037,California,0
2013-11-01,58.7,California,0
2013-11-02,54.42,California,0
2013-11-03,49.64150943396226,California,0
2013-11-04,44.68,California,0
2013-11-05,48.08,California,0
2013-11-06,55.60377358490566,California,0
2013-11-07,57.02,California,0
2013-11-08,57.64,California,0
2013-11-09,62.490566037735846,California,0
2013-11-10,67.36,California,0
2013-11-11,68.56,California,0
2013-11-12,67.70370370370371,California,0
2013-11-13,59.450980392156865,California,0
2013-11-14,61.1,California,0
2013-11-15,54.056603773584904,California,0
2013-11-16,53.16,California,0
2013-11-17,53.46,California,0
2013-11-18,55.25925925925926,California,0
2013-11-19,45.4,California,0
2013-11-20,44.38,California,0
2013-11-21,44.84905660377358,California,0
2013-11-22,46.3,California,0
2013-11-23,54.66,California,0
2013-11-24,64.52830188679245,California,0
2013-11-25,65.68,California,0
2013-11-26,66.52941176470588,California,0
2013-11-27,68.98113207547169,California,0
2013-11-28,63.12,California,0
2013-11-29,60.0,California,0
2013-11-30,65.30188679245283,California,0
2013-12-01,61.08,California,0
2013-12-02,59.84,California,0
2013-12-03,50.333333333333336,California,0
2013-12-04,49.333333333333336,California,0
2013-12-05,55.06,California,0
2013-12-06,60.716981132075475,California,0
2013-12-07,52.86,California,0
2013-12-08,54.4,California,0
2013-12-09,58.94230769230769,California,0
2013-12-10,63.74,California,0
2013-12-11,67.5,California,0
2013-12-12,73.53703703703704,California,0
2013-12-13,72.98,California,0
2013-12-14,80.42,California,0
2013-12-15,81.03846153846153,California,0
2013-12-16,77.08,California,0
2013-12-17,84.06,California,0
2013-12-18,78.75925925925925,California,0
2013-12-19,50.333333333333336,California,0
2013-12-20,52.66,California,0
2013-12-21,66.67307692307692,California,0
2013-12-22,75.02,California,0
2013-12-23,73.0,California,0
2013-12-24,72.15384615384616,California,0
2013-12-25,71.56,California,0
2013-12-26,66.92,California,0
2013-12-27,71.27450980392157,California,0
2013-12-28,64.49019607843137,California,0
2013-12-29,69.1,California,0
2013-12-30,80.37735849056604,California,0
2013-12-31,82.1875,California,0
2014-01-01,92.8,California,0
2014-01-02,74.96,California,0
2014-01-03,74.64,California,0
2014-01-04,75.54,California,0
2014-01-05,70.70588235294117,California,0
2014-01-06,69.82,California,0
2014-01-07,71.27450980392157,California,0
2014-01-08,64.0377358490566,California,0
2014-01-09,62.76470588235294,California,0
2014-01-10,64.64,California,0
2014-01-11,68.41509433962264,California,0
2014-01-12,56.22,California,0
2014-01-13,52.94,California,0
2014-01-14,60.17307692307692,California,0
2014-01-15,64.34,California,0
2014-01-16,68.88,California,0
2014-01-17,72.94444444444444,California,0
2014-01-18,67.22,California,0
2014-01-19,70.6,California,0
2014-01-20,68.64150943396227,California,0
2014-01-21,67.16,California,0
2014-01-22,67.92,California,0
2014-01-23,75.42307692307692,California,0
2014-01-24,72.41176470588235,California,0
2014-01-25,60.64,California,0
2014-01-26,60.15384615384615,California,0
2014-01-27,59.02,California,0
2014-01-28,61.12,California,0
2014-01-29,60.113207547169814,California,0
2014-01-30,53.326530612244895,California,0
2014-01-31,44.06122448979592,California,0
2014-02-01,47.05769230769231,California,0
2014-02-02,46.63265306122449,California,0
2014-02-03,46.30612244897959,California,0
2014-02-04,49.351851851851855,California,0
2014-02-05,50.18,California,0
2014-02-06,47.48,California,0
2014-02-07,44.81132075471698,California,0
2014-02-08,40.62,California,0
2014-02-09,37.86,California,0
2014-02-10,41.111111111111114,California,0
2014-02-11,45.8,California,0
2014-02-12,52.48,California,0
2014-02-13,51.094339622641506,California,0
2014-02-14,50.64,California,0
2014-02-15,55.32,California,0
2014-02-16,53.15094339622642,California,0
2014-02-17,45.04,California,0
2014-02-18,48.568627450980394,California,0
2014-02-19,48.660377358490564,California,0
2014-02-20,45.18,California,0
2014-02-21,50.38,California,0
2014-02-22,54.679245283018865,California,0
2014-02-23,56.62,California,0
2014-02-24,57.627450980392155,California,0
2014-02-25,60.58490566037736,California,0
2014-02-26,48.14,California,0
2014-02-27,41.294117647058826,California,0
2014-02-28,41.79245283018868,California,0
2014-03-01,39.95918367346939,California,0
2014-03-02,38.53061224489796,California,0
2014-03-03,41.01923076923077,California,0
2014-03-04,41.55102040816327,California,0
2014-03-05,47.57142857142857,California,0
2014-03-06,49.16981132075472,California,0
2014-03-07,45.55102040816327,California,0
2014-03-08,46.89795918367347,California,0
2014-03-09,48.78431372549019,California,0
2014-03-10,46.63265306122449,California,0
2014-03-11,44.57142857142857,California,0
2014-03-12,43.679245283018865,California,0
2014-03-13,46.142857142857146,California,0
2014-03-14,51.285714285714285,California,0
2014-03-15,51.71153846153846,California,0
2014-03-16,56.83673469387755,California,0
2014-03-17,59.020833333333336,California,0
2014-03-18,45.25,California,0
2014-03-19,48.72,California,0
2014-03-20,56.55102040816327,California,0
2014-03-21,58.73076923076923,California,0
2014-03-22,56.734693877551024,California,0
2014-03-23,57.734693877551024,California,0
2014-03-24,63.27450980392157,California,0
2014-03-25,54.46938775510204,California,0
2014-03-26,55.36734693877551,California,0
2014-03-27,45.26923076923077,California,0
2014-03-28,44.87755102040816,California,0
2014-03-29,55.816326530612244,California,0
2014-03-30,44.25,California,0
2014-03-31,45.12244897959184,California,0
2014-04-01,46.05882352941177,California,0
2014-04-02,43.84905660377358,California,0
2014-04-03,45.44,California,0
2014-04-04,45.34,California,0
2014-04-05,45.60377358490566,California,0
2014-04-06,46.78,California,0
2014-04-07,55.54,California,0
2014-04-08,62.905660377358494,California,0
2014-04-09,63.54,California,0
2014-04-10,60.62,California,0
2014-04-11,59.56603773584906,California,0
2014-04-12,59.24,California,0
2014-04-13,57.02,California,0
2014-04-14,58.111111111111114,California,0
2014-04-15,66.18,California,0
2014-04-16,62.94,California,0
2014-04-17,61.7962962962963,California,0
2014-04-18,56.74,California,0
2014-04-19,62.02,California,0
2014-04-20,61.471698113207545,California,0
2014-04-21,70.42,California,0
2014-04-22,57.78,California,0
2014-04-23,47.81481481481482,California,0
2014-04-24,55.16,California,0
2014-04-25,51.7,California,0
2014-04-26,46.320754716981135,California,0
2014-04-27,48.06,California,0
2014-04-28,58.3469387755102,California,0
2014-04-29,59.94444444444444,California,0
2014-04-30,82.58,California,0
2014-05-01,94.16326530612245,California,0
2014-05-02,79.65384615384616,California,0
2014-05-03,64.52,California,0
2014-05-04,50.9,California,0
2014-05-05,50.24074074074074,California,0
2014-05-06,50.56,California,0
2014-05-07,50.58,California,0
2014-05-08,48.339622641509436,California,0
2014-05-09,52.23529411764706,California,0
2014-05-10,62.08,California,0
2014-05-11,49.18867924528302,California,0
2014-05-12,52.59615384615385,California,0
2014-05-13,76.26,California,0
2014-05-14,85.90566037735849,California,0
2014-05-15,88.92,California,0
2014-05-16,86.66,California,0
2014-05-17,69.88679245283019,California,0
2014-05-18,105.72,California,0
2014-05-19,46.09803921568628,California,0
2014-05-20,43.9622641509434,California,0
2014-05-21,48.58,California,0
2014-05-22,56.411764705882355,California,0
2014-05-23,61.20754716981132,California,0
2014-05-24,57.22,California,0
2014-05-25,62.12,California,0
2014-05-26,58.58490566037736,California,0
2014-05-27,77.18,California,0
2014-05-28,59.9,California,0
2014-05-29,63.113207547169814,California,0
2014-05-30,77.89795918367346,California,0
2014-05-31,81.31372549019608,California,0
2014-06-01,87.01886792452831,California,0
2014-06-02,72.44,California,0
2014-06-03,74.8,California,0
2014-06-04,85.15384615384616,California,0
2014-06-05,90.12,California,0
2014-06-06,81.48,California,0
2014-06-07,79.59615384615384,California,0
2014-06-08,76.76470588235294,California,0
2014-06-09,86.42,California,0
2014-06-10,73.88461538461539,California,0
2014-06-11,66.62,California,0
2014-06-12,60.14,California,0
2014-06-13,53.9622641509434,California,0
2014-06-14,61.16,California,0
2014-06-15,61.14,California,0
2014-06-16,51.5,California,0
2014-06-17,51.64,California,0
2014-06-18,58.94,California,0
2014-06-19,69.26415094339623,California,0
2014-06-20,73.18,California,0
2014-06-21,67.62,California,0
2014-06-22,58.9811320754717,California,0
2014-06-23,67.98039215686275,California,0
2014-06-24,61.44,California,0
2014-06-25,46.283018867924525,California,0
2014-06-26,45.66,California,0
2014-06-27,42.42,California,0
2014-06-28,54.132075471698116,California,0
2014-06-29,75.72,California,0
2014-06-30,84.92156862745098,California,0
2014-07-01,79.16981132075472,California,0
2014-07-02,73.4,California,0
2014-07-03,69.26,California,0
2014-07-04,66.15094339622641,California,0
2014-07-05,81.72,California,0
2014-07-06,83.38,California,0
2014-07-07,71.25925925925925,California,0
2014-07-08,86.42,California,0
2014-07-09,66.58,California,0
2014-07-10,53.333333333333336,California,0
2014-07-11,50.66,California,0
2014-07-12,54.76,California,0
2014-07-13,62.62264150943396,California,0
2014-07-14,76.16,California,0
2014-07-15,66.18,California,0
2014-07-16,52.851851851851855,California,0
2014-07-17,47.58,California,0
2014-07-18,47.24,California,0
2014-07-19,51.75471698113208,California,0
2014-07-20,47.96,California,0
2014-07-21,45.46,California,0
2014-07-22,47.7962962962963,California,0
2014-07-23,46.52,California,0
2014-07-24,60.84,California,0
2014-07-25,74.50943396226415,California,0
2014-07-26,85.72,California,0
2014-07-27,78.22,California,0
2014-07-28,65.03703703703704,California,0
2014-07-29,66.5,California,0
2014-07-30,76.82,California,0
2014-07-31,73.35849056603773,California,0
2014-08-01,78.28,California,0
2014-08-02,68.06,California,0
2014-08-03,55.716981132075475,California,0
2014-08-04,52.90196078431372,California,0
2014-08-05,58.54,California,0
2014-08-06,72.33962264150944,California,0
2014-08-07,81.46,California,0
2014-08-08,82.32,California,0
2014-08-09,73.62264150943396,California,0
2014-08-10,61.0,California,0
2014-08-11,63.07843137254902,California,0
2014-08-12,51.924528301886795,California,0
2014-08-13,47.7,California,0
2014-08-14,46.16,California,0
2014-08-15,58.35849056603774,California,0
2014-08-16,64.72,California,0
2014-08-17,59.92,California,0
2014-08-18,60.611111111111114,California,0
2014-08-19,53.32,California,0
2014-08-20,47.92,California,0
2014-08-21,53.44444444444444,California,0
2014-08-22,52.54,California,0
2014-08-23,55.5,California,0
2014-08-24,54.735849056603776,California,0
2014-08-25,52.46,California,0
2014-08-26,65.02,California,0
2014-08-27,80.07407407407408,California,0
2014-08-28,78.0,California,0
2014-08-29,75.14,California,0
2014-08-30,64.58490566037736,California,0
2014-08-31,58.38,California,0
2014-09-01,68.88,California,0
2014-09-02,72.33333333333333,California,0
2014-09-03,65.56,California,0
2014-09-04,75.06,California,0
2014-09-05,83.86792452830188,California,0
2014-09-06,88.48,California,0
2014-09-07,74.9,California,0
2014-09-08,58.924528301886795,California,0
2014-09-09,55.82,California,0
2014-09-10,75.42,California,0
2014-09-11,88.60377358490567,California,0
2014-09-12,85.78,California,0
2014-09-13,79.94,California,0
2014-09-14,69.42592592592592,California,0
2014-09-15,63.95918367346939,California,0
2014-09-16,59.32,California,0
2014-09-17,58.509433962264154,California,0
2014-09-18,42.66,California,0
2014-09-19,49.69387755102041,California,0
2014-09-20,58.698113207547166,California,0
2014-09-21,47.61224489795919,California,0
2014-09-22,65.36,California,0
2014-09-23,64.30188679245283,California,0
2014-09-24,54.24,California,0
2014-09-25,47.9,California,0
2014-09-26,46.75925925925926,California,0
2014-09-27,48.12,California,0
2014-09-28,45.94,California,0
2014-09-29,47.79245283018868,California,0
2014-09-30,52.83673469387755,California,0
2014-10-01,52.16,California,0
2014-10-02,61.81481481481482,California,0
2014-10-03,80.68,California,0
2014-10-04,87.76,California,0
2014-10-05,88.62264150943396,California,0
2014-10-06,89.98,California,0
2014-10-07,79.02,California,0
2014-10-08,55.574074074074076,California,0
2014-10-09,48.72,California,0
2014-10-10,53.56,California,0
2014-10-11,57.660377358490564,California,0
2014-10-12,61.24,California,0
2014-10-13,68.96,California,0
2014-10-14,62.18518518518518,California,0
2014-10-15,48.64,California,0
2014-10-16,47.34,California,0
2014-10-17,49.39622641509434,California,0
2014-10-18,52.18,California,0
2014-10-19,53.28,California,0
2014-10-20,46.111111111111114,California,0
2014-10-21,47.04081632653061,California,0
2014-10-22,46.6,California,0
2014-10-23,52.20754716981132,California,0
2014-10-24,58.84,California,0
2014-10-25,60.42,California,0
2014-10-26,40.148148148148145,California,0
2014-10-27,42.66,California,0
2014-10-28,48.04,California,0
2014-10-29,54.79245283018868,California,0
2014-10-30,58.673469387755105,California,0
2014-10-31,49.08163265306123,California,0
2014-11-01,47.18867924528302,California,0
2014-11-02,41.22,California,0
2014-11-03,45.42,California,0
2014-11-04,52.79245283018868,California,0
2014-11-05,61.48,California,0
2014-11-06,71.66,California,0
2014-11-07,62.24074074074074,California,0
2014-11-08,68.6,California,0
2014-11-09,69.76,California,0
2014-11-10,67.0754716981132,California,0
2014-11-11,55.44,California,0
2014-11-12,50.8,California,0
2014-11-13,49.72222222222222,California,0
2014-11-14,47.94,California,0
2014-11-15,51.03921568627451,California,0
2014-11-16,52.54716981132076,California,0
2014-11-17,48.7,California,0
2014-11-18,54.2,California,0
2014-11-19,53.370370370370374,California,0
2014-11-20,49.42857142857143,California,0
2014-11-21,46.5,California,0
2014-11-22,70.73584905660377,California,0
2014-11-23,44.94,California,0
2014-11-24,48.36,California,0
2014-11-25,56.18867924528302,California,0
2014-11-26,60.9,California,0
2014-11-27,65.78,California,0
2014-11-28,100.66037735849056,California,0
2014-11-29,56.46,California,0
2014-11-30,44.56,California,0
2014-12-01,45.611111111111114,California,0
2014-12-02,39.58,California,0
2014-12-03,36.36,California,0
2014-12-04,38.943396226415096,California,0
2014-12-05,44.36,California,0
2014-12-06,47.02,California,0
2014-12-07,51.113207547169814,California,0
2014-12-08,51.96,California,0
2014-12-09,55.7,California,0
2014-12-10,64.39622641509433,California,0
2014-12-11,80.79591836734694,California,0
2014-12-12,43.02,California,0
2014-12-13,45.509433962264154,California,0
2014-12-14,48.22,California,0
2014-12-15,43.94,California,0
2014-12-16,43.735849056603776,California,0
2014-12-17,39.4,California,0
2014-12-18,43.24,California,0
2014-12-19,44.333333333333336,California,0
2014-12-20,49.64,California,0
2014-12-21,46.92,California,0
2014-12-22,44.18867924528302,California,0
2014-12-23,43.66,California,0
2014-12-24,47.98,California,0
2014-12-25,43.0,California,0
2014-12-26,43.56,California,0
2014-12-27,55.02,California,0
2014-12-28,64.66666666666667,California,0
2014-12-29,65.1,California,0
2014-12-30,48.5,California,0
2014-12-31,69.69811320754717,California,0
2015-01-01,76.48,California,0
2015-01-02,71.4,California,0
2015-01-03,75.98113207547169,California,0
2015-01-04,75.26,California,0
2015-01-05,66.3,California,0
2015-01-06,71.9074074074074,California,0
2015-01-07,66.6,California,0
2015-01-08,73.14,California,0
2015-01-09,77.16981132075472,California,0
2015-01-10,82.42,California,0
2015-01-11,76.48,California,0
2015-01-12,68.39622641509433,California,0
2015-01-13,63.0,California,0
2015-01-14,68.22,California,0
2015-01-15,62.15094339622642,California,0
2015-01-16,60.52,California,0
2015-01-17,57.18,California,0
2015-01-18,62.716981132075475,California,0
2015-01-19,54.28,California,0
2015-01-20,58.38,California,0
2015-01-21,54.0,California,0
2015-01-22,58.42,California,0
2015-01-23,59.16,California,0
2015-01-24,61.01851851851852,California,0
2015-01-25,54.84,California,0
2015-01-26,56.1,California,0
2015-01-27,53.679245283018865,California,0
2015-01-28,55.22,California,0
2015-01-29,54.8,California,0
2015-01-30,54.64150943396226,California,0
2015-01-31,53.11764705882353,California,0
2015-02-01,62.18,California,0
2015-02-02,62.37735849056604,California,0
2015-02-03,66.23529411764706,California,0
2015-02-04,72.22,California,0
2015-02-05,79.81132075471699,California,0
2015-02-06,122.6,California,0
2015-02-07,46.7,California,0
2015-02-08,42.51923076923077,California,0
2015-02-09,44.12,California,0
2015-02-10,40.6,California,0
2015-02-11,48.648148148148145,California,0
2015-02-12,49.36,California,0
2015-02-13,52.705882352941174,California,0
2015-02-14,54.79245283018868,California,0
2015-02-15,54.490196078431374,California,0
2015-02-16,54.06,California,0
2015-02-17,57.77777777777778,California,0
2015-02-18,58.72,California,0
2015-02-19,65.48,California,0
2015-02-20,59.283018867924525,California,0
2015-02-21,60.76,California,0
2015-02-22,49.4,California,0
2015-02-23,41.166666666666664,California,0
2015-02-24,47.24,California,0
2015-02-25,53.24,California,0
2015-02-26,53.64150943396226,California,0
2015-02-27,46.24,California,0
2015-02-28,39.06,California,0
2015-03-01,38.905660377358494,California,0
2015-03-02,39.55102040816327,California,0
2015-03-03,43.32,California,0
2015-03-04,45.716981132075475,California,0
2015-03-05,48.92,California,0
2015-03-06,49.8,California,0
2015-03-07,54.25925925925926,California,0
2015-03-08,55.32,California,0
2015-03-09,56.42,California,0
2015-03-10,59.698113207547166,California,0
2015-03-11,54.84313725490196,California,0
2015-03-12,43.08,California,0
2015-03-13,47.0,California,0
2015-03-14,54.15686274509804,California,0
2015-03-15,51.94,California,0
2015-03-16,46.58490566037736,California,0
2015-03-17,49.18,California,0
2015-03-18,46.56,California,0
2015-03-19,50.0,California,0
2015-03-20,54.2,California,0
2015-03-21,50.52,California,0
2015-03-22,42.86538461538461,California,0
2015-03-23,48.24,California,0
2015-03-24,43.64,California,0
2015-03-25,42.7962962962963,California,0
2015-03-26,47.82,California,0
2015-03-27,52.94,California,0
2015-03-28,50.886792452830186,California,0
2015-03-29,55.06,California,0
2015-03-30,60.3,California,0
2015-03-31,56.24074074074074,California,0
2015-04-01,72.26,California,0
2015-04-02,50.470588235294116,California,0
2015-04-03,54.490566037735846,California,0
2015-04-04,63.36,California,0
2015-04-05,138.04,California,0
2015-04-06,45.471698113207545,California,0
2015-04-07,49.74,California,0
2015-04-08,44.48,California,0
2015-04-09,48.0,California,0
2015-04-10,60.1,California,0
2015-04-11,54.24,California,0
2015-04-12,54.132075471698116,California,0
2015-04-13,69.98,California,0
2015-04-14,100.26,California,0
2015-04-15,52.264150943396224,California,0
2015-04-16,63.26,California,0
2015-04-17,74.88,California,0
2015-04-18,77.74074074074075,California,0
2015-04-19,72.86,California,0
2015-04-20,62.4,California,0
2015-04-21,50.58490566037736,California,0
2015-04-22,52.48,California,0
2015-04-23,55.9,California,0
2015-04-24,49.888888888888886,California,0
2015-04-25,46.6,California,0
2015-04-26,49.0,California,0
2015-04-27,53.867924528301884,California,0
2015-04-28,59.76,California,0
2015-04-29,66.34,California,0
2015-04-30,74.05555555555556,California,0
2015-05-01,79.08,California,0
2015-05-02,73.66,California,0
2015-05-03,60.132075471698116,California,0
2015-05-04,56.0,California,0
2015-05-05,58.0,California,0
2015-05-06,54.339622641509436,California,0
2015-05-07,52.78,California,0
2015-05-08,53.22,California,0
2015-05-09,55.45283018867924,California,0
2015-05-10,61.36,California,0
2015-05-11,60.5,California,0
2015-05-12,60.592592592592595,California,0
2015-05-13,58.96,California,0
2015-05-14,48.58,California,0
2015-05-15,46.679245283018865,California,0
2015-05-16,48.96,California,0
2015-05-17,47.46,California,0
2015-05-18,50.2037037037037,California,0
2015-05-19,49.84,California,0
2015-05-20,49.62,California,0
2015-05-21,45.41509433962264,California,0
2015-05-22,44.1,California,0
2015-05-23,46.98,California,0
2015-05-24,46.80769230769231,California,0
2015-05-25,47.02,California,0
2015-05-26,49.22,California,0
2015-05-27,53.56603773584906,California,0
2015-05-28,60.82,California,0
2015-05-29,72.94,California,0
2015-05-30,73.31481481481481,California,0
2015-05-31,62.94,California,0
2015-06-01,45.3,California,0
2015-06-02,42.094339622641506,California,0
2015-06-03,48.86,California,0
2015-06-04,50.96,California,0
2015-06-05,61.648148148148145,California,0
2015-06-06,67.2,California,0
2015-06-07,74.98,California,0
2015-06-08,88.15094339622641,California,0
2015-06-09,59.62,California,0
2015-06-10,50.1,California,0
2015-06-11,72.05660377358491,California,0
2015-06-12,83.16,California,0
2015-06-13,76.94,California,0
2015-06-14,73.56603773584905,California,0
2015-06-15,78.1,California,0
2015-06-16,89.8,California,0
2015-06-17,94.13207547169812,California,0
2015-06-18,80.18,California,0
2015-06-19,74.8,California,0
2015-06-20,78.75471698113208,California,0
2015-06-21,65.6,California,0
2015-06-22,67.96,California,0
2015-06-23,69.79245283018868,California,0
2015-06-24,77.4,California,0
2015-06-25,94.0,California,0
2015-06-26,98.71698113207547,California,0
2015-06-27,64.92,California,0
2015-06-28,53.84,California,0
2015-06-29,58.2037037037037,California,0
2015-06-30,86.92,California,0
2015-07-01,74.92,California,0
2015-07-02,67.75,California,0
2015-07-03,67.82,California,0
2015-07-04,62.92,California,0
2015-07-05,48.16981132075472,California,0
2015-07-06,46.28,California,0
2015-07-07,44.46,California,0
2015-07-08,42.716981132075475,California,0
2015-07-09,39.92,California,0
2015-07-10,39.62,California,0
2015-07-11,41.870370370370374,California,0
2015-07-12,42.64,California,0
2015-07-13,46.88,California,0
2015-07-14,47.60377358490566,California,0
2015-07-15,60.32,California,0
2015-07-16,72.1,California,0
2015-07-17,76.62962962962963,California,0
2015-07-18,54.26,California,0
2015-07-19,45.76,California,0
2015-07-20,45.96153846153846,California,0
2015-07-21,48.26,California,0
2015-07-22,48.38,California,0
2015-07-23,49.24074074074074,California,0
2015-07-24,50.28,California,0
2015-07-25,46.38,California,0
2015-07-26,48.113207547169814,California,0
2015-07-27,56.32,California,0
2015-07-28,67.08,California,0
2015-07-29,84.77358490566037,California,0
2015-07-30,81.5,California,0
2015-07-31,69.22,California,0
2015-08-01,61.86538461538461,California,0
2015-08-02,61.84,California,0
2015-08-03,55.92,California,0
2015-08-04,50.094339622641506,California,0
2015-08-05,52.72,California,0
2015-08-06,67.9,California,0
2015-08-07,61.69230769230769,California,0
2015-08-08,61.38,California,0
2015-08-09,54.24,California,0
2015-08-10,52.094339622641506,California,0
2015-08-11,44.4,California,0
2015-08-12,50.88,California,0
2015-08-13,55.17307692307692,California,0
2015-08-14,54.76,California,0
2015-08-15,84.94,California,0
2015-08-16,95.98076923076923,California,0
2015-08-17,101.4,California,0
2015-08-18,98.08,California,0
2015-08-19,82.78846153846153,California,0
2015-08-20,77.64,California,0
2015-08-21,75.2,California,0
2015-08-22,69.90384615384616,California,0
2015-08-23,65.94,California,0
2015-08-24,66.66,California,0
2015-08-25,63.03846153846154,California,0
2015-08-26,63.56,California,0
2015-08-27,59.9,California,0
2015-08-28,59.25,California,0
2015-08-29,45.86,California,0
2015-08-30,42.8,California,0
2015-08-31,52.0,California,0
2015-09-01,67.38,California,0
2015-09-02,54.0,California,0
2015-09-03,48.34615384615385,California,0
2015-09-04,49.87755102040816,California,0
2015-09-05,48.34,California,0
2015-09-06,55.40384615384615,California,0
2015-09-07,69.16,California,0
2015-09-08,83.16,California,0
2015-09-09,81.46153846153847,California,0
2015-09-10,76.04,California,0
2015-09-11,67.86,California,0
2015-09-12,65.90384615384616,California,0
2015-09-13,75.58,California,0
2015-09-14,59.86,California,0
2015-09-15,42.34615384615385,California,0
2015-09-16,41.46,California,0
2015-09-17,44.24,California,0
2015-09-18,59.88461538461539,California,0
2015-09-19,84.48,California,0
2015-09-20,92.42,California,0
2015-09-21,73.0576923076923,California,0
2015-09-22,58.62,California,0
2015-09-23,64.44,California,0
2015-09-24,70.51923076923077,California,0
2015-09-25,70.52,California,0
2015-09-26,56.18,California,0
2015-09-27,54.15384615384615,California,0
2015-09-28,56.46,California,0
2015-09-29,52.76,California,0
2015-09-30,56.294117647058826,California,0
2015-10-01,43.15686274509804,California,0
2015-10-02,44.6,California,0
2015-10-03,58.55769230769231,California,0
2015-10-04,49.24,California,0
2015-10-05,50.98,California,0
2015-10-06,55.94230769230769,California,0
2015-10-07,65.8,California,0
2015-10-08,74.8,California,0
2015-10-09,71.90566037735849,California,0
2015-10-10,66.02,California,0
2015-10-11,54.34,California,0
2015-10-12,63.15384615384615,California,0
2015-10-13,65.48,California,0
2015-10-14,59.96,California,0
2015-10-15,56.43396226415094,California,0
2015-10-16,55.12,California,0
2015-10-17,43.24,California,0
2015-10-18,40.01923076923077,California,0
2015-10-19,38.48,California,0
2015-10-20,40.5,California,0
2015-10-21,47.660377358490564,California,0
2015-10-22,51.48,California,0
2015-10-23,55.3,California,0
2015-10-24,55.59615384615385,California,0
2015-10-25,47.06,California,0
2015-10-26,52.24,California,0
2015-10-27,52.21153846153846,California,0
2015-10-28,46.16,California,0
2015-10-29,43.82,California,0
2015-10-30,47.40384615384615,California,0
2015-10-31,47.588235294117645,California,0
2015-11-01,44.54,California,0
2015-11-02,42.58490566037736,California,0
2015-11-03,35.3,California,0
2015-11-04,41.6078431372549,California,0
2015-11-05,48.80769230769231,California,0
2015-11-06,47.88235294117647,California,0
2015-11-07,52.98,California,0
2015-11-08,50.98076923076923,California,0
2015-11-09,40.705882352941174,California,0
2015-11-10,44.24,California,0
2015-11-11,50.254901960784316,California,0
2015-11-12,52.3469387755102,California,0
2015-11-13,58.91836734693877,California,0
2015-11-14,68.4423076923077,California,0
2015-11-15,57.4,California,0
2015-11-16,53.22,California,0
2015-11-17,46.32692307692308,California,0
2015-11-18,51.6,California,0
2015-11-19,55.4,California,0
2015-11-20,53.57692307692308,California,0
2015-11-21,61.15686274509804,California,0
2015-11-22,61.18,California,0
2015-11-23,61.90384615384615,California,0
2015-11-24,92.88,California,0
2015-11-25,45.0,California,0
2015-11-26,47.76923076923077,California,0
2015-11-27,45.48,California,0
2015-11-28,50.2,California,0
2015-11-29,55.11538461538461,California,0
2015-11-30,53.76,California,0
2015-12-01,56.714285714285715,California,0
2015-12-02,65.09803921568627,California,0
2015-12-03,65.28,California,0
2015-12-04,45.64,California,0
2015-12-05,53.15384615384615,California,0
2015-12-06,93.16,California,0
2015-12-07,48.86,California,0
2015-12-08,56.54716981132076,California,0
2015-12-09,60.02,California,0
2015-12-10,71.02,California,0
2015-12-11,41.19230769230769,California,0
2015-12-12,45.76,California,0
2015-12-13,45.54,California,0
2015-12-14,44.6078431372549,California,0
2015-12-15,42.72,California,0
2015-12-16,53.0,California,0
2015-12-17,61.76470588235294,California,0
2015-12-18,56.96078431372549,California,0
2015-12-19,50.84,California,0
2015-12-20,43.88235294117647,California,0
2015-12-21,40.58,California,0
2015-12-22,44.18,California,0
2015-12-23,42.05769230769231,California,0
2015-12-24,44.32,California,0
2015-12-25,45.8,California,0
2015-12-26,55.01923076923077,California,0
2015-12-27,54.96,California,0
2015-12-28,47.42,California,0
2015-12-29,53.07692307692308,California,0
2015-12-30,54.8,California,0
2015-12-31,60.9,California,0
2016-01-01,62.53846153846154,California,0
2016-01-02,59.64705882352941,California,0
2016-01-03,63.6078431372549,California,0
2016-01-04,58.61538461538461,California,0
2016-01-05,41.666666666666664,California,0
2016-01-06,37.31372549019608,California,0
2016-01-07,39.62264150943396,California,0
2016-01-08,45.294117647058826,California,0
2016-01-09,46.80392156862745,California,0
2016-01-10,46.61538461538461,California,0
2016-01-11,47.03921568627451,California,0
2016-01-12,52.76470588235294,California,0
2016-01-13,62.094339622641506,California,0
2016-01-14,47.509803921568626,California,0
2016-01-15,48.88235294117647,California,0
2016-01-16,48.21153846153846,California,0
2016-01-17,49.1,California,0
2016-01-18,42.27450980392157,California,0
2016-01-19,39.24528301886792,California,0
2016-01-20,42.84313725490196,California,0
2016-01-21,45.549019607843135,California,0
2016-01-22,44.73076923076923,California,0
2016-01-23,41.254901960784316,California,0
2016-01-24,39.76470588235294,California,0
2016-01-25,43.16981132075472,California,0
2016-01-26,46.68627450980392,California,0
2016-01-27,50.01960784313726,California,0
2016-01-28,58.07692307692308,California,0
2016-01-29,72.54901960784314,California,0
2016-01-30,45.27450980392157,California,0
2016-01-31,39.28846153846154,California,0
2016-02-01,41.19607843137255,California,0
2016-02-02,43.470588235294116,California,0
2016-02-03,49.05769230769231,California,0
2016-02-04,47.509803921568626,California,0
2016-02-05,52.490196078431374,California,0
2016-02-06,56.42307692307692,California,0
2016-02-07,53.13725490196079,California,0
2016-02-08,51.94,California,0
2016-02-09,53.05882352941177,California,0
2016-02-10,54.411764705882355,California,0
2016-02-11,58.96078431372549,California,0
2016-02-12,62.19230769230769,California,0
2016-02-13,58.8235294117647,California,0
2016-02-14,52.333333333333336,California,0
2016-02-15,47.07692307692308,California,0
2016-02-16,54.666666666666664,California,0
2016-02-17,50.98039215686274,California,0
2016-02-18,41.05769230769231,California,0
2016-02-19,42.627450980392155,California,0
2016-02-20,46.431372549019606,California,0
2016-02-21,49.48076923076923,California,0
2016-02-22,47.450980392156865,California,0
2016-02-23,49.627450980392155,California,0
2016-02-24,55.40384615384615,California,0
2016-02-25,56.76,California,0
2016-02-26,54.1764705882353,California,0
2016-02-27,48.0,California,0
2016-02-28,51.35294117647059,California,0
2016-02-29,50.90196078431372,California,0
2016-03-01,52.24528301886792,California,0
2016-03-02,47.94117647058823,California,0
2016-03-03,40.470588235294116,California,0
2016-03-04,42.76923076923077,California,0
2016-03-05,48.549019607843135,California,0
2016-03-06,45.470588235294116,California,0
2016-03-07,39.84905660377358,California,0
2016-03-08,38.509803921568626,California,0
2016-03-09,41.07843137254902,California,0
2016-03-10,45.26923076923077,California,0
2016-03-11,47.509803921568626,California,0
2016-03-12,38.35294117647059,California,0
2016-03-13,81.38461538461539,California,0
2016-03-14,57.666666666666664,California,0
2016-03-15,44.46,California,0
2016-03-16,45.40384615384615,California,0
2016-03-17,53.16,California,0
2016-03-18,52.0,California,0
2016-03-19,48.15384615384615,California,0
2016-03-20,59.62,California,0
2016-03-21,68.58823529411765,California,0
2016-03-22,42.42307692307692,California,0
2016-03-23,38.13725490196079,California,0
2016-03-24,43.666666666666664,California,0
2016-03-25,49.30769230769231,California,0
2016-03-26,47.1764705882353,California,0
2016-03-27,45.705882352941174,California,0
2016-03-28,68.90384615384616,California,0
2016-03-29,39.80392156862745,California,0
2016-03-30,43.64705882352941,California,0
2016-03-31,46.094339622641506,California,0
2016-04-01,48.8235294117647,California,0
2016-04-02,53.84313725490196,California,0
2016-04-03,51.82692307692308,California,0
2016-04-04,48.35294117647059,California,0
2016-04-05,52.2,California,0
2016-04-06,54.15094339622642,California,0
2016-04-07,56.549019607843135,California,0
2016-04-08,51.01960784313726,California,0
2016-04-09,33.67307692307692,California,0
2016-04-10,33.03921568627451,California,0
2016-04-11,38.431372549019606,California,0
2016-04-12,44.35849056603774,California,0
2016-04-13,49.68627450980392,California,0
2016-04-14,54.98039215686274,California,0
2016-04-15,48.64705882352941,California,0
2016-04-16,47.78431372549019,California,0
2016-04-17,63.11764705882353,California,0
2016-04-18,75.53846153846153,California,0
2016-04-19,76.4,California,0
2016-04-20,66.52941176470588,California,0
2016-04-21,49.55769230769231,California,0
2016-04-22,51.90196078431372,California,0
2016-04-23,48.76470588235294,California,0
2016-04-24,49.43396226415094,California,0
2016-04-25,54.1764705882353,California,0
2016-04-26,48.27450980392157,California,0
2016-04-27,47.90384615384615,California,0
2016-04-28,45.92156862745098,California,0
2016-04-29,49.568627450980394,California,0
2016-04-30,44.55769230769231,California,0
2016-05-01,48.90196078431372,California,0
2016-05-02,55.568627450980394,California,0
2016-05-03,56.84313725490196,California,0
2016-05-04,54.46,California,0
2016-05-05,43.86,California,0
2016-05-06,40.8235294117647,California,0
2016-05-07,39.64705882352941,California,0
2016-05-08,38.96078431372549,California,0
2016-05-09,45.82692307692308,California,0
2016-05-10,50.588235294117645,California,0
2016-05-11,61.627450980392155,California,0
2016-05-12,73.37735849056604,California,0
2016-05-13,66.37254901960785,California,0
2016-05-14,44.15686274509804,California,0
2016-05-15,44.28846153846154,California,0
2016-05-16,43.11764705882353,California,0
2016-05-17,47.568627450980394,California,0
2016-05-18,57.16981132075472,California,0
2016-05-19,141.2549019607843,California,0
2016-05-20,70.32,California,0
2016-05-21,39.05882352941177,California,0
2016-05-22,36.54,California,0
2016-05-23,37.2,California,0
2016-05-24,34.339622641509436,California,0
2016-05-25,39.01960784313726,California,0
2016-05-26,46.71153846153846,California,0
2016-05-27,60.39622641509434,California,0
2016-05-28,65.53846153846153,California,0
2016-05-29,62.51923076923077,California,0
2016-05-30,62.867924528301884,California,0
2016-05-31,66.88461538461539,California,0
2016-06-01,64.8076923076923,California,0
2016-06-02,79.45283018867924,California,0
2016-06-03,83.01923076923077,California,0
2016-06-04,88.34615384615384,California,0
2016-06-05,76.75471698113208,California,0
2016-06-06,65.09615384615384,California,0
2016-06-07,54.490196078431374,California,0
2016-06-08,56.03846153846154,California,0
2016-06-09,57.06,California,0
2016-06-10,50.78431372549019,California,0
2016-06-11,49.67307692307692,California,0
2016-06-12,51.96078431372549,California,0
2016-06-13,54.98039215686274,California,0
2016-06-14,53.73076923076923,California,0
2016-06-15,90.50980392156863,California,0
2016-06-16,48.61538461538461,California,0
2016-06-17,51.13461538461539,California,0
2016-06-18,50.92156862745098,California,0
2016-06-19,61.05882352941177,California,0
2016-06-20,76.61538461538461,California,0
2016-06-21,77.82352941176471,California,0
2016-06-22,72.96078431372548,California,0
2016-06-23,62.16981132075472,California,0
2016-06-24,65.45098039215686,California,0
2016-06-25,72.76470588235294,California,0
2016-06-26,75.48076923076923,California,0
2016-06-27,74.74,California,0
2016-06-28,79.49019607843137,California,0
2016-06-29,82.11111111111111,California,0
2016-06-30,90.09615384615384,California,0
2016-07-01,91.5,California,0
2016-07-02,72.30188679245283,California,0
2016-07-03,61.30769230769231,California,0
2016-07-04,62.63461538461539,California,0
2016-07-05,61.16981132075472,California,0
2016-07-06,62.25,California,0
2016-07-07,55.78846153846154,California,0
2016-07-08,47.660377358490564,California,0
2016-07-09,41.34615384615385,California,0
2016-07-10,43.92307692307692,California,0
2016-07-11,52.833333333333336,California,0
2016-07-12,58.94230769230769,California,0
2016-07-13,73.32692307692308,California,0
2016-07-14,91.77358490566037,California,0
2016-07-15,89.23076923076923,California,0
2016-07-16,70.9423076923077,California,0
2016-07-17,57.867924528301884,California,0
2016-07-18,47.38461538461539,California,0
2016-07-19,53.46153846153846,California,0
2016-07-20,58.264150943396224,California,0
2016-07-21,60.98076923076923,California,0
2016-07-22,74.63461538461539,California,0
2016-07-23,79.67924528301887,California,0
2016-07-24,78.1923076923077,California,0
2016-07-25,83.75,California,0
2016-07-26,94.54716981132076,California,0
2016-07-27,97.07692307692308,California,0
2016-07-28,92.46153846153847,California,0
2016-07-29,85.34615384615384,California,0
2016-07-30,74.72549019607843,California,0
2016-07-31,57.94117647058823,California,0
2016-08-01,64.59615384615384,California,0
2016-08-02,69.17647058823529,California,0
2016-08-03,78.72549019607843,California,0
2016-08-04,74.94444444444444,California,0
2016-08-05,68.38461538461539,California,0
2016-08-06,78.25,California,0
2016-08-07,66.05660377358491,California,0
2016-08-08,67.25,California,0
2016-08-09,64.71153846153847,California,0
2016-08-10,76.73584905660377,California,0
2016-08-11,82.61538461538461,California,0
2016-08-12,86.84615384615384,California,0
2016-08-13,94.38461538461539,California,0
2016-08-14,80.09615384615384,California,0
2016-08-15,73.07692307692308,California,0
2016-08-16,83.18867924528301,California,0
2016-08-17,88.92307692307692,California,0
2016-08-18,90.03846153846153,California,0
2016-08-19,83.94339622641509,California,0
2016-08-20,81.82692307692308,California,0
2016-08-21,70.59615384615384,California,0
2016-08-22,57.611111111111114,California,0
2016-08-23,57.57692307692308,California,0
2016-08-24,65.23076923076923,California,0
2016-08-25,67.28301886792453,California,0
2016-08-26,61.88235294117647,California,0
2016-08-27,62.67307692307692,California,0
2016-08-28,70.75471698113208,California,0
2016-08-29,74.01923076923077,California,0
2016-08-30,70.11538461538461,California,0
2016-08-31,56.43396226415094,California,0
2016-09-01,52.42307692307692,California,0
2016-09-02,56.96153846153846,California,0
2016-09-03,59.16981132075472,California,0
2016-09-04,51.34615384615385,California,0
2016-09-05,57.48076923076923,California,0
2016-09-06,69.20754716981132,California,0
2016-09-07,77.63461538461539,California,0
2016-09-08,74.32692307692308,California,0
2016-09-09,72.62264150943396,California,0
2016-09-10,69.0576923076923,California,0
2016-09-11,52.80769230769231,California,0
2016-09-12,51.867924528301884,California,0
2016-09-13,50.26923076923077,California,0
2016-09-14,55.15384615384615,California,0
2016-09-15,61.075471698113205,California,0
2016-09-16,70.40384615384616,California,0
2016-09-17,80.23529411764706,California,0
2016-09-18,77.33962264150944,California,0
2016-09-19,77.48076923076923,California,0
2016-09-20,60.88461538461539,California,0
2016-09-21,51.77777777777778,California,0
2016-09-22,49.30769230769231,California,0
2016-09-23,46.17307692307692,California,0
2016-09-24,51.339622641509436,California,0
2016-09-25,65.21153846153847,California,0
2016-09-26,82.17307692307692,California,0
2016-09-27,80.60377358490567,California,0
2016-09-28,74.90384615384616,California,0
2016-09-29,61.13461538461539,California,0
2016-09-30,56.56603773584906,California,0
2016-10-01,47.65384615384615,California,0
2016-10-02,47.03846153846154,California,0
2016-10-03,40.129629629629626,California,0
2016-10-04,42.735849056603776,California,0
2016-10-05,45.698113207547166,California,0
2016-10-06,47.301886792452834,California,0
2016-10-07,52.320754716981135,California,0
2016-10-08,68.37735849056604,California,0
2016-10-09,76.67924528301887,California,0
2016-10-10,54.54716981132076,California,0
2016-10-11,49.86538461538461,California,0
2016-10-12,51.79245283018868,California,0
2016-10-13,56.283018867924525,California,0
2016-10-14,84.90566037735849,California,0
2016-10-15,174.56603773584905,California,0
2016-10-16,46.79245283018868,California,0
2016-10-17,43.62264150943396,California,0
2016-10-18,44.094339622641506,California,0
2016-10-19,45.075471698113205,California,0
2016-10-20,51.54716981132076,California,0
2016-10-21,55.38461538461539,California,0
2016-10-22,55.34615384615385,California,0
2016-10-23,66.07692307692308,California,0
2016-10-24,57.94230769230769,California,0
2016-10-25,39.71153846153846,California,0
2016-10-26,43.67307692307692,California,0
2016-10-27,42.75,California,0
2016-10-28,37.40384615384615,California,0
2016-10-29,40.76923076923077,California,0
2016-10-30,47.40384615384615,California,0
2016-10-31,36.53846153846154,California,0
2016-11-01,39.82692307692308,California,0
2016-11-02,43.79245283018868,California,0
2016-11-03,49.0188679245283,California,0
2016-11-04,57.264150943396224,California,0
2016-11-05,62.264150943396224,California,0
2016-11-06,50.79245283018868,California,0
2016-11-07,49.490566037735846,California,0
2016-11-08,52.0,California,0
2016-11-09,53.82692307692308,California,0
2016-11-10,57.48076923076923,California,0
2016-11-11,62.36538461538461,California,0
2016-11-12,53.17307692307692,California,0
2016-11-13,52.11538461538461,California,0
2016-11-14,56.32692307692308,California,0
2016-11-15,54.57692307692308,California,0
2016-11-16,90.0,California,0
2016-11-17,48.23076923076923,California,0
2016-11-18,58.23076923076923,California,0
2016-11-19,114.67307692307692,California,0
2016-11-20,56.03846153846154,California,0
2016-11-21,39.76923076923077,California,0
2016-11-22,44.698113207547166,California,0
2016-11-23,47.75471698113208,California,0
2016-11-24,51.75471698113208,California,0
2016-11-25,79.77358490566037,California,0
2016-11-26,63.41509433962264,California,0
2016-11-27,39.39622641509434,California,0
2016-11-28,38.320754716981135,California,0
2016-11-29,44.24528301886792,California,0
2016-11-30,51.094339622641506,California,0
2016-12-01,48.48076923076923,California,0
2016-12-02,52.113207547169814,California,0
2016-12-03,60.0,California,0
2016-12-04,66.58490566037736,California,0
2016-12-05,62.0188679245283,California,0
2016-12-06,68.19607843137256,California,0
2016-12-07,52.35849056603774,California,0
2016-12-08,45.094339622641506,California,0
2016-12-09,43.528301886792455,California,0
2016-12-10,46.39622641509434,California,0
2016-12-11,44.490566037735846,California,0
2016-12-12,48.9622641509434,California,0
2016-12-13,57.09615384615385,California,0
2016-12-14,75.0,California,0
2016-12-15,92.26415094339623,California,0
2016-12-16,49.660377358490564,California,0
2016-12-17,51.9811320754717,California,0
2016-12-18,57.45283018867924,California,0
2016-12-19,56.301886792452834,California,0
2016-12-20,64.39622641509433,California,0
2016-12-21,62.22641509433962,California,0
2016-12-22,60.58490566037736,California,0
2016-12-23,56.45283018867924,California,0
2016-12-24,45.264150943396224,California,0
2016-12-25,53.35849056603774,California,0
2016-12-26,54.25,California,0
2016-12-27,51.59615384615385,California,0
2016-12-28,55.07692307692308,California,0
2016-12-29,64.17647058823529,California,0
2016-12-30,68.88461538461539,California,0
2016-12-31,54.09615384615385,California,0
2017-01-01,57.07692307692308,California,0
2017-01-02,55.333333333333336,California,0
2017-01-03,84.82352941176471,California,0
2017-01-04,39.75,California,0
2017-01-05,38.84313725490196,California,0
2017-01-06,45.73076923076923,California,0
2017-01-07,43.84905660377358,California,0
2017-01-08,40.24528301886792,California,0
2017-01-09,38.37735849056604,California,0
2017-01-10,41.15094339622642,California,0
2017-01-11,40.283018867924525,California,0
2017-01-12,38.283018867924525,California,0
2017-01-13,44.132075471698116,California,0
2017-01-14,49.75471698113208,California,0
2017-01-15,55.58490566037736,California,0
2017-01-16,61.113207547169814,California,0
2017-01-17,63.094339622641506,California,0
2017-01-18,58.075471698113205,California,0
2017-01-19,40.9622641509434,California,0
2017-01-20,38.35849056603774,California,0
2017-01-21,41.320754716981135,California,0
2017-01-22,39.45283018867924,California,0
2017-01-23,38.264150943396224,California,0
2017-01-24,41.39622641509434,California,0
2017-01-25,51.264150943396224,California,0
2017-01-26,48.18867924528302,California,0
2017-01-27,50.18867924528302,California,0
2017-01-28,58.45283018867924,California,0
2017-01-29,57.094339622641506,California,0
2017-01-30,58.509433962264154,California,0
2017-01-31,67.66037735849056,California,0
2017-02-01,67.0377358490566,California,0
2017-02-02,51.81132075471698,California,0
2017-02-03,44.075471698113205,California,0
2017-02-04,41.0,California,0
2017-02-05,44.339622641509436,California,0
2017-02-06,40.735849056603776,California,0
2017-02-07,36.15094339622642,California,0
2017-02-08,32.471698113207545,California,0
2017-02-09,41.9811320754717,California,0
2017-02-10,41.528301886792455,California,0
2017-02-11,36.905660377358494,California,0
2017-02-12,44.660377358490564,California,0
2017-02-13,48.60377358490566,California,0
2017-02-14,52.886792452830186,California,0
2017-02-15,61.867924528301884,California,0
2017-02-16,59.41509433962264,California,0
2017-02-17,44.39622641509434,California,0
2017-02-18,40.490566037735846,California,0
2017-02-19,37.64150943396226,California,0
2017-02-20,41.905660377358494,California,0
2017-02-21,42.924528301886795,California,0
2017-02-22,43.24528301886792,California,0
2017-02-23,40.490196078431374,California,0
2017-02-24,45.51923076923077,California,0
2017-02-25,49.372549019607845,California,0
2017-02-26,64.33333333333333,California,0
2017-02-27,43.76923076923077,California,0
2017-02-28,47.07843137254902,California,0
2017-03-01,46.05882352941177,California,0
2017-03-02,50.94230769230769,California,0
2017-03-03,50.01960784313726,California,0
2017-03-04,74.3921568627451,California,0
2017-03-05,69.26923076923077,California,0
2017-03-06,40.568627450980394,California,0
2017-03-07,44.88235294117647,California,0
2017-03-08,45.51923076923077,California,0
2017-03-09,46.568627450980394,California,0
2017-03-10,50.509803921568626,California,0
2017-03-11,55.90384615384615,California,0
2017-03-12,50.13725490196079,California,0
2017-03-13,52.88235294117647,California,0
2017-03-14,58.65384615384615,California,0
2017-03-15,49.529411764705884,California,0
2017-03-16,39.08,California,0
2017-03-17,51.55769230769231,California,0
2017-03-18,52.98039215686274,California,0
2017-03-19,46.333333333333336,California,0
2017-03-20,43.78846153846154,California,0
2017-03-21,41.627450980392155,California,0
2017-03-22,40.705882352941174,California,0
2017-03-23,40.03846153846154,California,0
2017-03-24,60.76470588235294,California,0
2017-03-25,44.94117647058823,California,0
2017-03-26,42.96153846153846,California,0
2017-03-27,44.21568627450981,California,0
2017-03-28,45.549019607843135,California,0
2017-03-29,49.333333333333336,California,0
2017-03-30,83.58,California,0
2017-03-31,69.28,California,0
2017-04-01,51.13725490196079,California,0
2017-04-02,51.72,California,0
2017-04-03,52.6,California,0
2017-04-04,56.254901960784316,California,0
2017-04-05,63.94,California,0
2017-04-06,136.36,California,0
2017-04-07,91.88235294117646,California,0
2017-04-08,45.64705882352941,California,0
2017-04-09,47.13725490196079,California,0
2017-04-10,54.28846153846154,California,0
2017-04-11,60.431372549019606,California,0
2017-04-12,54.27450980392157,California,0
2017-04-13,51.48076923076923,California,0
2017-04-14,47.01960784313726,California,0
2017-04-15,52.21568627450981,California,0
2017-04-16,62.42307692307692,California,0
2017-04-17,39.294117647058826,California,0
2017-04-18,39.27450980392157,California,0
2017-04-19,50.0,California,0
2017-04-20,53.68627450980392,California,0
2017-04-21,56.86,California,0
2017-04-22,58.61538461538461,California,0
2017-04-23,51.54,California,0
2017-04-24,51.18,California,0
2017-04-25,45.94230769230769,California,0
2017-04-26,47.94,California,0
2017-04-27,53.8,California,0
2017-04-28,57.69230769230769,California,0
2017-04-29,58.0,California,0
2017-04-30,61.2,California,0
2017-05-01,62.71153846153846,California,0
2017-05-02,59.2,California,0
2017-05-03,66.12,California,0
2017-05-04,61.42307692307692,California,0
2017-05-05,47.08,California,0
2017-05-06,53.68,California,0
2017-05-07,47.61538461538461,California,0
2017-05-08,56.46,California,0
2017-05-09,64.76,California,0
2017-05-10,54.28846153846154,California,0
2017-05-11,50.58,California,0
2017-05-12,52.38775510204081,California,0
2017-05-13,47.5,California,0
2017-05-14,46.12,California,0
2017-05-15,46.44,California,0
2017-05-16,39.26923076923077,California,0
2017-05-17,41.705882352941174,California,0
2017-05-18,44.411764705882355,California,0
2017-05-19,56.44230769230769,California,0
2017-05-20,66.68627450980392,California,0
2017-05-21,69.23529411764706,California,0
2017-05-22,79.42307692307692,California,0
2017-05-23,86.3529411764706,California,0
2017-05-24,69.86274509803921,California,0
2017-05-25,49.0,California,0
2017-05-26,45.05882352941177,California,0
2017-05-27,48.35294117647059,California,0
2017-05-28,55.25,California,0
2017-05-29,55.90196078431372,California,0
2017-05-30,51.96078431372549,California,0
2017-05-31,43.82692307692308,California,0
2017-06-01,44.72549019607843,California,0
2017-06-02,61.0,California,0
2017-06-03,71.82692307692308,California,0
2017-06-04,67.92156862745098,California,0
2017-06-05,72.18,California,0
2017-06-06,77.01923076923077,California,0
2017-06-07,62.86,California,0
2017-06-08,44.86274509803921,California,0
2017-06-09,38.88235294117647,California,0
2017-06-10,40.42,California,0
2017-06-11,38.8,California,0
2017-06-12,40.44230769230769,California,0
2017-06-13,52.02,California,0
2017-06-14,66.62,California,0
2017-06-15,60.21153846153846,California,0
2017-06-16,61.38775510204081,California,0
2017-06-17,61.755102040816325,California,0
2017-06-18,63.13461538461539,California,0
2017-06-19,78.10204081632654,California,0
2017-06-20,83.58823529411765,California,0
2017-06-21,78.05660377358491,California,0
2017-06-22,79.06,California,0
2017-06-23,82.70588235294117,California,0
2017-06-24,70.11320754716981,California,0
2017-06-25,65.33333333333333,California,0
2017-06-26,48.05882352941177,California,0
2017-06-27,48.056603773584904,California,0
2017-06-28,52.42307692307692,California,0
2017-06-29,66.0,California,0
2017-06-30,70.77358490566037,California,0
2017-07-01,69.3529411764706,California,0
2017-07-02,67.29411764705883,California,0
2017-07-03,74.45283018867924,California,0
2017-07-04,83.54901960784314,California,0
2017-07-05,71.27450980392157,California,0
2017-07-06,71.9245283018868,California,0
2017-07-07,76.37254901960785,California,0
2017-07-08,81.11764705882354,California,0
2017-07-09,70.50943396226415,California,0
2017-07-10,71.84313725490196,California,0
2017-07-11,63.88235294117647,California,0
2017-07-12,64.20754716981132,California,0
2017-07-13,66.3921568627451,California,0
2017-07-14,77.23529411764706,California,0
2017-07-15,78.9245283018868,California,0
2017-07-16,66.80392156862744,California,0
2017-07-17,71.45098039215686,California,0
2017-07-18,68.0754716981132,California,0
2017-07-19,76.98039215686275,California,0
2017-07-20,67.73076923076923,California,0
2017-07-21,69.81132075471699,California,0
2017-07-22,78.57692307692308,California,0
2017-07-23,83.01923076923077,California,0
2017-07-24,65.94339622641509,California,0
2017-07-25,64.67307692307692,California,0
2017-07-26,63.8235294117647,California,0
2017-07-27,66.32075471698113,California,0
2017-07-28,67.9423076923077,California,0
2017-07-29,65.51923076923077,California,0
2017-07-30,65.35849056603773,California,0
2017-07-31,72.11764705882354,California,0
2017-08-01,85.70588235294117,California,0
2017-08-02,87.66037735849056,California,0
2017-08-03,78.82692307692308,California,0
2017-08-04,64.51923076923077,California,0
2017-08-05,62.075471698113205,California,0
2017-08-06,58.32692307692308,California,0
2017-08-07,67.03846153846153,California,0
2017-08-08,65.9622641509434,California,0
2017-08-09,67.0,California,0
2017-08-10,71.67307692307692,California,0
2017-08-11,77.58490566037736,California,0
2017-08-12,73.1923076923077,California,0
2017-08-13,54.76923076923077,California,0
2017-08-14,52.15094339622642,California,0
2017-08-15,52.86538461538461,California,0
2017-08-16,61.26923076923077,California,0
2017-08-17,72.30188679245283,California,0
2017-08-18,78.0,California,0
2017-08-19,76.73076923076923,California,0
2017-08-20,71.71698113207547,California,0
2017-08-21,61.30769230769231,California,0
2017-08-22,75.21153846153847,California,0
2017-08-23,79.69811320754717,California,0
2017-08-24,71.92156862745098,California,0
2017-08-25,76.21153846153847,California,0
2017-08-26,85.62264150943396,California,0
2017-08-27,76.51923076923077,California,0
2017-08-28,87.40384615384616,California,0
2017-08-29,89.48076923076923,California,0
2017-08-30,78.70588235294117,California,0
2017-08-31,99.25490196078431,California,0
2017-09-01,129.45283018867926,California,0
2017-09-02,123.22,California,0
2017-09-03,121.3529411764706,California,0
2017-09-04,114.84905660377359,California,0
2017-09-05,75.33333333333333,California,0
2017-09-06,72.33333333333333,California,0
2017-09-07,63.264150943396224,California,0
2017-09-08,65.50980392156863,California,0
2017-09-09,64.6470588235294,California,0
2017-09-10,75.39622641509433,California,0
2017-09-11,71.94117647058823,California,0
2017-09-12,72.17647058823529,California,0
2017-09-13,51.0377358490566,California,0
2017-09-14,48.63265306122449,California,0
2017-09-15,53.97959183673469,California,0
2017-09-16,68.73584905660377,California,0
2017-09-17,68.94,California,0
2017-09-18,53.14,California,0
2017-09-19,49.23529411764706,California,0
2017-09-20,66.48076923076923,California,0
2017-09-21,43.15384615384615,California,0
2017-09-22,40.26923076923077,California,0
2017-09-23,41.67307692307692,California,0
2017-09-24,45.23076923076923,California,0
2017-09-25,48.78846153846154,California,0
2017-09-26,55.63461538461539,California,0
2017-09-27,64.11538461538461,California,0
2017-09-28,66.13207547169812,California,0
2017-09-29,62.73076923076923,California,0
2017-09-30,55.01923076923077,California,0
2017-10-01,53.58490566037736,California,0
2017-10-02,47.61538461538461,California,0
2017-10-03,49.57692307692308,California,0
2017-10-04,50.37735849056604,California,0
2017-10-05,57.8235294117647,California,0
2017-10-06,64.5576923076923,California,0
2017-10-07,72.9622641509434,California,0
2017-10-08,71.38461538461539,California,0
2017-10-09,76.8076923076923,California,0
2017-10-10,92.67924528301887,California,0
2017-10-11,91.84615384615384,California,0
2017-10-12,78.11538461538461,California,0
2017-10-13,82.54716981132076,California,0
2017-10-14,67.8076923076923,California,0
2017-10-15,68.75,California,0
2017-10-16,77.30188679245283,California,0
2017-10-17,84.98076923076923,California,0
2017-10-18,84.5,California,0
2017-10-19,70.98113207547169,California,0
2017-10-20,72.21153846153847,California,0
2017-10-21,45.61538461538461,California,0
2017-10-22,45.320754716981135,California,0
2017-10-23,51.44230769230769,California,0
2017-10-24,59.78846153846154,California,0
2017-10-25,64.69811320754717,California,0
2017-10-26,68.24528301886792,California,0
2017-10-27,67.75471698113208,California,0
2017-10-28,69.67924528301887,California,0
2017-10-29,62.9622641509434,California,0
2017-10-30,51.13461538461539,California,0
2017-10-31,49.283018867924525,California,0
2017-11-01,53.69230769230769,California,0
2017-11-02,51.98076923076923,California,0
2017-11-03,48.0,California,0
2017-11-04,40.01923076923077,California,0
2017-11-05,38.63461538461539,California,0
2017-11-06,43.679245283018865,California,0
2017-11-07,49.57692307692308,California,0
2017-11-08,54.450980392156865,California,0
2017-11-09,87.0754716981132,California,0
2017-11-10,41.13461538461539,California,0
2017-11-11,45.63461538461539,California,0
2017-11-12,51.698113207547166,California,0
2017-11-13,52.05769230769231,California,0
2017-11-14,46.55769230769231,California,0
2017-11-15,50.77358490566038,California,0
2017-11-16,42.34615384615385,California,0
2017-11-17,39.19230769230769,California,0
2017-11-18,49.60377358490566,California,0
2017-11-19,54.55769230769231,California,0
2017-11-20,57.82692307692308,California,0
2017-11-21,56.54716981132076,California,0
2017-11-22,58.9622641509434,California,0
2017-11-23,58.62264150943396,California,0
2017-11-24,54.339622641509436,California,0
2017-11-25,60.84905660377358,California,0
2017-11-26,56.075471698113205,California,0
2017-11-27,47.62264150943396,California,0
2017-11-28,46.62264150943396,California,0
2017-11-29,49.79245283018868,California,0
2017-11-30,56.57692307692308,California,0
2017-12-01,63.22641509433962,California,0
2017-12-02,71.32075471698113,California,0
2017-12-03,54.471698113207545,California,0
2017-12-04,46.79245283018868,California,0
2017-12-05,57.77358490566038,California,0
2017-12-06,80.30188679245283,California,0
2017-12-07,67.90384615384616,California,0
2017-12-08,85.24528301886792,California,0
2017-12-09,80.11320754716981,California,0
2017-12-10,69.43396226415095,California,0
2017-12-11,67.94339622641509,California,0
2017-12-12,73.64150943396227,California,0
2017-12-13,78.49056603773585,California,0
2017-12-14,81.96153846153847,California,0
2017-12-15,90.45283018867924,California,0
2017-12-16,64.32075471698113,California,0
2017-12-17,54.132075471698116,California,0
2017-12-18,62.0188679245283,California,0
2017-12-19,62.41509433962264,California,0
2017-12-20,51.54716981132076,California,0
2017-12-21,53.42307692307692,California,0
2017-12-22,67.71153846153847,California,0
2017-12-23,72.90566037735849,California,0
2017-12-24,80.30188679245283,California,0
2017-12-25,84.13207547169812,California,0
2017-12-26,75.03846153846153,California,0
2017-12-27,73.41509433962264,California,0
2017-12-28,71.13207547169812,California,0
2017-12-29,71.66037735849056,California,0
2017-12-30,79.49056603773585,California,0
2017-12-31,83.25,California,0
2018-01-01,87.09433962264151,California,0
2018-01-02,84.35849056603773,California,0
2018-01-03,85.86792452830188,California,0
2018-01-04,68.16981132075472,California,0
2018-01-05,53.0377358490566,California,0
2018-01-06,47.320754716981135,California,0
2018-01-07,53.471698113207545,California,0
2018-01-08,49.301886792452834,California,0
2018-01-09,36.0377358490566,California,0
2018-01-10,40.77358490566038,California,0
2018-01-11,50.39622641509434,California,0
2018-01-12,53.867924528301884,California,0
2018-01-13,54.056603773584904,California,0
2018-01-14,62.54716981132076,California,0
2018-01-15,61.75471698113208,California,0
2018-01-16,60.98076923076923,California,0
2018-01-17,61.44230769230769,California,0
2018-01-18,60.283018867924525,California,0
2018-01-19,43.0,California,0
2018-01-20,49.37735849056604,California,0
2018-01-21,50.490566037735846,California,0
2018-01-22,48.15384615384615,California,0
2018-01-23,49.132075471698116,California,0
2018-01-24,52.03846153846154,California,0
2018-01-25,42.32692307692308,California,0
2018-01-26,46.886792452830186,California,0
2018-01-27,49.01960784313726,California,0
2018-01-28,47.68627450980392,California,0
2018-01-29,55.83018867924528,California,0
2018-01-30,58.320754716981135,California,0
2018-01-31,57.094339622641506,California,0
2018-02-01,62.075471698113205,California,0
2018-02-02,62.84905660377358,California,0
2018-02-03,65.84905660377359,California,0
2018-02-04,66.52830188679245,California,0
2018-02-05,59.81132075471698,California,0
2018-02-06,54.716981132075475,California,0
2018-02-07,59.71153846153846,California,0
2018-02-08,57.38461538461539,California,0
2018-02-09,54.64150943396226,California,0
2018-02-10,62.075471698113205,California,0
2018-02-11,53.698113207547166,California,0
2018-02-12,44.62264150943396,California,0
2018-02-13,44.81132075471698,California,0
2018-02-14,50.113207547169814,California,0
2018-02-15,46.471698113207545,California,0
2018-02-16,52.54716981132076,California,0
2018-02-17,54.9622641509434,California,0
2018-02-18,66.49056603773585,California,0
2018-02-19,48.16981132075472,California,0
2018-02-20,44.301886792452834,California,0
2018-02-21,48.075471698113205,California,0
2018-02-22,46.056603773584904,California,0
2018-02-23,43.264150943396224,California,0
2018-02-24,49.60377358490566,California,0
2018-02-25,47.283018867924525,California,0
2018-02-26,42.63461538461539,California,0
2018-02-27,39.76470588235294,California,0
2018-02-28,46.9622641509434,California,0
2018-03-01,42.62264150943396,California,0
2018-03-02,41.54716981132076,California,0
2018-03-03,42.132075471698116,California,0
2018-03-04,42.0,California,0
2018-03-05,42.35849056603774,California,0
2018-03-06,48.716981132075475,California,0
2018-03-07,50.716981132075475,California,0
2018-03-08,42.905660377358494,California,0
2018-03-09,43.75471698113208,California,0
2018-03-10,44.660377358490564,California,0
2018-03-11,44.943396226415096,California,0
2018-03-12,44.924528301886795,California,0
2018-03-13,38.905660377358494,California,0
2018-03-14,42.15094339622642,California,0
2018-03-15,39.264150943396224,California,0
2018-03-16,37.905660377358494,California,0
2018-03-17,39.16981132075472,California,0
2018-03-18,42.45283018867924,California,0
2018-03-19,43.60377358490566,California,0
2018-03-20,44.90384615384615,California,0
2018-03-21,40.490566037735846,California,0
2018-03-22,40.301886792452834,California,0
2018-03-23,41.735849056603776,California,0
2018-03-24,43.056603773584904,California,0
2018-03-25,41.77358490566038,California,0
2018-03-26,40.43396226415094,California,0
2018-03-27,45.9622641509434,California,0
2018-03-28,47.471698113207545,California,0
2018-03-29,52.528301886792455,California,0
2018-03-30,59.698113207547166,California,0
2018-03-31,55.64150943396226,California,0
2018-04-01,50.84905660377358,California,0
2018-04-02,49.0188679245283,California,0
2018-04-03,51.509433962264154,California,0
2018-04-04,55.41509433962264,California,0
2018-04-05,50.67307692307692,California,0
2018-04-06,36.20754716981132,California,0
2018-04-07,44.0188679245283,California,0
2018-04-08,47.301886792452834,California,0
2018-04-09,48.83018867924528,California,0
2018-04-10,54.0188679245283,California,0
2018-04-11,52.924528301886795,California,0
2018-04-12,50.79245283018868,California,0
2018-04-13,46.5,California,0
2018-04-14,57.35849056603774,California,0
2018-04-15,62.660377358490564,California,0
2018-04-16,51.16981132075472,California,0
2018-04-17,42.716981132075475,California,0
2018-04-18,48.60377358490566,California,0
2018-04-19,47.20754716981132,California,0
2018-04-20,48.62264150943396,California,0
2018-04-21,54.0377358490566,California,0
2018-04-22,57.92307692307692,California,0
2018-04-23,61.63461538461539,California,0
2018-04-24,66.63461538461539,California,0
2018-04-25,66.96153846153847,California,0
2018-04-26,63.01960784313726,California,0
2018-04-27,53.96153846153846,California,0
2018-04-28,50.65384615384615,California,0
2018-04-29,47.57692307692308,California,0
2018-04-30,45.84615384615385,California,0
2018-05-01,47.38461538461539,California,0
2018-05-02,48.20754716981132,California,0
2018-05-03,48.59615384615385,California,0
2018-05-04,55.67307692307692,California,0
2018-05-05,60.924528301886795,California,0
2018-05-06,55.26923076923077,California,0
2018-05-07,56.92307692307692,California,0
2018-05-08,60.35849056603774,California,0
2018-05-09,55.0,California,0
2018-05-10,53.30769230769231,California,0
2018-05-11,71.6923076923077,California,0
2018-05-12,47.03846153846154,California,0
2018-05-13,46.28846153846154,California,0
2018-05-14,45.11764705882353,California,0
2018-05-15,46.23529411764706,California,0
2018-05-16,41.8235294117647,California,0
2018-05-17,44.301886792452834,California,0
2018-05-18,45.0,California,0
2018-05-19,48.68627450980392,California,0
2018-05-20,47.320754716981135,California,0
2018-05-21,46.72549019607843,California,0
2018-05-22,47.94117647058823,California,0
2018-05-23,43.509433962264154,California,0
2018-05-24,45.0,California,0
2018-05-25,36.509803921568626,California,0
2018-05-26,39.65384615384615,California,0
2018-05-27,45.23529411764706,California,0
2018-05-28,55.333333333333336,California,0
2018-05-29,64.40384615384616,California,0
2018-05-30,56.568627450980394,California,0
2018-05-31,48.09803921568628,California,0
2018-06-01,52.67307692307692,California,0
2018-06-02,72.82352941176471,California,0
2018-06-03,76.07843137254902,California,0
2018-06-04,60.75,California,0
2018-06-05,60.254901960784316,California,0
2018-06-06,56.666666666666664,California,0
2018-06-07,59.28846153846154,California,0
2018-06-08,69.07843137254902,California,0
2018-06-09,53.11764705882353,California,0
2018-06-10,46.75,California,0
2018-06-11,55.78431372549019,California,0
2018-06-12,69.70588235294117,California,0
2018-06-13,68.69811320754717,California,0
2018-06-14,65.25490196078431,California,0
2018-06-15,61.0,California,0
2018-06-16,51.9622641509434,California,0
2018-06-17,47.431372549019606,California,0
2018-06-18,52.27450980392157,California,0
2018-06-19,58.81132075471698,California,0
2018-06-20,66.6078431372549,California,0
2018-06-21,71.88235294117646,California,0
2018-06-22,77.9245283018868,California,0
2018-06-23,70.76470588235294,California,0
2018-06-24,63.31372549019608,California,0
2018-06-25,60.660377358490564,California,0
2018-06-26,80.58823529411765,California,0
2018-06-27,75.03921568627452,California,0
2018-06-28,61.79245283018868,California,0
2018-06-29,58.31372549019608,California,0
2018-06-30,60.372549019607845,California,0
2018-07-01,57.471698113207545,California,0
2018-07-02,67.92156862745098,California,0
2018-07-03,69.96078431372548,California,0
2018-07-04,68.37735849056604,California,0
2018-07-05,65.52941176470588,California,0
2018-07-06,62.76470588235294,California,0
2018-07-07,62.83018867924528,California,0
2018-07-08,64.3,California,0
2018-07-09,67.17647058823529,California,0
2018-07-10,56.43396226415094,California,0
2018-07-11,62.529411764705884,California,0
2018-07-12,62.549019607843135,California,0
2018-07-13,55.264150943396224,California,0
2018-07-14,57.627450980392155,California,0
2018-07-15,54.19607843137255,California,0
2018-07-16,63.15094339622642,California,0
2018-07-17,75.25490196078431,California,0
2018-07-18,83.19607843137256,California,0
2018-07-19,82.76923076923077,California,0
2018-07-20,72.33333333333333,California,0
2018-07-21,56.568627450980394,California,0
2018-07-22,56.471698113207545,California,0
2018-07-23,66.92156862745098,California,0
2018-07-24,75.23529411764706,California,0
2018-07-25,76.83018867924528,California,0
2018-07-26,89.3529411764706,California,0
2018-07-27,88.66,California,0
2018-07-28,100.0,California,0
2018-07-29,90.89795918367346,California,0
2018-07-30,96.32,California,0
2018-07-31,107.20754716981132,California,0
2018-08-01,95.45098039215686,California,0
2018-08-02,94.3921568627451,California,0
2018-08-03,103.17307692307692,California,0
2018-08-04,104.94117647058823,California,0
2018-08-05,85.6078431372549,California,0
2018-08-06,107.83018867924528,California,0
2018-08-07,106.34615384615384,California,0
2018-08-08,116.21153846153847,California,0
2018-08-09,120.57692307692308,California,0
2018-08-10,99.98076923076923,California,0
2018-08-11,68.6923076923077,California,0
2018-08-12,69.52830188679245,California,0
2018-08-13,75.73076923076923,California,0
2018-08-14,70.11538461538461,California,0
2018-08-15,76.01886792452831,California,0
2018-08-16,80.67307692307692,California,0
2018-08-17,80.28846153846153,California,0
2018-08-18,80.13207547169812,California,0
2018-08-19,87.1923076923077,California,0
2018-08-20,88.88235294117646,California,0
2018-08-21,78.45283018867924,California,0
2018-08-22,81.90384615384616,California,0
2018-08-23,92.82692307692308,California,0
2018-08-24,98.41509433962264,California,0
2018-08-25,95.4423076923077,California,0
2018-08-26,81.03846153846153,California,0
2018-08-27,66.81132075471699,California,0
2018-08-28,57.51923076923077,California,0
2018-08-29,57.07692307692308,California,0
2018-08-30,60.58490566037736,California,0
2018-08-31,64.59615384615384,California,0
2018-09-01,67.82692307692308,California,0
2018-09-02,76.35849056603773,California,0
2018-09-03,74.3076923076923,California,0
2018-09-04,75.32692307692308,California,0
2018-09-05,71.28301886792453,California,0
2018-09-06,69.03846153846153,California,0
2018-09-07,75.71153846153847,California,0
2018-09-08,67.64150943396227,California,0
2018-09-09,61.86538461538461,California,0
2018-09-10,71.71153846153847,California,0
2018-09-11,67.11320754716981,California,0
2018-09-12,54.05769230769231,California,0
2018-09-13,48.57692307692308,California,0
2018-09-14,47.943396226415096,California,0
2018-09-15,47.13461538461539,California,0
2018-09-16,42.80769230769231,California,0
2018-09-17,49.25,California,0
2018-09-18,57.333333333333336,California,0
2018-09-19,64.6,California,0
2018-09-20,72.79245283018868,California,0
2018-09-21,85.71153846153847,California,0
2018-09-22,74.90384615384616,California,0
2018-09-23,54.01923076923077,California,0
2018-09-24,54.63461538461539,California,0
2018-09-25,61.30769230769231,California,0
2018-09-26,70.32075471698113,California,0
2018-09-27,80.46153846153847,California,0
2018-09-28,74.42307692307692,California,0
2018-09-29,48.41509433962264,California,0
2018-09-30,42.34615384615385,California,0
2018-10-01,46.627450980392155,California,0
2018-10-02,44.30769230769231,California,0
2018-10-03,35.28846153846154,California,0
2018-10-04,32.67307692307692,California,0
2018-10-05,38.660377358490564,California,0
2018-10-06,40.5,California,0
2018-10-07,44.34615384615385,California,0
2018-10-08,43.61538461538461,California,0
2018-10-09,47.82692307692308,California,0
2018-10-10,44.61538461538461,California,0
2018-10-11,44.698113207547166,California,0
2018-10-12,43.67307692307692,California,0
2018-10-13,47.84615384615385,California,0
2018-10-14,47.82692307692308,California,0
2018-10-15,46.51923076923077,California,0
2018-10-16,47.82692307692308,California,0
2018-10-17,57.716981132075475,California,0
2018-10-18,58.34615384615385,California,0
2018-10-19,62.61538461538461,California,0
2018-10-20,66.33962264150944,California,0
2018-10-21,62.11538461538461,California,0
2018-10-22,56.73076923076923,California,0
2018-10-23,53.59615384615385,California,0
2018-10-24,53.34615384615385,California,0
2018-10-25,56.13461538461539,California,0
2018-10-26,61.54716981132076,California,0
2018-10-27,65.0576923076923,California,0
2018-10-28,50.42307692307692,California,0
2018-10-29,47.84905660377358,California,0
2018-10-30,47.34,California,0
2018-10-31,48.666666666666664,California,0
2018-11-01,48.886792452830186,California,0
2018-11-02,52.78431372549019,California,0
2018-11-03,54.88235294117647,California,0
2018-11-04,58.39622641509434,California,0
2018-11-05,49.666666666666664,California,0
2018-11-06,50.09803921568628,California,0
2018-11-07,52.41509433962264,California,0
2018-11-08,70.74509803921569,California,0
2018-11-09,95.17647058823529,California,0
2018-11-10,125.69811320754717,California,0
2018-11-11,114.66666666666667,California,0
2018-11-12,105.56862745098039,California,0
2018-11-13,105.28301886792453,California,0
2018-11-14,122.62745098039215,California,0
2018-11-15,147.19607843137254,California,0
2018-11-16,155.67924528301887,California,0
2018-11-17,135.07692307692307,California,0
2018-11-18,123.82692307692308,California,0
2018-11-19,115.69811320754717,California,0
2018-11-20,103.01923076923077,California,0
2018-11-21,73.25,California,0
2018-11-22,40.19230769230769,California,0
2018-11-23,37.48076923076923,California,0
2018-11-24,40.55769230769231,California,0
2018-11-25,43.81132075471698,California,0
2018-11-26,49.53846153846154,California,0
2018-11-27,54.73076923076923,California,0
2018-11-28,49.320754716981135,California,0
2018-11-29,42.01923076923077,California,0
2018-11-30,39.84615384615385,California,0
2018-12-01,43.28846153846154,California,0
2018-12-02,44.529411764705884,California,0
2018-12-03,46.254901960784316,California,0
2018-12-04,48.86538461538461,California,0
2018-12-05,43.98076923076923,California,0
2018-12-06,44.25,California,0
2018-12-07,52.45283018867924,California,0
2018-12-08,61.82692307692308,California,0
2018-12-09,65.4423076923077,California,0
2018-12-10,63.9811320754717,California,0
2018-12-11,56.94230769230769,California,0
2018-12-12,58.21153846153846,California,0
2018-12-13,63.81132075471698,California,0
2018-12-14,62.46153846153846,California,0
2018-12-15,55.82692307692308,California,0
2018-12-16,54.0188679245283,California,0
2018-12-17,43.84615384615385,California,0
2018-12-18,45.53846153846154,California,0
2018-12-19,50.43396226415094,California,0
2018-12-20,56.36538461538461,California,0
2018-12-21,58.80769230769231,California,0
2018-12-22,54.62264150943396,California,0
2018-12-23,58.31372549019608,California,0
2018-12-24,58.07692307692308,California,0
2018-12-25,40.35849056603774,California,0
2018-12-26,43.509803921568626,California,0
2018-12-27,44.02,California,0
2018-12-28,45.92156862745098,California,0
2018-12-29,56.59183673469388,California,0
2018-12-30,61.44897959183673,California,0
2018-12-31,52.64705882352941,California,0
2019-01-01,53.02040816326531,California,0
2019-01-02,59.326530612244895,California,0
2019-01-03,67.75471698113208,California,0
2019-01-04,70.2156862745098,California,0
2019-01-05,56.450980392156865,California,0
2019-01-06,40.15384615384615,California,0
2019-01-07,37.72,California,0
2019-01-08,40.94,California,0
2019-01-09,41.490566037735846,California,0
2019-01-10,46.14,California,0
2019-01-11,51.254901960784316,California,0
2019-01-12,48.36538461538461,California,0
2019-01-13,49.31372549019608,California,0
2019-01-14,44.35294117647059,California,0
2019-01-15,37.56603773584906,California,0
2019-01-16,36.745098039215684,California,0
2019-01-17,42.588235294117645,California,0
2019-01-18,46.80769230769231,California,0
2019-01-19,45.78846153846154,California,0
2019-01-20,40.78846153846154,California,0
2019-01-21,38.339622641509436,California,0
2019-01-22,40.98039215686274,California,0
2019-01-23,47.21568627450981,California,0
2019-01-24,52.0377358490566,California,0
2019-01-25,56.529411764705884,California,0
2019-01-26,62.450980392156865,California,0
2019-01-27,65.0377358490566,California,0
2019-01-28,64.86274509803921,California,0
2019-01-29,66.56862745098039,California,0
2019-01-30,68.9245283018868,California,0
2019-01-31,61.529411764705884,California,0
2019-02-01,45.745098039215684,California,0
2019-02-02,38.83018867924528,California,0
2019-02-03,37.23529411764706,California,0
2019-02-04,37.27450980392157,California,0
2019-02-05,36.45283018867924,California,0
2019-02-06,42.96078431372549,California,0
2019-02-07,46.372549019607845,California,0
2019-02-08,45.62264150943396,California,0
2019-02-09,41.01960784313726,California,0
2019-02-10,42.372549019607845,California,0
2019-02-11,40.83018867924528,California,0
2019-02-12,47.254901960784316,California,0
2019-02-13,42.94,California,0
2019-02-14,38.05882352941177,California,0
2019-02-15,38.333333333333336,California,0
2019-02-16,37.470588235294116,California,0
2019-02-17,37.264150943396224,California,0
2019-02-18,38.666666666666664,California,0
2019-02-19,41.94117647058823,California,0
2019-02-20,40.37735849056604,California,0
2019-02-21,38.285714285714285,California,0
2019-02-22,42.450980392156865,California,0
2019-02-23,47.75471698113208,California,0
2019-02-24,49.0,California,0
2019-02-25,86.56862745098039,California,0
2019-02-26,109.9622641509434,California,0
2019-02-27,58.294117647058826,California,0
2019-02-28,39.411764705882355,California,0
2019-03-01,40.84905660377358,California,0
2019-03-02,34.21568627450981,California,0
2019-03-03,33.254901960784316,California,0
2019-03-04,37.37735849056604,California,0
2019-03-05,39.490196078431374,California,0
2019-03-06,37.21568627450981,California,0
2019-03-07,36.55769230769231,California,0
2019-03-08,38.372549019607845,California,0
2019-03-09,39.09803921568628,California,0
2019-03-10,39.264150943396224,California,0
2019-03-11,39.01960784313726,California,0
2019-03-12,43.78431372549019,California,0
2019-03-13,44.36,California,0
2019-03-14,43.76470588235294,California,0
2019-03-15,47.450980392156865,California,0
2019-03-16,50.056603773584904,California,0
2019-03-17,52.54,California,0
2019-03-18,54.64705882352941,California,0
2019-03-19,52.75471698113208,California,0
2019-03-20,43.470588235294116,California,0
2019-03-21,41.94117647058823,California,0
2019-03-22,40.41509433962264,California,0
2019-03-23,45.88235294117647,California,0
2019-03-24,48.09803921568628,California,0
2019-03-25,59.471698113207545,California,0
2019-03-26,49.11764705882353,California,0
2019-03-27,47.96078431372549,California,0
2019-03-28,41.60377358490566,California,0
2019-03-29,43.627450980392155,California,0
2019-03-30,44.705882352941174,California,0
2019-03-31,46.094339622641506,California,0
2019-04-01,47.76470588235294,California,0
2019-04-02,39.92156862745098,California,0
2019-04-03,34.264150943396224,California,0
2019-04-04,36.294117647058826,California,0
2019-04-05,37.431372549019606,California,0
2019-04-06,40.45283018867924,California,0
2019-04-07,41.627450980392155,California,0
2019-04-08,47.627450980392155,California,0
2019-04-09,53.905660377358494,California,0
2019-04-10,45.529411764705884,California,0
2019-04-11,44.372549019607845,California,0
2019-04-12,43.094339622641506,California,0
2019-04-13,48.76923076923077,California,0
2019-04-14,50.32692307692308,California,0
2019-04-15,47.943396226415096,California,0
2019-04-16,40.34615384615385,California,0
2019-04-17,45.03921568627451,California,0
2019-04-18,56.943396226415096,California,0
2019-04-19,57.72549019607843,California,0
2019-04-20,47.627450980392155,California,0
2019-04-21,44.886792452830186,California,0
2019-04-22,47.84313725490196,California,0
2019-04-23,52.470588235294116,California,0
2019-04-24,63.39622641509434,California,0
2019-04-25,59.0,California,0
2019-04-26,57.19607843137255,California,0
2019-04-27,56.132075471698116,California,0
2019-04-28,54.588235294117645,California,0
2019-04-29,51.568627450980394,California,0
2019-04-30,79.75471698113208,California,0
2019-05-01,51.44230769230769,California,0
2019-05-02,57.84615384615385,California,0
2019-05-03,67.47169811320755,California,0
2019-05-04,62.44230769230769,California,0
2019-05-05,48.15384615384615,California,0
2019-05-06,39.094339622641506,California,0
2019-05-07,42.38461538461539,California,0
2019-05-08,44.26923076923077,California,0
2019-05-09,43.19230769230769,California,0
2019-05-10,43.57692307692308,California,0
2019-05-11,51.07692307692308,California,0
2019-05-12,50.867924528301884,California,0
2019-05-13,47.05882352941177,California,0
2019-05-14,46.69230769230769,California,0
2019-05-15,120.90566037735849,California,0
2019-05-16,44.627450980392155,California,0
2019-05-17,41.529411764705884,California,0
2019-05-18,41.679245283018865,California,0
2019-05-19,47.13725490196079,California,0
2019-05-20,43.411764705882355,California,0
2019-05-21,39.735849056603776,California,0
2019-05-22,36.30769230769231,California,0
2019-05-23,40.44230769230769,California,0
2019-05-24,40.509433962264154,California,0
2019-05-25,46.21153846153846,California,0
2019-05-26,43.05769230769231,California,0
2019-05-27,37.0377358490566,California,0
2019-05-28,44.15384615384615,California,0
2019-05-29,55.25,California,0
2019-05-30,48.320754716981135,California,0
2019-05-31,52.82692307692308,California,0
2019-06-01,56.69230769230769,California,0
2019-06-02,46.56603773584906,California,0
2019-06-03,54.28846153846154,California,0
2019-06-04,67.41176470588235,California,0
2019-06-05,69.5576923076923,California,0
2019-06-06,51.69230769230769,California,0
2019-06-07,47.588235294117645,California,0
2019-06-08,49.0377358490566,California,0
2019-06-09,60.8235294117647,California,0
2019-06-10,80.36,California,0
2019-06-11,86.56603773584905,California,0
2019-06-12,82.70588235294117,California,0
2019-06-13,58.705882352941174,California,0
2019-06-14,50.301886792452834,California,0
2019-06-15,54.84313725490196,California,0
2019-06-16,50.78431372549019,California,0
2019-06-17,56.83018867924528,California,0
2019-06-18,63.9,California,0
2019-06-19,68.66666666666667,California,0
2019-06-20,51.64150943396226,California,0
2019-06-21,47.48076923076923,California,0
2019-06-22,50.25,California,0
2019-06-23,57.79245283018868,California,0
2019-06-24,61.84615384615385,California,0
2019-06-25,50.61538461538461,California,0
2019-06-26,40.75471698113208,California,0
2019-06-27,43.82692307692308,California,0
2019-06-28,50.30769230769231,California,0
2019-06-29,56.18867924528302,California,0
2019-06-30,57.96153846153846,California,0
2019-07-01,55.59615384615385,California,0
2019-07-02,55.660377358490564,California,0
2019-07-03,56.46153846153846,California,0
2019-07-04,62.09615384615385,California,0
2019-07-05,63.132075471698116,California,0
2019-07-06,64.60377358490567,California,0
2019-07-07,54.41509433962264,California,0
2019-07-08,48.56603773584906,California,0
2019-07-09,45.84905660377358,California,0
2019-07-10,45.35849056603774,California,0
2019-07-11,44.9811320754717,California,0
2019-07-12,52.9811320754717,California,0
2019-07-13,55.43396226415094,California,0
2019-07-14,51.0,California,0
2019-07-15,52.37735849056604,California,0
2019-07-16,45.905660377358494,California,0
2019-07-17,48.886792452830186,California,0
2019-07-18,50.660377358490564,California,0
2019-07-19,47.24528301886792,California,0
2019-07-20,49.35849056603774,California,0
2019-07-21,48.867924528301884,California,0
2019-07-22,64.32692307692308,California,0
2019-07-23,61.9811320754717,California,0
2019-07-24,69.67924528301887,California,0
2019-07-25,77.11320754716981,California,0
2019-07-26,73.26415094339623,California,0
2019-07-27,78.15094339622641,California,0
2019-07-28,73.20754716981132,California,0
2019-07-29,72.66037735849056,California,0
2019-07-30,65.43396226415095,California,0
2019-07-31,70.05660377358491,California,0
2019-08-01,60.320754716981135,California,0
2019-08-02,56.37735849056604,California,0
2019-08-03,63.320754716981135,California,0
2019-08-04,58.698113207547166,California,0
2019-08-05,62.24528301886792,California,0
2019-08-06,73.54716981132076,California,0
2019-08-07,65.64150943396227,California,0
2019-08-08,54.20754716981132,California,0
2019-08-09,46.45283018867924,California,0
2019-08-10,35.62264150943396,California,0
2019-08-11,40.35849056603774,California,0
2019-08-12,52.509433962264154,California,0
2019-08-13,69.22641509433963,California,0
2019-08-14,82.79245283018868,California,0
2019-08-15,82.64150943396227,California,0
2019-08-16,78.90384615384616,California,0
2019-08-17,63.21153846153846,California,0
2019-08-18,45.84615384615385,California,0
2019-08-19,47.471698113207545,California,0
2019-08-20,51.37735849056604,California,0
2019-08-21,61.11538461538461,California,0
2019-08-22,54.18867924528302,California,0
2019-08-23,62.35849056603774,California,0
2019-08-24,57.20754716981132,California,0
2019-08-25,56.905660377358494,California,0
2019-08-26,58.37735849056604,California,0
2019-08-27,66.83018867924528,California,0
2019-08-28,53.924528301886795,California,0
2019-08-29,51.339622641509436,California,0
2019-08-30,54.45283018867924,California,0
2019-08-31,57.886792452830186,California,0
2019-09-01,56.471698113207545,California,0
2019-09-02,53.51923076923077,California,0
2019-09-03,53.79245283018868,California,0
2019-09-04,61.76923076923077,California,0
2019-09-05,54.41509433962264,California,0
2019-09-06,52.84905660377358,California,0
2019-09-07,49.075471698113205,California,0
2019-09-08,39.943396226415096,California,0
2019-09-09,44.9811320754717,California,0
2019-09-10,42.61538461538461,California,0
2019-09-11,48.51923076923077,California,0
2019-09-12,64.88679245283019,California,0
2019-09-13,79.22641509433963,California,0
2019-09-14,81.11320754716981,California,0
2019-09-15,55.9811320754717,California,0
2019-09-16,75.28301886792453,California,0
2019-09-17,39.77358490566038,California,0
2019-09-18,39.094339622641506,California,0
2019-09-19,36.43396226415094,California,0
2019-09-20,39.0377358490566,California,0
2019-09-21,49.471698113207545,California,0
2019-09-22,48.60377358490566,California,0
2019-09-23,44.58490566037736,California,0
2019-09-24,52.58490566037736,California,0
2019-09-25,63.79245283018868,California,0
2019-09-26,57.283018867924525,California,0
2019-09-27,44.39622641509434,California,0
2019-09-28,84.47169811320755,California,0
2019-09-29,34.62264150943396,California,0
2019-09-30,37.35849056603774,California,0
2019-10-01,37.264150943396224,California,0
2019-10-02,45.264150943396224,California,0
2019-10-03,50.9622641509434,California,0
2019-10-04,47.0188679245283,California,0
2019-10-05,55.41509433962264,California,0
2019-10-06,62.79245283018868,California,0
2019-10-07,64.67924528301887,California,0
2019-10-08,68.66037735849056,California,0
2019-10-09,72.63265306122449,California,0
2019-10-10,53.0,California,0
2019-10-11,56.15094339622642,California,0
2019-10-12,61.24528301886792,California,0
2019-10-13,64.77358490566037,California,0
2019-10-14,60.43396226415094,California,0
2019-10-15,66.79245283018868,California,0
2019-10-16,60.64150943396226,California,0
2019-10-17,48.15094339622642,California,0
2019-10-18,46.113207547169814,California,0
2019-10-19,46.61538461538461,California,0
2019-10-20,44.283018867924525,California,0
2019-10-21,44.60377358490566,California,0
2019-10-22,50.9622641509434,California,0
2019-10-23,53.46153846153846,California,0
2019-10-24,52.9811320754717,California,0
2019-10-25,54.37735849056604,California,0
2019-10-26,60.09615384615385,California,0
2019-10-27,88.97872340425532,California,0
2019-10-28,62.0,California,0
2019-10-29,57.42307692307692,California,0
2019-10-30,71.09615384615384,California,0
2019-10-31,58.716981132075475,California,0
2019-11-01,60.19230769230769,California,0
2019-11-02,62.735849056603776,California,0
2019-11-03,60.943396226415096,California,0
2019-11-04,61.698113207547166,California,0
2019-11-05,65.0754716981132,California,0
2019-11-06,63.94230769230769,California,0
2019-11-07,67.11538461538461,California,0
2019-11-08,69.20754716981132,California,0
2019-11-09,63.45283018867924,California,0
2019-11-10,61.43396226415094,California,0
2019-11-11,63.9811320754717,California,0
2019-11-12,62.15094339622642,California,0
2019-11-13,63.62264150943396,California,0
2019-11-14,61.64150943396226,California,0
2019-11-15,48.735849056603776,California,0
2019-11-16,54.716981132075475,California,0
2019-11-17,59.37735849056604,California,0
2019-11-18,58.75471698113208,California,0
2019-11-19,50.77358490566038,California,0
2019-11-20,45.113207547169814,California,0
2019-11-21,47.24528301886792,California,0
2019-11-22,53.905660377358494,California,0
2019-11-23,57.924528301886795,California,0
2019-11-24,56.78846153846154,California,0
2019-11-25,70.09803921568627,California,0
2019-11-26,47.65384615384615,California,0
2019-11-27,37.54716981132076,California,0
2019-11-28,37.301886792452834,California,0
2019-11-29,43.056603773584904,California,0
2019-11-30,40.03846153846154,California,0
2019-12-01,35.59615384615385,California,0
2019-12-02,38.84615384615385,California,0
2019-12-03,45.81132075471698,California,0
2019-12-04,48.660377358490564,California,0
2019-12-05,48.81132075471698,California,0
2019-12-06,44.64150943396226,California,0
2019-12-07,37.16981132075472,California,0
2019-12-08,38.79245283018868,California,0
2019-12-09,39.943396226415096,California,0
2019-12-10,50.056603773584904,California,0
2019-12-11,55.490566037735846,California,0
2019-12-12,47.509433962264154,California,0
2019-12-13,44.84905660377358,California,0
2019-12-14,41.64150943396226,California,0
2019-12-15,38.716981132075475,California,0
2019-12-16,42.509433962264154,California,0
2019-12-17,50.471698113207545,California,0
2019-12-18,42.16981132075472,California,0
2019-12-19,44.9622641509434,California,0
2019-12-20,54.094339622641506,California,0
2019-12-21,56.490566037735846,California,0
2019-12-22,46.9622641509434,California,0
2019-12-23,39.679245283018865,California,0
2019-12-24,46.16981132075472,California,0
2019-12-25,40.16981132075472,California,0
2019-12-26,36.056603773584904,California,0
2019-12-27,45.73076923076923,California,0
2019-12-28,57.735849056603776,California,0
2019-12-29,60.490566037735846,California,0
2019-12-30,46.75,California,0
2019-12-31,56.075471698113205,California,0
2020-01-01,65.01886792452831,California,0
2020-01-02,53.924528301886795,California,0
2020-01-03,61.905660377358494,California,0
2020-01-04,60.46153846153846,California,0
2020-01-05,50.71153846153846,California,0
2020-01-06,47.627450980392155,California,0
2020-01-07,52.40384615384615,California,0
2020-01-08,48.09615384615385,California,0
2020-01-09,40.924528301886795,California,0
2020-01-10,45.660377358490564,California,0
2020-01-11,48.79245283018868,California,0
2020-01-12,45.56603773584906,California,0
2020-01-13,43.867924528301884,California,0
2020-01-14,45.83018867924528,California,0
2020-01-15,50.46153846153846,California,0
2020-01-16,86.8076923076923,California,0
2020-01-17,41.88461538461539,California,0
2020-01-18,44.84615384615385,California,0
2020-01-19,54.39622641509434,California,0
2020-01-20,59.21153846153846,California,0
2020-01-21,47.0,California,0
2020-01-22,42.679245283018865,California,0
2020-01-23,48.32692307692308,California,0
2020-01-24,52.264150943396224,California,0
2020-01-25,58.113207547169814,California,0
2020-01-26,49.17307692307692,California,0
2020-01-27,43.65384615384615,California,0
2020-01-28,46.09615384615385,California,0
2020-01-29,48.64705882352941,California,0
2020-01-30,45.78846153846154,California,0
2020-01-31,54.61538461538461,California,0
2020-02-01,57.25,California,0
2020-02-02,58.36538461538461,California,0
2020-02-03,39.71153846153846,California,0
2020-02-04,42.15384615384615,California,0
2020-02-05,51.69230769230769,California,0
2020-02-06,57.886792452830186,California,0
2020-02-07,61.15094339622642,California,0
2020-02-08,57.471698113207545,California,0
2020-02-09,44.320754716981135,California,0
2020-02-10,42.283018867924525,California,0
2020-02-11,46.58490566037736,California,0
2020-02-12,53.39622641509434,California,0
2020-02-13,52.60377358490566,California,0
2020-02-14,54.43396226415094,California,0
2020-02-15,60.716981132075475,California,0
2020-02-16,52.26923076923077,California,0
2020-02-17,47.62264150943396,California,0
2020-02-18,50.716981132075475,California,0
2020-02-19,53.60377358490566,California,0
2020-02-20,54.9811320754717,California,0
2020-02-21,57.79245283018868,California,0
2020-02-22,50.58490566037736,California,0
2020-02-23,46.886792452830186,California,0
2020-02-24,47.471698113207545,California,0
2020-02-25,45.65384615384615,California,0
2020-02-26,49.34615384615385,California,0
2020-02-27,52.113207547169814,California,0
2020-02-28,53.03921568627451,California,0
2020-02-29,48.54,California,0
2020-03-01,40.490566037735846,California,0
2020-03-02,40.86538461538461,California,0
2020-03-03,43.76923076923077,California,0
2020-03-04,52.20754716981132,California,0
2020-03-05,54.41509433962264,California,0
2020-03-06,45.490566037735846,California,0
2020-03-07,36.075471698113205,California,0
2020-03-08,35.094339622641506,California,0
2020-03-09,35.943396226415096,California,0
2020-03-10,36.301886792452834,California,0
2020-03-11,40.18867924528302,California,0
2020-03-12,42.64150943396226,California,0
2020-03-13,45.490566037735846,California,0
2020-03-14,74.8076923076923,California,0
2020-03-15,48.67307692307692,California,0
2020-03-16,36.16981132075472,California,0
2020-03-17,37.35849056603774,California,0
2020-03-18,37.58490566037736,California,0
2020-03-19,38.660377358490564,California,0
2020-03-20,39.39622641509434,California,0
2020-03-21,41.943396226415096,California,0
2020-03-22,41.113207547169814,California,0
2020-03-23,39.113207547169814,California,0
2020-03-24,37.18867924528302,California,0
2020-03-25,38.45283018867924,California,0
2020-03-26,38.24528301886792,California,0
2020-03-27,43.509433962264154,California,0
2020-03-28,50.113207547169814,California,0
2020-03-29,40.886792452830186,California,0
2020-03-30,37.471698113207545,California,0
2020-03-31,36.943396226415096,California,0
2020-04-01,42.81132075471698,California,0
2020-04-02,39.716981132075475,California,0
2020-04-03,41.113207547169814,California,0
2020-04-04,36.716981132075475,California,0
2020-04-05,36.75471698113208,California,0
2020-04-06,36.9622641509434,California,0
2020-04-07,37.301886792452834,California,0
2020-04-08,37.264150943396224,California,0
2020-04-09,35.943396226415096,California,0
2020-04-10,37.41509433962264,California,0
2020-04-11,38.886792452830186,California,0
2020-04-12,42.18867924528302,California,0
2020-04-13,45.41509433962264,California,0
2020-04-14,46.943396226415096,California,0
2020-04-15,47.35849056603774,California,0
2020-04-16,44.54716981132076,California,0
2020-04-17,39.60377358490566,California,0
2020-04-18,40.54716981132076,California,0
2020-04-19,40.0377358490566,California,0
2020-04-20,40.58490566037736,California,0
2020-04-21,41.60377358490566,California,0
2020-04-22,43.76923076923077,California,0
2020-04-23,50.67307692307692,California,0
2020-04-24,52.21153846153846,California,0
2020-04-25,51.5,California,0
2020-04-26,47.05769230769231,California,0
2020-04-27,45.283018867924525,California,0
2020-04-28,51.13461538461539,California,0
2020-04-29,47.25,California,0
2020-04-30,52.943396226415096,California,0
2020-05-01,54.51923076923077,California,0
2020-05-02,40.92307692307692,California,0
2020-05-03,46.58490566037736,California,0
2020-05-04,55.07843137254902,California,0
2020-05-05,60.431372549019606,California,0
2020-05-06,63.69230769230769,California,0
2020-05-07,72.11764705882354,California,0
2020-05-08,78.46153846153847,California,0
2020-05-09,75.58490566037736,California,0
2020-05-10,57.59615384615385,California,0
2020-05-11,50.15384615384615,California,0
2020-05-12,40.79245283018868,California,0
2020-05-13,38.19230769230769,California,0
2020-05-14,38.36538461538461,California,0
2020-05-15,42.56603773584906,California,0
2020-05-16,43.30769230769231,California,0
2020-05-17,43.32692307692308,California,0
2020-05-18,58.58490566037736,California,0
2020-05-19,36.59615384615385,California,0
2020-05-20,38.44230769230769,California,0
2020-05-21,46.15094339622642,California,0
2020-05-22,48.5,California,0
2020-05-23,47.36538461538461,California,0
2020-05-24,49.509433962264154,California,0
2020-05-25,55.98076923076923,California,0
2020-05-26,59.86538461538461,California,0
2020-05-27,56.716981132075475,California,0
2020-05-28,54.86538461538461,California,0
2020-05-29,44.46153846153846,California,0
2020-05-30,35.943396226415096,California,0
2020-05-31,36.46153846153846,California,0
2020-06-01,46.36538461538461,California,0
2020-06-02,54.22641509433962,California,0
2020-06-03,67.11538461538461,California,0
2020-06-04,66.41176470588235,California,0
2020-06-05,60.77358490566038,California,0
2020-06-06,40.38461538461539,California,0
2020-06-07,37.53846153846154,California,0
2020-06-08,37.75471698113208,California,0
2020-06-09,41.80769230769231,California,0
2020-06-10,50.25,California,0
2020-06-11,53.37735849056604,California,0
2020-06-12,47.46153846153846,California,0
2020-06-13,37.96153846153846,California,0
2020-06-14,35.18867924528302,California,0
2020-06-15,40.90384615384615,California,0
2020-06-16,43.21568627450981,California,0
2020-06-17,44.64705882352941,California,0
2020-06-18,51.71153846153846,California,0
2020-06-19,57.84615384615385,California,0
2020-06-20,50.45283018867924,California,0
2020-06-21,45.42307692307692,California,0
2020-06-22,54.01923076923077,California,0
2020-06-23,56.20754716981132,California,0
2020-06-24,55.88461538461539,California,0
2020-06-25,55.78846153846154,California,0
2020-06-26,62.60377358490566,California,0
2020-06-27,56.76923076923077,California,0
2020-06-28,48.67307692307692,California,0
2020-06-29,43.113207547169814,California,0
2020-06-30,50.48076923076923,California,0
2020-07-01,56.450980392156865,California,0
2020-07-02,56.37735849056604,California,0
2020-07-03,60.431372549019606,California,0
2020-07-04,80.94117647058823,California,0
2020-07-05,62.37735849056604,California,0
2020-07-06,59.333333333333336,California,0
2020-07-07,55.80769230769231,California,0
2020-07-08,63.45283018867924,California,0
2020-07-09,65.23529411764706,California,0
2020-07-10,62.07843137254902,California,0
2020-07-11,66.88679245283019,California,0
2020-07-12,65.74509803921569,California,0
2020-07-13,55.529411764705884,California,0
2020-07-14,57.528301886792455,California,0
2020-07-15,60.53846153846154,California,0
2020-07-16,58.23076923076923,California,0
2020-07-17,55.20754716981132,California,0
2020-07-18,57.40384615384615,California,0
2020-07-19,53.11538461538461,California,0
2020-07-20,50.41509433962264,California,0
2020-07-21,52.23076923076923,California,0
2020-07-22,47.60377358490566,California,0
2020-07-23,47.79245283018868,California,0
2020-07-24,50.84615384615385,California,0
2020-07-25,53.76923076923077,California,0
2020-07-26,53.81132075471698,California,0
2020-07-27,53.01923076923077,California,0
2020-07-28,60.17307692307692,California,0
2020-07-29,57.0,California,0
2020-07-30,63.61538461538461,California,0
2020-07-31,61.73076923076923,California,0
2020-08-01,55.283018867924525,California,0
2020-08-02,49.42307692307692,California,0
2020-08-03,57.01923076923077,California,0
2020-08-04,49.43396226415094,California,0
2020-08-05,46.15094339622642,California,0
2020-08-06,43.39622641509434,California,0
2020-08-07,54.0188679245283,California,0
2020-08-08,59.16981132075472,California,0
2020-08-09,60.0377358490566,California,0
2020-08-10,60.58490566037736,California,0
2020-08-11,51.264150943396224,California,0
2020-08-12,58.18867924528302,California,0
2020-08-13,66.69811320754717,California,0
2020-08-14,74.15094339622641,California,0
2020-08-15,72.64150943396227,California,0
2020-08-16,65.01886792452831,California,0
2020-08-17,79.36538461538461,California,0
2020-08-18,92.86792452830188,California,0
2020-08-19,112.73584905660377,California,0
2020-08-20,141.79245283018867,California,0
2020-08-21,145.9433962264151,California,0
2020-08-22,151.71153846153845,California,0
2020-08-23,137.1346153846154,California,0
2020-08-24,132.3921568627451,California,0
2020-08-25,111.94339622641509,California,0
2020-08-26,89.69811320754717,California,0
2020-08-27,85.28301886792453,California,0
2020-08-28,95.77358490566037,California,0
2020-08-29,96.01886792452831,California,0
2020-08-30,91.94339622641509,California,0
2020-08-31,102.45283018867924,California,0
2020-09-01,85.60377358490567,California,0
2020-09-02,78.67924528301887,California,0
2020-09-03,94.33962264150944,California,0
2020-09-04,101.9622641509434,California,0
2020-09-05,114.56603773584905,California,0
2020-09-06,129.1509433962264,California,0
2020-09-07,106.36538461538461,California,0
2020-09-08,143.30769230769232,California,0
2020-09-09,102.39622641509433,California,0
2020-09-10,154.81132075471697,California,0
2020-09-11,170.9433962264151,California,0
2020-09-12,189.8490566037736,California,0
2020-09-13,191.42307692307693,California,0
2020-09-14,202.44230769230768,California,0
2020-09-15,168.8679245283019,California,0
2020-09-16,144.28301886792454,California,0
2020-09-17,140.0754716981132,California,0
2020-09-18,76.01886792452831,California,0
2020-09-19,74.45283018867924,California,0
2020-09-20,90.0377358490566,California,0
2020-09-21,104.78846153846153,California,0
2020-09-22,76.18867924528301,California,0
2020-09-23,75.24528301886792,California,0
2020-09-24,74.0,California,0
2020-09-25,68.64150943396227,California,0
2020-09-26,67.73584905660377,California,0
2020-09-27,67.81132075471699,California,0
2020-09-28,75.75,California,0
2020-09-29,95.94339622641509,California,0
2020-09-30,125.45283018867924,California,0
2020-10-01,135.54716981132074,California,0
2020-10-02,141.77358490566039,California,0
2020-10-03,130.16981132075472,California,0
2020-10-04,106.26415094339623,California,0
2020-10-05,100.45283018867924,California,0
2020-10-06,99.56603773584905,California,0
2020-10-07,95.90566037735849,California,0
2020-10-08,84.09433962264151,California,0
2020-10-09,65.84905660377359,California,0
2020-10-10,49.84905660377358,California,0
2020-10-11,45.698113207547166,California,0
2020-10-12,61.84905660377358,California,0
2020-10-13,74.83018867924528,California,0
2020-10-14,71.0377358490566,California,0
2020-10-15,75.49056603773585,California,0
2020-10-16,63.886792452830186,California,0
2020-10-17,82.8076923076923,California,0
2020-10-18,86.1923076923077,California,0
2020-10-19,81.69811320754717,California,0
2020-10-20,64.0377358490566,California,0
2020-10-21,72.38461538461539,California,0
2020-10-22,72.88679245283019,California,0
2020-10-23,60.264150943396224,California,0
2020-10-24,60.37735849056604,California,0
2020-10-25,62.59615384615385,California,0
2020-10-26,73.45283018867924,California,0
2020-10-27,62.56603773584906,California,0
2020-10-28,64.32075471698113,California,0
2020-10-29,66.45283018867924,California,0
2020-10-30,71.62264150943396,California,0
2020-10-31,71.41509433962264,California,0
2020-11-01,70.60377358490567,California,0
2020-11-02,70.20754716981132,California,0
2020-11-03,67.52830188679245,California,0
2020-11-04,58.71153846153846,California,0
2020-11-05,60.20754716981132,California,0
2020-11-06,57.339622641509436,California,0
2020-11-07,39.886792452830186,California,0
2020-11-08,38.80769230769231,California,0
2020-11-09,42.509433962264154,California,0
2020-11-10,47.56603773584906,California,0
2020-11-11,53.03846153846154,California,0
2020-11-12,58.22641509433962,California,0
2020-11-13,56.0188679245283,California,0
2020-11-14,52.0,California,0
2020-11-15,52.41509433962264,California,0
2020-11-16,55.283018867924525,California,0
2020-11-17,58.735849056603776,California,0
2020-11-18,61.37735849056604,California,0
2020-11-19,41.471698113207545,California,0
2020-11-20,54.528301886792455,California,0
2020-11-21,63.37735849056604,California,0
2020-11-22,65.18867924528301,California,0
2020-11-23,60.056603773584904,California,0
2020-11-24,57.075471698113205,California,0
2020-11-25,50.9811320754717,California,0
2020-11-26,44.867924528301884,California,0
2020-11-27,51.79245283018868,California,0
2020-11-28,59.132075471698116,California,0
2020-11-29,66.32075471698113,California,0
2020-11-30,63.0377358490566,California,0
2020-12-01,59.90384615384615,California,0
2020-12-02,63.84905660377358,California,0
2020-12-03,68.8076923076923,California,0
2020-12-04,67.86792452830188,California,0
2020-12-05,73.0,California,0
2020-12-06,65.75471698113208,California,0
2020-12-07,55.39622641509434,California,0
2020-12-08,64.86792452830188,California,0
2020-12-09,69.98113207547169,California,0
2020-12-10,62.113207547169814,California,0
2020-12-11,57.320754716981135,California,0
2020-12-12,51.64150943396226,California,0
2020-12-13,46.22641509433962,California,0
2020-12-14,43.15094339622642,California,0
2020-12-15,53.60377358490566,California,0
2020-12-16,59.867924528301884,California,0
2020-12-17,51.301886792452834,California,0
2020-12-18,48.41509433962264,California,0
2020-12-19,60.867924528301884,California,0
2020-12-20,67.24528301886792,California,0
2020-12-21,63.132075471698116,California,0
2020-12-22,54.509433962264154,California,0
2020-12-23,58.24528301886792,California,0
2020-12-24,66.83018867924528,California,0
2020-12-25,61.79245283018868,California,0
2020-12-26,47.24528301886792,California,0
2020-12-27,44.660377358490564,California,0
2020-12-28,41.37735849056604,California,0
2020-12-29,51.24528301886792,California,0
2020-12-30,54.39622641509434,California,0
2020-12-31,55.924528301886795,California,0
2021-01-01,65.77358490566037,California,0
2021-01-02,57.45283018867924,California,0
2021-01-03,59.490566037735846,California,0
2021-01-04,51.45283018867924,California,0
2021-01-05,50.0188679245283,California,0
2021-01-06,55.0188679245283,California,0
2021-01-07,57.19230769230769,California,0
2021-01-08,63.57692307692308,California,0
2021-01-09,56.43396226415094,California,0
2021-01-10,62.0377358490566,California,0
2021-01-11,61.132075471698116,California,0
2021-01-12,68.43396226415095,California,0
2021-01-13,67.98113207547169,California,0
2021-01-14,57.075471698113205,California,0
2021-01-15,60.58490566037736,California,0
2021-01-16,62.283018867924525,California,0
2021-01-17,62.0,California,0
2021-01-18,51.64150943396226,California,0
2021-01-19,52.924528301886795,California,0
2021-01-20,49.660377358490564,California,0
2021-01-21,55.32692307692308,California,0
2021-01-22,43.77358490566038,California,0
2021-01-23,45.943396226415096,California,0
2021-01-24,47.11538461538461,California,0
2021-01-25,37.22641509433962,California,0
2021-01-26,41.698113207547166,California,0
2021-01-27,39.132075471698116,California,0
2021-01-28,40.490566037735846,California,0
2021-01-29,36.75471698113208,California,0
2021-01-30,45.867924528301884,California,0
2021-01-31,50.58490566037736,California,0
2021-02-01,46.16981132075472,California,0
2021-02-02,39.16981132075472,California,0
2021-02-03,40.264150943396224,California,0
2021-02-04,47.0188679245283,California,0
2021-02-05,54.490566037735846,California,0
2021-02-06,61.35849056603774,California,0
2021-02-07,65.60377358490567,California,0
2021-02-08,62.62264150943396,California,0
2021-02-09,58.56603773584906,California,0
2021-02-10,52.0188679245283,California,0
2021-02-11,51.81132075471698,California,0
2021-02-12,38.924528301886795,California,0
2021-02-13,41.113207547169814,California,0
2021-02-14,38.943396226415096,California,0
2021-02-15,37.45283018867924,California,0
2021-02-16,40.39622641509434,California,0
2021-02-17,43.56603773584906,California,0
2021-02-18,45.45283018867924,California,0
2021-02-19,43.24528301886792,California,0
2021-02-20,42.660377358490564,California,0
2021-02-21,42.64150943396226,California,0
2021-02-22,44.943396226415096,California,0
2021-02-23,47.81132075471698,California,0
2021-02-24,53.41509433962264,California,0
2021-02-25,47.16981132075472,California,0
2021-02-26,49.509433962264154,California,0
2021-02-27,48.056603773584904,California,0
2021-02-28,46.58490566037736,California,0
2021-03-01,50.77358490566038,California,0
2021-03-02,53.18867924528302,California,0
2021-03-03,51.490566037735846,California,0
2021-03-04,51.45283018867924,California,0
2021-03-05,50.54716981132076,California,0
2021-03-06,65.80392156862744,California,0
2021-03-07,41.38461538461539,California,0
2021-03-08,46.56603773584906,California,0
2021-03-09,43.9622641509434,California,0
2021-03-10,38.320754716981135,California,0
2021-03-11,38.43396226415094,California,0
2021-03-12,42.588235294117645,California,0
2021-03-13,45.88235294117647,California,0
2021-03-14,41.471698113207545,California,0
2021-03-15,41.490196078431374,California,0
2021-03-16,41.0,California,0
2021-03-17,44.509433962264154,California,0
2021-03-18,42.867924528301884,California,0
2021-03-19,41.264150943396224,California,0
2021-03-20,40.698113207547166,California,0
2021-03-21,40.24528301886792,California,0
2021-03-22,40.679245283018865,California,0
2021-03-23,46.62264150943396,California,0
2021-03-24,41.84905660377358,California,0
2021-03-25,43.41509433962264,California,0
2021-03-26,43.679245283018865,California,0
2021-03-27,46.43396226415094,California,0
2021-03-28,48.886792452830186,California,0
2021-03-29,49.301886792452834,California,0
2021-03-30,48.41509433962264,California,0
2021-03-31,53.056603773584904,California,0
2021-04-01,62.698113207547166,California,0
2021-04-02,65.03846153846153,California,0
2021-04-03,55.28846153846154,California,0
2021-04-04,48.54716981132076,California,0
2021-04-05,57.44230769230769,California,0
2021-04-06,49.21153846153846,California,0
2021-04-07,50.37735849056604,California,0
2021-04-08,47.22641509433962,California,0
2021-04-09,50.075471698113205,California,0
2021-04-10,53.83018867924528,California,0
2021-04-11,55.339622641509436,California,0
2021-04-12,55.264150943396224,California,0
2021-04-13,111.13207547169812,California,0
2021-04-14,51.81132075471698,California,0
2021-04-15,50.28846153846154,California,0
2021-04-16,52.35849056603774,California,0
2021-04-17,49.83018867924528,California,0
2021-04-18,47.528301886792455,California,0
2021-04-19,54.132075471698116,California,0
2021-04-20,51.54716981132076,California,0
2021-04-21,53.056603773584904,California,0
2021-04-22,54.22641509433962,California,0
2021-04-23,51.471698113207545,California,0
2021-04-24,42.9811320754717,California,0
2021-04-25,40.35849056603774,California,0
2021-04-26,38.46153846153846,California,0
2021-04-27,38.67307692307692,California,0
2021-04-28,47.132075471698116,California,0
2021-04-29,58.716981132075475,California,0
2021-04-30,62.283018867924525,California,0
2021-05-01,46.58490566037736,California,0
2021-05-02,54.716981132075475,California,0
2021-05-03,49.679245283018865,California,0
2021-05-04,56.43396226415094,California,0
2021-05-05,61.735849056603776,California,0
2021-05-06,51.05769230769231,California,0
2021-05-07,49.679245283018865,California,0
2021-05-08,52.36538461538461,California,0
2021-05-09,49.36538461538461,California,0
2021-05-10,51.83018867924528,California,0
2021-05-11,61.05882352941177,California,0
2021-05-12,69.01960784313725,California,0
2021-05-13,69.15094339622641,California,0
2021-05-14,57.41509433962264,California,0
2021-05-15,49.84905660377358,California,0
2021-05-16,47.679245283018865,California,0
2021-05-17,41.84905660377358,California,0
2021-05-18,48.82692307692308,California,0
2021-05-19,52.65384615384615,California,0
2021-05-20,50.075471698113205,California,0
2021-05-21,43.53846153846154,California,0
2021-05-22,46.21153846153846,California,0
2021-05-23,45.48076923076923,California,0
2021-05-24,48.75,California,0
2021-05-25,46.84615384615385,California,0
2021-05-26,51.65384615384615,California,0
2021-05-27,52.17307692307692,California,0
2021-05-28,54.76923076923077,California,0
2021-05-29,51.82692307692308,California,0
2021-05-30,56.15384615384615,California,0
2021-05-31,66.76923076923077,California,0
2021-06-01,63.21153846153846,California,0
2021-06-02,56.53846153846154,California,0
2021-06-03,58.38461538461539,California,0
2021-06-04,54.23076923076923,California,0
2021-06-05,57.28846153846154,California,0
2021-06-06,56.17307692307692,California,0
2021-06-07,47.68627450980392,California,0
2021-06-08,42.36538461538461,California,0
2021-06-09,42.32692307692308,California,0
2021-06-10,40.23076923076923,California,0
2021-06-11,49.11538461538461,California,0
2021-06-12,48.0,California,0
2021-06-13,37.78431372549019,California,0
2021-06-14,42.15686274509804,California,0
2021-06-15,51.94230769230769,California,0
2021-06-16,70.61538461538461,California,0
2021-06-17,86.0576923076923,California,0
2021-06-18,94.21153846153847,California,0
2021-06-19,87.57692307692308,California,0
2021-06-20,64.84615384615384,California,0
2021-06-21,50.73076923076923,California,0
2021-06-22,40.470588235294116,California,0
2021-06-23,37.90384615384615,California,0
2021-06-24,38.46153846153846,California,0
2021-06-25,45.5,California,0
2021-06-26,56.82692307692308,California,0
2021-06-27,57.13461538461539,California,0
2021-06-28,53.25,California,0
2021-06-29,56.09615384615385,California,0
2021-06-30,60.65384615384615,California,0
2021-07-01,53.78846153846154,California,0
2021-07-02,54.94230769230769,California,0
2021-07-03,55.46153846153846,California,0
2021-07-04,57.78846153846154,California,0
2021-07-05,59.42307692307692,California,0
2021-07-06,52.96153846153846,California,0
2021-07-07,59.59615384615385,California,0
2021-07-08,77.48076923076923,California,0
2021-07-09,83.03846153846153,California,0
2021-07-10,70.4423076923077,California,0
2021-07-11,69.5576923076923,California,0
2021-07-12,74.07692307692308,California,0
2021-07-13,68.51923076923077,California,0
2021-07-14,64.9423076923077,California,0
2021-07-15,61.38461538461539,California,0
2021-07-16,66.32692307692308,California,0
2021-07-17,72.0576923076923,California,0
2021-07-18,72.67307692307692,California,0
2021-07-19,69.05882352941177,California,0
2021-07-20,59.51923076923077,California,0
2021-07-21,72.03846153846153,California,0
2021-07-22,77.0576923076923,California,0
2021-07-23,80.46153846153847,California,0
2021-07-24,76.67307692307692,California,0
2021-07-25,65.86538461538461,California,0
2021-07-26,59.71153846153846,California,0
2021-07-27,63.55769230769231,California,0
2021-07-28,79.90384615384616,California,0
2021-07-29,68.36538461538461,California,0
2021-07-30,65.57692307692308,California,0
2021-07-31,56.07692307692308,California,0
2021-08-01,53.84615384615385,California,0
2021-08-02,66.84615384615384,California,0
2021-08-03,76.9423076923077,California,0
2021-08-04,81.71153846153847,California,0
2021-08-05,75.36538461538461,California,0
2021-08-06,114.07692307692308,California,0
2021-08-07,134.68627450980392,California,0
2021-08-08,97.46153846153847,California,0
2021-08-09,74.58823529411765,California,0
2021-08-10,79.88235294117646,California,0
2021-08-11,93.86538461538461,California,0
2021-08-12,91.76470588235294,California,0
2021-08-13,88.3076923076923,California,0
2021-08-14,95.0,California,0
2021-08-15,103.61538461538461,California,0
2021-08-16,105.73076923076923,California,0
2021-08-17,79.26923076923077,California,0
2021-08-18,97.76923076923077,California,0
2021-08-19,103.13461538461539,California,0
2021-08-20,107.0576923076923,California,0
2021-08-21,94.23076923076923,California,0
2021-08-22,97.15384615384616,California,0
2021-08-23,107.23076923076923,California,0
2021-08-24,98.38461538461539,California,0
2021-08-25,101.98076923076923,California,0
2021-08-26,105.56862745098039,California,0
2021-08-27,122.65384615384616,California,0
2021-08-28,140.5,California,0
2021-08-29,119.25,California,0
2021-08-30,104.57692307692308,California,0
2021-08-31,86.32692307692308,California,0
2021-09-01,72.5576923076923,California,0
2021-09-02,76.76923076923077,California,0
2021-09-03,93.53846153846153,California,0
2021-09-04,98.09615384615384,California,0
2021-09-05,94.34615384615384,California,0
2021-09-06,88.67307692307692,California,0
2021-09-07,87.61538461538461,California,0
2021-09-08,90.4423076923077,California,0
2021-09-09,77.48076923076923,California,0
2021-09-10,63.48076923076923,California,0
2021-09-11,60.13461538461539,California,0
2021-09-12,68.03846153846153,California,0
2021-09-13,88.92307692307692,California,0
2021-09-14,105.21153846153847,California,0
2021-09-15,79.13461538461539,California,0
2021-09-16,74.5576923076923,California,0
2021-09-17,73.8076923076923,California,0
2021-09-18,55.05769230769231,California,0
2021-09-19,51.76923076923077,California,0
2021-09-20,53.09615384615385,California,0
2021-09-21,72.92156862745098,California,0
2021-09-22,72.38461538461539,California,0
2021-09-23,68.02,California,0
2021-09-24,76.16,California,0
2021-09-25,67.76923076923077,California,0
2021-09-26,58.3921568627451,California,0
2021-09-27,52.8235294117647,California,0
2021-09-28,50.55769230769231,California,0
2021-09-29,46.80392156862745,California,0
2021-09-30,55.666666666666664,California,0
2021-10-01,74.23076923076923,California,0
2021-10-02,82.23529411764706,California,0
2021-10-03,86.03921568627452,California,0
2021-10-04,89.67307692307692,California,0
2021-10-05,69.68627450980392,California,0
2021-10-06,47.372549019607845,California,0
2021-10-07,50.411764705882355,California,0
2021-10-08,39.8235294117647,California,0
2021-10-09,44.3921568627451,California,0
2021-10-10,49.13461538461539,California,0
2021-10-11,108.27450980392157,California,0
2021-10-12,45.372549019607845,California,0
2021-10-13,48.55769230769231,California,0
2021-10-14,48.31372549019608,California,0
2021-10-15,51.627450980392155,California,0
2021-10-16,61.0,California,0
2021-10-17,55.470588235294116,California,0
2021-10-18,43.23529411764706,California,0
2021-10-19,44.26923076923077,California,0
2021-10-20,42.80769230769231,California,0
2021-10-21,42.98076923076923,California,0
2021-10-22,43.92307692307692,California,0
2021-10-23,39.71153846153846,California,0
2021-10-24,46.46153846153846,California,0
2021-10-25,48.67307692307692,California,0
2021-10-26,39.549019607843135,California,0
2021-10-27,41.0,California,0
2021-10-28,49.44230769230769,California,0
2021-10-29,58.68627450980392,California,0
2021-10-30,50.76470588235294,California,0
2021-10-31,43.36538461538461,California,0
2021-11-01,45.94117647058823,California,0
2021-11-02,40.11764705882353,California,0
2021-11-03,44.80769230769231,California,0
2021-11-04,47.84313725490196,California,0
2021-11-05,47.76470588235294,California,0
2021-11-06,49.65384615384615,California,0
2021-11-07,48.431372549019606,California,0
2021-11-08,53.68627450980392,California,0
2021-11-09,43.80769230769231,California,0
2021-11-10,44.745098039215684,California,0
2021-11-11,48.529411764705884,California,0
2021-11-12,55.03846153846154,California,0
2021-11-13,52.23529411764706,California,0
2021-11-14,55.3921568627451,California,0
2021-11-15,55.28846153846154,California,0
2021-11-16,53.48,California,0
2021-11-17,57.22,California,0
2021-11-18,67.72549019607843,California,0
2021-11-19,64.18,California,0
2021-11-20,55.58,California,0
2021-11-21,53.88461538461539,California,0
2021-11-22,54.36,California,0
2021-11-23,53.19607843137255,California,0
2021-11-24,52.55769230769231,California,0
2021-11-25,65.07843137254902,California,0
2021-11-26,61.94117647058823,California,0
2021-11-27,64.01923076923077,California,0
2021-11-28,64.33333333333333,California,0
2021-11-29,62.94117647058823,California,0
2021-11-30,68.59615384615384,California,0
2021-12-01,72.57692307692308,California,0
2021-12-02,71.32692307692308,California,0
2021-12-03,74.11538461538461,California,0
2021-12-04,69.23076923076923,California,0
2021-12-05,64.32692307692308,California,0
2021-12-06,69.84615384615384,California,0
2021-12-07,62.13461538461539,California,0
2021-12-08,56.61538461538461,California,0
2021-12-09,44.76923076923077,California,0
2021-12-10,47.48076923076923,California,0
2021-12-11,55.36538461538461,California,0
2021-12-12,50.5,California,0
2021-12-13,47.23529411764706,California,0
2021-12-14,43.11538461538461,California,0
2021-12-15,41.69230769230769,California,0
2021-12-16,39.5,California,0
2021-12-17,44.26923076923077,California,0
2021-12-18,54.19230769230769,California,0
2021-12-19,58.19230769230769,California,0
2021-12-20,56.0,California,0
2021-12-21,60.98076923076923,California,0
2021-12-22,52.42307692307692,California,0
2021-12-23,39.84615384615385,California,0
2021-12-24,40.48076923076923,California,0
2021-12-25,39.294117647058826,California,0
2021-12-26,36.19607843137255,California,0
2021-12-27,36.38461538461539,California,0
2021-12-28,38.21568627450981,California,0
2021-12-29,35.529411764705884,California,0
2021-12-30,41.01923076923077,California,0
2021-12-31,47.19230769230769,California,0
2022-01-01,54.78846153846154,California,0
2022-01-02,57.0,California,0
2022-01-03,49.75,California,0
2022-01-04,45.15384615384615,California,0
2022-01-05,48.44230769230769,California,0
2022-01-06,45.67307692307692,California,0
2022-01-07,46.26923076923077,California,0
2022-01-08,49.76923076923077,California,0
2022-01-09,50.36538461538461,California,0
2022-01-10,50.48076923076923,California,0
2022-01-11,57.84615384615385,California,0
2022-01-12,62.26923076923077,California,0
2022-01-13,69.07692307692308,California,0
2022-01-14,61.88461538461539,California,0
2022-01-15,61.86538461538461,California,0
2022-01-16,62.82692307692308,California,0
2022-01-17,66.5576923076923,California,0
2022-01-18,60.07692307692308,California,0
2022-01-19,59.67307692307692,California,0
2022-01-20,63.92307692307692,California,0
2022-01-21,56.23076923076923,California,0
2022-01-22,51.86538461538461,California,0
2022-01-23,61.84615384615385,California,0
2022-01-24,59.21153846153846,California,0
2022-01-25,57.34615384615385,California,0
2022-01-26,59.55769230769231,California,0
2022-01-27,58.03846153846154,California,0
2022-01-28,58.92156862745098,California,0
2022-01-29,63.0,California,0
2022-01-30,61.03846153846154,California,0
2022-01-31,61.48076923076923,California,0
2022-02-01,51.32692307692308,California,0
2022-02-02,52.68627450980392,California,0
2022-02-03,51.69230769230769,California,0
2022-02-04,61.23076923076923,California,0
2022-02-05,60.34615384615385,California,0
2022-02-06,57.96153846153846,California,0
2022-02-07,59.73076923076923,California,0
2022-02-08,57.67307692307692,California,0
2022-02-09,54.61538461538461,California,0
2022-02-10,56.65384615384615,California,0
2022-02-11,58.17307692307692,California,0
2022-02-12,57.75,California,0
2022-02-13,55.96153846153846,California,0
2022-02-14,56.76923076923077,California,0
2022-02-15,60.01923076923077,California,0
2022-02-16,43.73076923076923,California,0
2022-02-17,46.63461538461539,California,0
2022-02-18,53.23076923076923,California,0
2022-02-19,56.63461538461539,California,0
2022-02-20,51.32692307692308,California,0
2022-02-21,56.07692307692308,California,0
2022-02-22,39.98076923076923,California,0
2022-02-23,39.28846153846154,California,0
2022-02-24,45.55769230769231,California,0
2022-02-25,50.96153846153846,California,0
2022-02-26,53.01923076923077,California,0
2022-02-27,53.59615384615385,California,0
2022-02-28,51.46153846153846,California,0
2022-03-01,48.15384615384615,California,0
2022-03-02,50.38461538461539,California,0
2022-03-03,48.44230769230769,California,0
2022-03-04,43.67307692307692,California,0
2022-03-05,42.26923076923077,California,0
2022-03-06,46.03846153846154,California,0
2022-03-07,45.03846153846154,California,0
2022-03-08,47.13461538461539,California,0
2022-03-09,47.75,California,0
2022-03-10,52.51923076923077,California,0
2022-03-11,45.48076923076923,California,0
2022-03-12,47.26923076923077,California,0
2022-03-13,60.82692307692308,California,0
2022-03-14,49.30769230769231,California,0
2022-03-15,42.84615384615385,California,0
2022-03-16,43.59615384615385,California,0
2022-03-17,46.13461538461539,California,0
2022-03-18,47.07692307692308,California,0
2022-03-19,43.44230769230769,California,0
2022-03-20,43.63461538461539,California,0
2022-03-21,45.32692307692308,California,0
2022-03-22,43.03846153846154,California,0
2022-03-23,44.48076923076923,California,0
2022-03-24,47.65384615384615,California,0
2022-03-25,48.40384615384615,California,0
2022-03-26,47.03846153846154,California,0
2022-03-27,44.19230769230769,California,0
2022-03-28,41.57692307692308,California,0
2022-03-29,36.90384615384615,California,0
2022-03-30,40.67307692307692,California,0
2022-03-31,44.13461538461539,California,0
2022-04-01,48.71153846153846,California,0
2022-04-02,50.86538461538461,California,0
2022-04-03,49.25,California,0
2022-04-04,44.61538461538461,California,0
2022-04-05,52.32692307692308,California,0
2022-04-06,51.65384615384615,California,0
2022-04-07,63.13461538461539,California,0
2022-04-08,59.25,California,0
2022-04-09,61.28846153846154,California,0
2022-04-10,49.21153846153846,California,0
2022-04-11,158.96153846153845,California,0
2022-04-12,43.26923076923077,California,0
2022-04-13,45.65384615384615,California,0
2022-04-14,41.53846153846154,California,0
2022-04-15,41.372549019607845,California,0
2022-04-16,38.80392156862745,California,0
2022-04-17,45.0,California,0
2022-04-18,52.27450980392157,California,0
2022-04-19,62.6078431372549,California,0
2022-04-20,44.34615384615385,California,0
2022-04-21,50.254901960784316,California,0
2022-04-22,45.0,California,0
2022-04-23,42.26923076923077,California,0
2022-04-24,43.69230769230769,California,0
2022-04-25,57.09615384615385,California,0
2022-04-26,63.78846153846154,California,0
2022-04-27,53.35294117647059,California,0
2022-04-28,55.05769230769231,California,0
2022-04-29,56.21153846153846,California,0
2022-04-30,54.627450980392155,California,0
2022-05-01,50.450980392156865,California,0
2022-05-02,50.48076923076923,California,0
2022-05-03,47.28846153846154,California,0
2022-05-04,57.61538461538461,California,0
2022-05-05,55.98076923076923,California,0
2022-05-06,195.15384615384616,California,0
2022-05-07,46.57692307692308,California,0
2022-05-08,101.88461538461539,California,0
2022-05-09,43.59615384615385,California,0
2022-05-10,39.25,California,0
2022-05-11,41.26923076923077,California,0
2022-05-12,45.26923076923077,California,0
2022-05-13,46.28846153846154,California,0
2022-05-14,50.96153846153846,California,0
2022-05-15,46.21153846153846,California,0
2022-05-16,46.92307692307692,California,0
2022-05-17,53.84615384615385,California,0
2022-05-18,59.09615384615385,California,0
2022-05-19,57.27450980392157,California,0
2022-05-20,69.17647058823529,California,0
2022-05-21,52.745098039215684,California,0
2022-05-22,55.15686274509804,California,0
2022-05-23,56.92156862745098,California,0
2022-05-24,72.03921568627452,California,0
2022-05-25,74.03921568627452,California,0
2022-05-26,55.88461538461539,California,0
2022-05-27,44.71153846153846,California,0
2022-05-28,76.6923076923077,California,0
2022-05-29,88.0,California,0
2022-05-30,44.21153846153846,California,0
2022-05-31,47.53846153846154,California,0
2022-06-01,55.65384615384615,California,0
2022-06-02,51.23076923076923,California,0
2022-06-03,38.67307692307692,California,0
2022-06-04,42.92307692307692,California,0
2022-06-05,36.65384615384615,California,0
2022-06-06,47.73076923076923,California,0
2022-06-07,63.46153846153846,California,0
2022-06-08,52.48076923076923,California,0
2022-06-09,57.17307692307692,California,0
2022-06-10,54.96153846153846,California,0
2022-06-11,43.51923076923077,California,0
2022-06-12,197.55769230769232,California,0
2022-06-13,60.13461538461539,California,0
2022-06-14,54.11538461538461,California,0
2022-06-15,64.63461538461539,California,0
2022-06-16,64.21153846153847,California,0
2022-06-17,99.6923076923077,California,0
2022-06-18,40.57692307692308,California,0
2022-06-19,43.17307692307692,California,0
2022-06-20,55.0,California,0
2022-06-21,65.98076923076923,California,0
2022-06-22,65.3076923076923,California,0
2022-06-23,67.57692307692308,California,0
2022-06-24,67.17307692307692,California,0
2022-06-25,64.46153846153847,California,0
2022-06-26,57.78846153846154,California,0
2022-06-27,60.21153846153846,California,0
2022-06-28,61.03846153846154,California,0
2022-06-29,61.86538461538461,California,0
2022-06-30,53.588235294117645,California,0
2022-07-01,48.80769230769231,California,0
2022-07-02,39.53846153846154,California,0
2022-07-03,37.09615384615385,California,0
2022-07-04,46.294117647058826,California,0
2022-07-05,38.13461538461539,California,0
2022-07-06,33.05882352941177,California,0
2022-07-07,38.11764705882353,California,0
2022-07-08,48.19607843137255,California,0
2022-07-09,47.23529411764706,California,0
2022-07-10,57.19607843137255,California,0
2022-07-11,72.26,California,0
2022-07-12,61.3921568627451,California,0
2022-07-13,56.1764705882353,California,0
2022-07-14,62.666666666666664,California,0
2022-07-15,63.98076923076923,California,0
2022-07-16,69.38461538461539,California,0
2022-07-17,61.19230769230769,California,0
2022-07-18,57.57692307692308,California,0
2022-07-19,58.51923076923077,California,0
2022-07-20,59.44230769230769,California,0
2022-07-21,57.69230769230769,California,0
2022-07-22,63.98076923076923,California,0
2022-07-23,70.32692307692308,California,0
2022-07-24,70.59615384615384,California,0
2022-07-25,68.09615384615384,California,0
2022-07-26,62.44230769230769,California,0
2022-07-27,59.86538461538461,California,0
2022-07-28,61.94230769230769,California,0
2022-07-29,58.69230769230769,California,0
2022-07-30,54.80769230769231,California,0
2022-07-31,53.65384615384615,California,0
2022-08-01,46.38461538461539,California,0
2022-08-02,58.07692307692308,California,0
2022-08-03,56.25,California,0
2022-08-04,53.88461538461539,California,0
2022-08-05,46.666666666666664,California,0
2022-08-06,48.0,California,0
2022-08-07,52.4,California,0
2022-08-08,51.450980392156865,California,0
2022-08-09,50.84615384615385,California,0
2022-08-10,47.88235294117647,California,0
2022-08-11,51.490196078431374,California,0
2022-08-12,58.35294117647059,California,0
2022-08-13,67.19607843137256,California,0
2022-08-14,72.76470588235294,California,0
2022-08-15,86.15686274509804,California,0
2022-08-16,93.3529411764706,California,0
2022-08-17,77.49019607843137,California,0
2022-08-18,71.03846153846153,California,0
2022-08-19,67.9423076923077,California,0
2022-08-20,65.01923076923077,California,0
2022-08-21,55.98076923076923,California,0
2022-08-22,56.55769230769231,California,0
2022-08-23,59.42307692307692,California,0
2022-08-24,60.73076923076923,California,0
2022-08-25,52.96153846153846,California,0
2022-08-26,60.69230769230769,California,0
2022-08-27,56.65384615384615,California,0
2022-08-28,57.42307692307692,California,0
2022-08-29,60.30769230769231,California,0
2022-08-30,68.96153846153847,California,0
2022-08-31,73.76923076923077,California,0
2022-09-01,83.46153846153847,California,0
2022-09-02,81.01923076923077,California,0
2022-09-03,68.34615384615384,California,0
2022-09-04,64.28846153846153,California,0
2022-09-05,77.15384615384616,California,0
2022-09-06,88.73076923076923,California,0
2022-09-07,81.15384615384616,California,0
2022-09-08,87.46153846153847,California,0
2022-09-09,90.07692307692308,California,0
2022-09-10,73.5,California,0
2022-09-11,74.11538461538461,California,0
2022-09-12,67.46153846153847,California,0
2022-09-13,51.75,California,0
2022-09-14,53.411764705882355,California,0
2022-09-15,57.588235294117645,California,0
2022-09-16,65.56862745098039,California,0
2022-09-17,56.529411764705884,California,0
2022-09-18,43.333333333333336,California,0
2022-09-19,32.490196078431374,California,0
2022-09-20,33.627450980392155,California,0
2022-09-21,36.13725490196079,California,0
2022-09-22,43.64,California,0
2022-09-23,54.627450980392155,California,0
2022-09-24,65.6,California,0
2022-09-25,60.93877551020408,California,0
2022-09-26,60.666666666666664,California,0
2022-09-27,64.78,California,0
2022-09-28,54.68,California,0
2022-09-29,48.470588235294116,California,0
2022-09-30,49.5,California,0
2022-10-01,50.68627450980392,California,0
2022-10-02,48.03921568627451,California,0
2022-10-03,54.142857142857146,California,0
2022-10-04,60.42857142857143,California,0
2022-10-05,67.33333333333333,California,0
2022-10-06,80.85714285714286,California,0
2022-10-07,66.11764705882354,California,0
2022-10-08,64.31372549019608,California,0
2022-10-09,56.09803921568628,California,0
2022-10-10,53.72549019607843,California,0
2022-10-11,58.68627450980392,California,0
2022-10-12,56.19607843137255,California,0
2022-10-13,52.27450980392157,California,0
2022-10-14,56.745098039215684,California,0
2022-10-15,50.88235294117647,California,0
2022-10-16,48.627450980392155,California,0
2022-10-17,49.627450980392155,California,0
2022-10-18,55.01960784313726,California,0
2022-10-19,56.470588235294116,California,0
2022-10-20,62.0,California,0
2022-10-21,66.56862745098039,California,0
2022-10-22,77.56862745098039,California,0
2022-10-23,41.529411764705884,California,0
2022-10-24,39.96078431372549,California,0
2022-10-25,42.431372549019606,California,0
2022-10-26,44.470588235294116,California,0
2022-10-27,44.86274509803921,California,0
2022-10-28,50.13725490196079,California,0
2022-10-29,53.333333333333336,California,0
2022-10-30,54.23529411764706,California,0
2022-10-31,57.31372549019608,California,0
2022-11-01,108.33333333333333,California,0
2022-11-02,36.333333333333336,California,0
2022-11-03,35.666666666666664,California,0
2022-11-04,43.745098039215684,California,0
2022-11-05,43.6078431372549,California,0
2022-11-06,49.372549019607845,California,0
2022-11-07,43.05882352941177,California,0
2022-11-08,38.6078431372549,California,0
2022-11-09,35.01960784313726,California,0
2022-11-10,44.372549019607845,California,0
2022-11-11,51.76470588235294,California,0
2022-11-12,50.509803921568626,California,0
2022-11-13,50.72549019607843,California,0
2022-11-14,50.745098039215684,California,0
2022-11-15,50.86274509803921,California,0
2022-11-16,55.36,California,0
2022-11-17,56.90196078431372,California,0
2022-11-18,57.92156862745098,California,0
2022-11-19,59.333333333333336,California,0
2022-11-20,60.294117647058826,California,0
2022-11-21,60.01960784313726,California,0
2022-11-22,65.07843137254902,California,0
2022-11-23,61.333333333333336,California,0
2022-11-24,68.37254901960785,California,0
2022-11-25,69.66666666666667,California,0
2022-11-26,63.333333333333336,California,0
2022-11-27,63.1764705882353,California,0
2022-11-28,53.35294117647059,California,0
2022-11-29,47.11764705882353,California,0
2022-11-30,51.21568627450981,California,0
2022-12-01,43.529411764705884,California,0
2022-12-02,42.1,California,0
2022-12-03,45.96,California,0
2022-12-04,39.8,California,0
2022-12-05,38.82,California,0
2022-12-06,39.44,California,0
2022-12-07,49.0,California,0
2022-12-08,49.294117647058826,California,0
2022-12-09,50.254901960784316,California,0
2022-12-10,42.07843137254902,California,0
2022-12-11,37.78431372549019,California,0
2022-12-12,34.11764705882353,California,0
2022-12-13,46.11764705882353,California,0
2022-12-14,52.84313725490196,California,0
2022-12-15,56.27450980392157,California,0
2022-12-16,62.68627450980392,California,0
2022-12-17,65.3921568627451,California,0
2022-12-18,67.50980392156863,California,0
2022-12-19,70.31372549019608,California,0
2022-12-20,69.11764705882354,California,0
2022-12-21,67.86274509803921,California,0
2022-12-22,72.15686274509804,California,0
2022-12-23,69.7843137254902,California,0
2022-12-24,65.31372549019608,California,0
2022-12-25,66.33333333333333,California,0
2022-12-26,57.01960784313726,California,0
2022-12-27,44.92156862745098,California,0
2022-12-28,44.666666666666664,California,0
2022-12-29,38.254901960784316,California,0
2022-12-30,34.509803921568626,California,0
2022-12-31,47.21568627450981,California,0
