Date,AQI,State,Site ID
2010-01-01,48.686683506152946,Florida,0
2010-01-02,48.34396396129348,Florida,1
2010-01-03,55.49187572134906,Florida,2
2010-01-04,15.990049571929802,Florida,3
2010-01-05,59.689264961790684,Florida,4
2010-01-06,48.08701235533775,Florida,5
2010-01-07,45.90674176929255,Florida,6
2010-01-08,45.203424840433605,Florida,7
2010-01-09,20.882603167587675,Florida,8
2010-01-10,39.92498244511884,Florida,9
2010-01-11,52.14727001450928,Florida,10
2010-01-12,53.33884483585237,Florida,11
2010-01-13,49.45162776624446,Florida,12
2010-01-14,53.00746090835838,Florida,13
2010-01-15,34.79045791950999,Florida,14
2010-01-16,56.131683360049756,Florida,15
2010-01-17,59.75472190412547,Florida,16
2010-01-18,53.57243850793112,Florida,17
2010-01-19,61.16076337315377,Florida,18
2010-01-20,53.640216398337714,Florida,19
2010-01-21,54.66242394351984,Florida,20
2010-01-22,44.64994864868221,Florida,21
2010-01-23,32.76758168128963,Florida,22
2010-01-24,44.88941252402821,Florida,23
2010-01-25,32.3141046360052,Florida,24
2010-01-26,32.29950790554906,Florida,25
2010-01-27,58.637148670423485,Florida,26
2010-01-28,44.644504357994194,Florida,27
2010-01-29,56.08145581301285,Florida,28
2010-01-30,34.53388851795667,Florida,29
2010-01-31,63.03303421572665,Florida,30
2010-02-01,38.73577566203173,Florida,31
2010-02-02,58.785224162490636,Florida,32
2010-02-03,60.82681147194565,Florida,33
2010-02-04,62.806450009120326,Florida,34
2010-02-05,65.89761025171424,Florida,35
2010-02-06,52.1874920715728,Florida,36
2010-02-07,44.93398154311249,Florida,37
2010-02-08,53.82236010340468,Florida,38
2010-02-09,48.0294808613076,Florida,39
2010-02-10,48.84626097196582,Florida,40
2010-02-11,46.53975820509179,Florida,41
2010-02-12,56.15549039119984,Florida,42
2010-02-13,55.18655861726792,Florida,43
2010-02-14,74.83836702189654,Florida,44
2010-02-15,63.76144031474334,Florida,45
2010-02-16,46.500610059037456,Florida,46
2010-02-17,28.414255575929296,Florida,47
2010-02-18,74.49422662182522,Florida,48
2010-02-19,56.937258656585506,Florida,49
2010-02-20,57.95644844375986,Florida,50
2010-02-21,51.82337427534657,Florida,51
2010-02-22,61.123189441082616,Florida,52
2010-02-23,55.1118388391942,Florida,53
2010-02-24,79.2437423882703,Florida,54
2010-02-25,50.012174871902666,Florida,55
2010-02-26,54.314996624834684,Florida,56
2010-02-27,60.01712030913634,Florida,57
2010-02-28,60.674331633634125,Florida,58
2010-03-01,42.40517659186278,Florida,59
2010-03-02,40.093908541128535,Florida,60
2010-03-03,45.551219032822154,Florida,61
2010-03-04,47.03272559641344,Florida,62
2010-03-05,61.795774219046734,Florida,63
2010-03-06,64.23549143158779,Florida,64
2010-03-07,55.385144944382915,Florida,65
2010-03-08,64.0050806356761,Florida,66
2010-03-09,67.44207877394027,Florida,67
2010-03-10,66.65093128073178,Florida,68
2010-03-11,60.84409182718979,Florida,69
2010-03-12,39.113815734889975,Florida,70
2010-03-13,45.92792634325194,Florida,71
2010-03-14,60.656683628269136,Florida,72
2010-03-15,57.79320182113605,Florida,73
2010-03-16,56.04829436347088,Florida,74
2010-03-17,52.8969821436782,Florida,75
2010-03-18,58.40295107830802,Florida,76
2010-03-19,59.42733647736936,Florida,77
2010-03-20,42.35857330601638,Florida,78
2010-03-21,74.30583017833246,Florida,79
2010-03-22,54.47442361443014,Florida,80
2010-03-23,38.37525201361113,Florida,81
2010-03-24,48.00842954481858,Florida,82
2010-03-25,48.91173633366341,Florida,83
2010-03-26,56.515568071138794,Florida,84
2010-03-27,45.37697335588477,Florida,85
2010-03-28,57.183681139791794,Florida,86
2010-03-29,66.74431392660847,Florida,87
2010-03-30,47.92975352321559,Florida,88
2010-03-31,52.601944690455106,Florida,89
2010-04-01,49.4481566995016,Florida,90
2010-04-02,68.31263392652207,Florida,91
2010-04-03,45.085420538995905,Florida,92
2010-04-04,51.45390477951813,Florida,93
2010-04-05,49.332509177694604,Florida,94
2010-04-06,64.28146291321623,Florida,95
2010-04-07,64.44934592362509,Florida,96
2010-04-08,46.40730372598462,Florida,97
2010-04-09,44.15867229988774,Florida,98
2010-04-10,71.41474729641058,Florida,99
2010-04-11,62.56777733101423,Florida,100
2010-04-12,50.43541140632507,Florida,101
2010-04-13,47.988165743249425,Florida,102
2010-04-14,53.3278742115555,Florida,103
2010-04-15,46.919607742620556,Florida,104
2010-04-16,45.165851956533146,Florida,105
2010-04-17,53.83445009525399,Florida,106
2010-04-18,49.49606429618018,Florida,107
2010-04-19,47.729316870589905,Florida,108
2010-04-20,57.549631584557964,Florida,109
2010-04-21,43.19905016407537,Florida,110
2010-04-22,59.22438353476565,Florida,111
2010-04-23,46.47811491642977,Florida,112
2010-04-24,53.28859466311423,Florida,113
2010-04-25,49.61597241557229,Florida,114
2010-04-26,69.72537450852614,Florida,115
2010-04-27,53.87040512173323,Florida,116
2010-04-28,43.59728301654356,Florida,117
2010-04-29,56.10439710895108,Florida,118
2010-04-30,39.22813591570228,Florida,119
2010-05-01,53.15648101946881,Florida,120
2010-05-02,68.28582307875098,Florida,121
2010-05-03,39.16011037554409,Florida,122
2010-05-04,48.63220688782318,Florida,123
2010-05-05,51.861718720005335,Florida,124
2010-05-06,47.77182095047769,Florida,125
2010-05-07,57.04528260776674,Florida,126
2010-05-08,33.85210423205194,Florida,127
2010-05-09,51.095581407354054,Florida,128
2010-05-10,56.07113336901444,Florida,129
2010-05-11,61.24179218186473,Florida,130
2010-05-12,59.12730459261936,Florida,131
2010-05-13,61.52520387572195,Florida,132
2010-05-14,55.2118922399186,Florida,133
2010-05-15,45.58255674690036,Florida,134
2010-05-16,45.91421630214007,Florida,135
2010-05-17,49.236027067411165,Florida,136
2010-05-18,73.23628416357403,Florida,137
2010-05-19,58.92993831545663,Florida,138
2010-05-20,65.59372967972263,Florida,139
2010-05-21,44.5066450445128,Florida,140
2010-05-22,56.78275834646769,Florida,141
2010-05-23,50.06175849470359,Florida,142
2010-05-24,64.14699064123369,Florida,143
2010-05-25,40.068342067941884,Florida,144
2010-05-26,50.66875554346456,Florida,145
2010-05-27,53.24645795716574,Florida,146
2010-05-28,40.43556696587414,Florida,147
2010-05-29,43.05974219552834,Florida,148
2010-05-30,38.773993502504055,Florida,149
2010-05-31,53.37217826848476,Florida,150
2010-06-01,44.210430596381336,Florida,151
2010-06-02,43.04173087516089,Florida,152
2010-06-03,43.251194145334324,Florida,153
2010-06-04,48.7925603922784,Florida,154
2010-06-05,41.47399890186874,Florida,155
2010-06-06,37.109083452150166,Florida,156
2010-06-07,48.180227321500546,Florida,157
2010-06-08,53.102730704908815,Florida,158
2010-06-09,44.196234290879545,Florida,159
2010-06-10,51.00251487031263,Florida,160
2010-06-11,50.12134399646655,Florida,161
2010-06-12,65.0550158255232,Florida,162
2010-06-13,42.156044495350336,Florida,163
2010-06-14,59.97567636829142,Florida,164
2010-06-15,61.51685048640343,Florida,165
2010-06-16,40.60854219550773,Florida,166
2010-06-17,36.21723245632838,Florida,167
2010-06-18,68.87987176730716,Florida,168
2010-06-19,55.63920687668637,Florida,169
2010-06-20,28.44830399433863,Florida,170
2010-06-21,40.76143389440945,Florida,171
2010-06-22,64.8808295579104,Florida,172
2010-06-23,47.393199028009136,Florida,173
2010-06-24,46.64803796505897,Florida,174
2010-06-25,42.420209874749375,Florida,175
2010-06-26,34.48738630251343,Florida,176
2010-06-27,35.106123861614854,Florida,177
2010-06-28,30.949801117969564,Florida,178
2010-06-29,43.26030749883956,Florida,179
2010-06-30,34.984408272817184,Florida,180
2010-07-01,51.93163784009262,Florida,181
2010-07-02,50.368350404454496,Florida,182
2010-07-03,45.29758363765942,Florida,183
2010-07-04,59.45086812168537,Florida,184
2010-07-05,31.544392584480093,Florida,185
2010-07-06,48.20656229890652,Florida,186
2010-07-07,34.82445963492039,Florida,187
2010-07-08,51.78805170374977,Florida,188
2010-07-09,44.3442216678147,Florida,189
2010-07-10,47.28178239099532,Florida,190
2010-07-11,24.400789028265248,Florida,191
2010-07-12,39.94223300115917,Florida,192
2010-07-13,34.139645235583615,Florida,193
2010-07-14,16.842087550316705,Florida,194
2010-07-15,37.823249166648694,Florida,195
2010-07-16,54.085389319717706,Florida,196
2010-07-17,42.69227489785517,Florida,197
2010-07-18,25.714291012388774,Florida,198
2010-07-19,48.38848745978204,Florida,199
2010-07-20,28.232807635387964,Florida,200
2010-07-21,41.095777672171934,Florida,201
2010-07-22,40.934272730864954,Florida,202
2010-07-23,49.27070856753704,Florida,203
2010-07-24,40.61207978229804,Florida,204
2010-07-25,42.36856638559577,Florida,205
2010-07-26,59.807697819259936,Florida,206
2010-07-27,63.306957835147735,Florida,207
2010-07-28,44.63907472411779,Florida,208
2010-07-29,30.41977783392204,Florida,209
2010-07-30,53.77625852891268,Florida,210
2010-07-31,43.37921647497852,Florida,211
2010-08-01,35.51748610767245,Florida,212
2010-08-02,44.845963730825005,Florida,213
2010-08-03,35.47989822703545,Florida,214
2010-08-04,26.03574591978036,Florida,215
2010-08-05,51.47277093985771,Florida,216
2010-08-06,37.249905000518915,Florida,217
2010-08-07,42.82164747152051,Florida,218
2010-08-08,56.867580876019666,Florida,219
2010-08-09,39.86410230012619,Florida,220
2010-08-10,45.43713095958067,Florida,221
2010-08-11,36.21819170629539,Florida,222
2010-08-12,32.58231992542913,Florida,223
2010-08-13,29.176294438176406,Florida,224
2010-08-14,41.72513204418645,Florida,225
2010-08-15,23.286088631374707,Florida,226
2010-08-16,36.64403383444079,Florida,227
2010-08-17,29.14358233972042,Florida,228
2010-08-18,32.436306590246595,Florida,229
2010-08-19,28.054296921913185,Florida,230
2010-08-20,33.59052591735811,Florida,231
2010-08-21,38.290557340699785,Florida,232
2010-08-22,36.87775936769213,Florida,233
2010-08-23,34.04403779085464,Florida,234
2010-08-24,44.8280738589606,Florida,235
2010-08-25,54.50354387152726,Florida,236
2010-08-26,47.87831158249353,Florida,237
2010-08-27,27.413512911717646,Florida,238
2010-08-28,25.417791928716017,Florida,239
2010-08-29,37.6676976123935,Florida,240
2010-08-30,29.158407313136223,Florida,241
2010-08-31,35.57316578155222,Florida,242
2010-09-01,36.29542630905613,Florida,243
2010-09-02,41.657559278904124,Florida,244
2010-09-03,27.980034457366823,Florida,245
2010-09-04,47.90143517457017,Florida,246
2010-09-05,56.08254385308994,Florida,247
2010-09-06,29.193728429744436,Florida,248
2010-09-07,29.395133933093078,Florida,249
2010-09-08,46.95644798127326,Florida,250
2010-09-09,51.94991897664243,Florida,251
2010-09-10,9.499438763284743,Florida,252
2010-09-11,41.797395596448716,Florida,253
2010-09-12,19.044500362826625,Florida,254
2010-09-13,58.73389219772615,Florida,255
2010-09-14,31.824422329993677,Florida,256
2010-09-15,45.091296895270794,Florida,257
2010-09-16,48.03024353671768,Florida,258
2010-09-17,53.044243959411915,Florida,259
2010-09-18,48.89578944581862,Florida,260
2010-09-19,17.85535278719906,Florida,261
2010-09-20,38.12868010884104,Florida,262
2010-09-21,47.80665532477242,Florida,263
2010-09-22,22.177007516731464,Florida,264
2010-09-23,37.802116591619026,Florida,265
2010-09-24,26.661469704228907,Florida,266
2010-09-25,41.88858341778524,Florida,267
2010-09-26,42.10966787110003,Florida,268
2010-09-27,29.28938523184312,Florida,269
2010-09-28,9.397619141930292,Florida,270
2010-09-29,35.84843164435289,Florida,271
2010-09-30,34.90092287177056,Florida,272
2010-10-01,38.647636194408626,Florida,273
2010-10-02,50.36163848888111,Florida,274
2010-10-03,50.6538342069538,Florida,275
2010-10-04,36.29151122743666,Florida,276
2010-10-05,15.21822873376238,Florida,277
2010-10-06,28.69086283582907,Florida,278
2010-10-07,33.04222462444001,Florida,279
2010-10-08,34.1643105198993,Florida,280
2010-10-09,39.38672884157936,Florida,281
2010-10-10,47.80996970765507,Florida,282
2010-10-11,28.849728673955198,Florida,283
2010-10-12,38.67274409101778,Florida,284
2010-10-13,30.708764291076793,Florida,285
2010-10-14,30.83276315526797,Florida,286
2010-10-15,32.061451148233836,Florida,287
2010-10-16,37.221303858764685,Florida,288
2010-10-17,37.155268866232376,Florida,289
2010-10-18,39.740281246994336,Florida,290
2010-10-19,47.13131855064883,Florida,291
2010-10-20,69.69565921852909,Florida,292
2010-10-21,44.03066848205971,Florida,293
2010-10-22,30.699069347249257,Florida,294
2010-10-23,25.988271155058943,Florida,295
2010-10-24,29.942520245474995,Florida,296
2010-10-25,19.83510882981472,Florida,297
2010-10-26,35.59583635413877,Florida,298
2010-10-27,45.87019931519768,Florida,299
2010-10-28,6.079399435828954,Florida,300
2010-10-29,46.05983954374109,Florida,301
2010-10-30,33.8913254161071,Florida,302
2010-10-31,54.373951711234,Florida,303
2010-11-01,43.53713319383377,Florida,304
2010-11-02,39.01521462678449,Florida,305
2010-11-03,59.905506784665825,Florida,306
2010-11-04,39.786698210781,Florida,307
2010-11-05,28.104300552081302,Florida,308
2010-11-06,20.667411210702568,Florida,309
2010-11-07,33.95243660434984,Florida,310
2010-11-08,39.54867255490791,Florida,311
2010-11-09,23.300792887736154,Florida,312
2010-11-10,34.821999579466784,Florida,313
2010-11-11,35.42498412818036,Florida,314
2010-11-12,29.163465850635152,Florida,315
2010-11-13,29.369218643891166,Florida,316
2010-11-14,18.18865484812499,Florida,317
2010-11-15,45.91872024531508,Florida,318
2010-11-16,32.92828271730021,Florida,319
2010-11-17,54.64825155687414,Florida,320
2010-11-18,45.58373252584918,Florida,321
2010-11-19,46.005936227076646,Florida,322
2010-11-20,50.092474419431056,Florida,323
2010-11-21,26.484240603845006,Florida,324
2010-11-22,40.26209895141902,Florida,325
2010-11-23,39.376022772817436,Florida,326
2010-11-24,40.49413390155738,Florida,327
2010-11-25,44.03547938489385,Florida,328
2010-11-26,19.760330399609323,Florida,329
2010-11-27,31.51405375511794,Florida,330
2010-11-28,28.989527153919386,Florida,331
2010-11-29,32.45451534142079,Florida,332
2010-11-30,49.16127468370881,Florida,333
2010-12-01,47.539037493103464,Florida,334
2010-12-02,31.703544597033535,Florida,335
2010-12-03,36.33329971365924,Florida,336
2010-12-04,38.951907834412026,Florida,337
2010-12-05,31.00567862567667,Florida,338
2010-12-06,38.52204056304736,Florida,339
2010-12-07,56.589131032785566,Florida,340
2010-12-08,18.62444360679287,Florida,341
2010-12-09,42.70838374065269,Florida,342
2010-12-10,37.33656973888693,Florida,343
2010-12-11,40.17497084229154,Florida,344
2010-12-12,39.38311460333565,Florida,345
2010-12-13,37.434294400312886,Florida,346
2010-12-14,34.96502607498488,Florida,347
2010-12-15,19.017996351850112,Florida,348
2010-12-16,42.86575721690112,Florida,349
2010-12-17,48.72767292065606,Florida,350
2010-12-18,31.8302445193649,Florida,351
2010-12-19,51.192141356026,Florida,352
2010-12-20,42.276732194529984,Florida,353
2010-12-21,42.65428609621399,Florida,354
2010-12-22,37.19226141178944,Florida,355
2010-12-23,44.42734429211228,Florida,356
2010-12-24,33.435656911002496,Florida,357
2010-12-25,32.189671935136154,Florida,358
2010-12-26,45.63303954854342,Florida,359
2010-12-27,39.45726191521308,Florida,360
2010-12-28,42.73976240308487,Florida,361
2010-12-29,52.766372224201845,Florida,362
2010-12-30,38.088034025228495,Florida,363
2010-12-31,41.43091567084397,Florida,364
2011-01-01,48.876623444172544,Florida,365
2011-01-02,53.61010983680875,Florida,366
2011-01-03,10.141776933724934,Florida,367
2011-01-04,45.59698364984561,Florida,368
2011-01-05,48.927530190720205,Florida,369
2011-01-06,40.94815452400953,Florida,370
2011-01-07,34.50054118146008,Florida,371
2011-01-08,22.32321803476745,Florida,372
2011-01-09,33.40868634720444,Florida,373
2011-01-10,52.1952743171162,Florida,374
2011-01-11,44.693088188330364,Florida,375
2011-01-12,55.92966914409942,Florida,376
2011-01-13,68.89394874832371,Florida,377
2011-01-14,41.6826157052338,Florida,378
2011-01-15,48.226945417589775,Florida,379
2011-01-16,53.18594250477259,Florida,380
2011-01-17,36.4182622200869,Florida,381
2011-01-18,66.19746150876139,Florida,382
2011-01-19,61.58373876595611,Florida,383
2011-01-20,32.137656147598776,Florida,384
2011-01-21,52.392365786147685,Florida,385
2011-01-22,35.33844457380228,Florida,386
2011-01-23,39.33917258449654,Florida,387
2011-01-24,56.85075125948924,Florida,388
2011-01-25,33.25511916539104,Florida,389
2011-01-26,54.65739497970664,Florida,390
2011-01-27,50.17271900400371,Florida,391
2011-01-28,40.93269103688585,Florida,392
2011-01-29,77.41202440455069,Florida,393
2011-01-30,62.56174478174213,Florida,394
2011-01-31,41.26461825889723,Florida,395
2011-02-01,60.30210061482849,Florida,396
2011-02-02,67.22416884747321,Florida,397
2011-02-03,39.590676237562775,Florida,398
2011-02-04,50.44433083450886,Florida,399
2011-02-05,55.15997765264486,Florida,400
2011-02-06,43.07717210059351,Florida,401
2011-02-07,64.51156896725546,Florida,402
2011-02-08,62.306579371923675,Florida,403
2011-02-09,61.27441315650927,Florida,404
2011-02-10,59.24589280052616,Florida,405
2011-02-11,61.69986647738463,Florida,406
2011-02-12,40.2723820600571,Florida,407
2011-02-13,38.39761182585306,Florida,408
2011-02-14,64.5408395104151,Florida,409
2011-02-15,58.686880999759566,Florida,410
2011-02-16,51.98123781172195,Florida,411
2011-02-17,72.95493494712787,Florida,412
2011-02-18,45.32330857923818,Florida,413
2011-02-19,43.27116537957551,Florida,414
2011-02-20,53.07929138969461,Florida,415
2011-02-21,60.60879437340783,Florida,416
2011-02-22,38.13503149671068,Florida,417
2011-02-23,48.134747949639035,Florida,418
2011-02-24,59.607481626600205,Florida,419
2011-02-25,51.29673503518316,Florida,420
2011-02-26,62.463561317678305,Florida,421
2011-02-27,62.69268924138039,Florida,422
2011-02-28,71.80812370810672,Florida,423
2011-03-01,48.24835034605366,Florida,424
2011-03-02,68.20884645826598,Florida,425
2011-03-03,48.2834088049582,Florida,426
2011-03-04,49.119231270319965,Florida,427
2011-03-05,62.08357803521405,Florida,428
2011-03-06,62.9317959468421,Florida,429
2011-03-07,63.19492625151497,Florida,430
2011-03-08,45.7177279237961,Florida,431
2011-03-09,34.17616803798201,Florida,432
2011-03-10,48.06618299353814,Florida,433
2011-03-11,70.81322499603657,Florida,434
2011-03-12,60.97448060608313,Florida,435
2011-03-13,46.63594506537538,Florida,436
2011-03-14,57.84685903857045,Florida,437
2011-03-15,47.737583568902096,Florida,438
2011-03-16,73.00293158493798,Florida,439
2011-03-17,56.990671597410746,Florida,440
2011-03-18,59.394041015762305,Florida,441
2011-03-19,64.11863423001344,Florida,442
2011-03-20,70.78488099561223,Florida,443
2011-03-21,76.86230502114593,Florida,444
2011-03-22,60.5899873768467,Florida,445
2011-03-23,64.50267964574164,Florida,446
2011-03-24,67.27872508519809,Florida,447
2011-03-25,69.15575612413284,Florida,448
2011-03-26,47.633302317895556,Florida,449
2011-03-27,62.79378202433007,Florida,450
2011-03-28,45.1836664171724,Florida,451
2011-03-29,58.569433884865795,Florida,452
2011-03-30,57.18496250910822,Florida,453
2011-03-31,53.67855153589543,Florida,454
2011-04-01,25.924764156246848,Florida,455
2011-04-02,76.55722015218447,Florida,456
2011-04-03,50.69135467662695,Florida,457
2011-04-04,51.74657511580946,Florida,458
2011-04-05,60.5578836693752,Florida,459
2011-04-06,46.731666866742486,Florida,460
2011-04-07,48.00465625903524,Florida,461
2011-04-08,55.324772585807494,Florida,462
2011-04-09,76.8978333464702,Florida,463
2011-04-10,57.006462651988265,Florida,464
2011-04-11,48.44453433870332,Florida,465
2011-04-12,45.58885202605,Florida,466
2011-04-13,59.785649716518485,Florida,467
2011-04-14,55.74031180591361,Florida,468
2011-04-15,60.52235904296881,Florida,469
2011-04-16,65.70205724823263,Florida,470
2011-04-17,54.71280813176718,Florida,471
2011-04-18,46.50762821736428,Florida,472
2011-04-19,44.16487605285116,Florida,473
2011-04-20,57.62197639247738,Florida,474
2011-04-21,54.818468439182524,Florida,475
2011-04-22,54.00938973674686,Florida,476
2011-04-23,51.263600144602194,Florida,477
2011-04-24,65.50411598525392,Florida,478
2011-04-25,17.271167558865123,Florida,479
2011-04-26,45.91219871772823,Florida,480
2011-04-27,46.640675965542556,Florida,481
2011-04-28,64.90520708317952,Florida,482
2011-04-29,56.07502465641419,Florida,483
2011-04-30,52.58393787090553,Florida,484
2011-05-01,52.46681952760682,Florida,485
2011-05-02,70.59940463965104,Florida,486
2011-05-03,60.30093560413648,Florida,487
2011-05-04,40.27639562009609,Florida,488
2011-05-05,64.43740926053026,Florida,489
2011-05-06,55.32128065215529,Florida,490
2011-05-07,50.640746133022795,Florida,491
2011-05-08,62.83301060151566,Florida,492
2011-05-09,67.24921563718249,Florida,493
2011-05-10,41.362210401910225,Florida,494
2011-05-11,56.84445468779618,Florida,495
2011-05-12,54.85095852330483,Florida,496
2011-05-13,41.13565771581135,Florida,497
2011-05-14,51.43769598973892,Florida,498
2011-05-15,43.18160894293511,Florida,499
2011-05-16,61.33327089155921,Florida,500
2011-05-17,68.21161424342775,Florida,501
2011-05-18,75.7434514600094,Florida,502
2011-05-19,62.516216720942936,Florida,503
2011-05-20,51.220582700989716,Florida,504
2011-05-21,56.03448721112561,Florida,505
2011-05-22,55.103832292477875,Florida,506
2011-05-23,69.02720239501195,Florida,507
2011-05-24,45.13508512490236,Florida,508
2011-05-25,38.152985287965556,Florida,509
2011-05-26,57.71070702152328,Florida,510
2011-05-27,69.72495648843595,Florida,511
2011-05-28,59.94906637333028,Florida,512
2011-05-29,46.05177883343679,Florida,513
2011-05-30,62.932401533360284,Florida,514
2011-05-31,43.61124854111646,Florida,515
2011-06-01,42.54308102934543,Florida,516
2011-06-02,52.04413845603281,Florida,517
2011-06-03,41.25379036112173,Florida,518
2011-06-04,43.421602674802706,Florida,519
2011-06-05,53.03618521311202,Florida,520
2011-06-06,37.05895279028981,Florida,521
2011-06-07,45.8772364447399,Florida,522
2011-06-08,23.48206108347828,Florida,523
2011-06-09,53.073106290593024,Florida,524
2011-06-10,36.82301473920454,Florida,525
2011-06-11,57.035830612213495,Florida,526
2011-06-12,53.015016680474496,Florida,527
2011-06-13,25.052594249005395,Florida,528
2011-06-14,51.43680246154863,Florida,529
2011-06-15,36.808318029939834,Florida,530
2011-06-16,52.76053650347836,Florida,531
2011-06-17,42.62597526559532,Florida,532
2011-06-18,43.06514937899811,Florida,533
2011-06-19,58.73487910784114,Florida,534
2011-06-20,46.31400792129598,Florida,535
2011-06-21,60.00984611408397,Florida,536
2011-06-22,33.263388144033,Florida,537
2011-06-23,43.3361053955583,Florida,538
2011-06-24,47.02094999883701,Florida,539
2011-06-25,42.700148143869974,Florida,540
2011-06-26,45.121985786513555,Florida,541
2011-06-27,50.18978534408688,Florida,542
2011-06-28,44.92007139657597,Florida,543
2011-06-29,41.92649155082351,Florida,544
2011-06-30,52.75607794039218,Florida,545
2011-07-01,55.338026470401886,Florida,546
2011-07-02,37.532491063897126,Florida,547
2011-07-03,48.37525869407213,Florida,548
2011-07-04,48.44418281172847,Florida,549
2011-07-05,52.12369017159847,Florida,550
2011-07-06,39.389193876319965,Florida,551
2011-07-07,32.67928094084186,Florida,552
2011-07-08,47.733541303011805,Florida,553
2011-07-09,57.26728163932514,Florida,554
2011-07-10,35.4074288591203,Florida,555
2011-07-11,53.232134660226876,Florida,556
2011-07-12,43.40699446215857,Florida,557
2011-07-13,29.79071474689957,Florida,558
2011-07-14,36.99277876516093,Florida,559
2011-07-15,46.5761112128927,Florida,560
2011-07-16,34.902259568708125,Florida,561
2011-07-17,35.31001832495612,Florida,562
2011-07-18,57.93841432867032,Florida,563
2011-07-19,48.675127493801845,Florida,564
2011-07-20,52.7404817493884,Florida,565
2011-07-21,40.117401788608724,Florida,566
2011-07-22,46.95437371091523,Florida,567
2011-07-23,38.97675690800423,Florida,568
2011-07-24,40.52716332079136,Florida,569
2011-07-25,52.04557281086935,Florida,570
2011-07-26,49.75918282840945,Florida,571
2011-07-27,39.80482096323153,Florida,572
2011-07-28,59.00354760826925,Florida,573
2011-07-29,29.737663084512803,Florida,574
2011-07-30,40.553650593303466,Florida,575
2011-07-31,28.665192881960827,Florida,576
2011-08-01,47.54802427760826,Florida,577
2011-08-02,58.676578799909194,Florida,578
2011-08-03,42.78308333247465,Florida,579
2011-08-04,47.284691561164756,Florida,580
2011-08-05,50.223423016558215,Florida,581
2011-08-06,31.25844413605912,Florida,582
2011-08-07,33.32628109066506,Florida,583
2011-08-08,24.246053807209222,Florida,584
2011-08-09,50.40200552055429,Florida,585
2011-08-10,45.48211117857606,Florida,586
2011-08-11,29.33663135124258,Florida,587
2011-08-12,50.805257882760166,Florida,588
2011-08-13,38.249375217022006,Florida,589
2011-08-14,23.882126626331228,Florida,590
2011-08-15,31.02603238388118,Florida,591
2011-08-16,46.72297931600541,Florida,592
2011-08-17,23.904840480897057,Florida,593
2011-08-18,33.04793998820821,Florida,594
2011-08-19,43.984268687924796,Florida,595
2011-08-20,35.83308930175755,Florida,596
2011-08-21,37.83714008669961,Florida,597
2011-08-22,42.095467422021194,Florida,598
2011-08-23,25.580857865741187,Florida,599
2011-08-24,26.607247731963838,Florida,600
2011-08-25,29.88146021736387,Florida,601
2011-08-26,22.449081926870672,Florida,602
2011-08-27,44.76372192841413,Florida,603
2011-08-28,27.519800816694453,Florida,604
2011-08-29,18.610928391715,Florida,605
2011-08-30,39.75692243999265,Florida,606
2011-08-31,33.64584327484258,Florida,607
2011-09-01,38.91736214599718,Florida,608
2011-09-02,50.23911054221415,Florida,609
2011-09-03,23.37260542926363,Florida,610
2011-09-04,45.641942551438,Florida,611
2011-09-05,30.36689541752451,Florida,612
2011-09-06,27.331785158623468,Florida,613
2011-09-07,54.148174953592545,Florida,614
2011-09-08,32.59174284909147,Florida,615
2011-09-09,35.71029542854352,Florida,616
2011-09-10,48.25907533996985,Florida,617
2011-09-11,39.946290929618584,Florida,618
2011-09-12,25.95762256347154,Florida,619
2011-09-13,17.36173093013073,Florida,620
2011-09-14,45.08818824670003,Florida,621
2011-09-15,25.716578614583714,Florida,622
2011-09-16,36.56130648168536,Florida,623
2011-09-17,33.68494109197273,Florida,624
2011-09-18,46.35660492031193,Florida,625
2011-09-19,25.49171869484833,Florida,626
2011-09-20,25.63287306014402,Florida,627
2011-09-21,26.620131691188433,Florida,628
2011-09-22,44.98523753617118,Florida,629
2011-09-23,41.33453275990681,Florida,630
2011-09-24,30.220672128182596,Florida,631
2011-09-25,23.129901531986558,Florida,632
2011-09-26,40.4076566692645,Florida,633
2011-09-27,33.26669250325366,Florida,634
2011-09-28,32.75546403957333,Florida,635
2011-09-29,41.948990851821605,Florida,636
2011-09-30,36.90073011102203,Florida,637
2011-10-01,41.2641195818066,Florida,638
2011-10-02,33.81598684508587,Florida,639
2011-10-03,51.222995223416305,Florida,640
2011-10-04,33.89195308380861,Florida,641
2011-10-05,39.813656727115635,Florida,642
2011-10-06,26.809218145771688,Florida,643
2011-10-07,31.09635401908026,Florida,644
2011-10-08,20.025159349170462,Florida,645
2011-10-09,29.322940744351268,Florida,646
2011-10-10,26.376405859557487,Florida,647
2011-10-11,25.899985600609764,Florida,648
2011-10-12,45.08444866659461,Florida,649
2011-10-13,28.125893077946138,Florida,650
2011-10-14,42.70964975106432,Florida,651
2011-10-15,36.36340675764061,Florida,652
2011-10-16,34.20145037308869,Florida,653
2011-10-17,27.944907576880478,Florida,654
2011-10-18,13.227351381553259,Florida,655
2011-10-19,33.93838913660764,Florida,656
2011-10-20,44.63664255975317,Florida,657
2011-10-21,40.26068932019411,Florida,658
2011-10-22,35.67455591323443,Florida,659
2011-10-23,28.887946243488983,Florida,660
2011-10-24,32.25560048671426,Florida,661
2011-10-25,32.02520870321274,Florida,662
2011-10-26,41.78585110952149,Florida,663
2011-10-27,20.458829552507666,Florida,664
2011-10-28,46.412678644030805,Florida,665
2011-10-29,39.58922163475354,Florida,666
2011-10-30,51.165184927540544,Florida,667
2011-10-31,21.41630855511333,Florida,668
2011-11-01,25.736530068341466,Florida,669
2011-11-02,26.159419190646197,Florida,670
2011-11-03,36.79261355786366,Florida,671
2011-11-04,39.916237627094795,Florida,672
2011-11-05,34.89147630608137,Florida,673
2011-11-06,36.834741801048025,Florida,674
2011-11-07,44.68053235315005,Florida,675
2011-11-08,34.308852588267484,Florida,676
2011-11-09,46.9417516709066,Florida,677
2011-11-10,47.26943830566912,Florida,678
2011-11-11,37.33805586649052,Florida,679
2011-11-12,29.8934026603557,Florida,680
2011-11-13,43.26192761682756,Florida,681
2011-11-14,44.49235788938778,Florida,682
2011-11-15,23.552952209165806,Florida,683
2011-11-16,41.05501099153979,Florida,684
2011-11-17,39.16593038994715,Florida,685
2011-11-18,45.59819653670367,Florida,686
2011-11-19,24.912934198017183,Florida,687
2011-11-20,34.274585640081156,Florida,688
2011-11-21,32.93622431538161,Florida,689
2011-11-22,56.79680980011015,Florida,690
2011-11-23,22.10876215850091,Florida,691
2011-11-24,47.48754883367104,Florida,692
2011-11-25,56.75238297402784,Florida,693
2011-11-26,27.969263771453654,Florida,694
2011-11-27,42.155694909132755,Florida,695
2011-11-28,54.87307596980102,Florida,696
2011-11-29,26.479220605288774,Florida,697
2011-11-30,33.15216072160332,Florida,698
2011-12-01,42.85593084381453,Florida,699
2011-12-02,17.52831570071767,Florida,700
2011-12-03,40.915416432957294,Florida,701
2011-12-04,28.637648031702213,Florida,702
2011-12-05,33.020341938520254,Florida,703
2011-12-06,27.175613599706967,Florida,704
2011-12-07,50.24025252088937,Florida,705
2011-12-08,35.8499868609574,Florida,706
2011-12-09,37.304456373234004,Florida,707
2011-12-10,33.70713887014413,Florida,708
2011-12-11,45.174979213598306,Florida,709
2011-12-12,33.38092477085657,Florida,710
2011-12-13,38.299305714842895,Florida,711
2011-12-14,64.4300763850976,Florida,712
2011-12-15,52.69121245704984,Florida,713
2011-12-16,38.76315088747979,Florida,714
2011-12-17,43.15379887430843,Florida,715
2011-12-18,50.095079589858685,Florida,716
2011-12-19,58.8018366258449,Florida,717
2011-12-20,57.64734396890525,Florida,718
2011-12-21,28.77490135629617,Florida,719
2011-12-22,38.47541354081954,Florida,720
2011-12-23,61.847372733137156,Florida,721
2011-12-24,40.80235329328682,Florida,722
2011-12-25,63.03739074134555,Florida,723
2011-12-26,53.01345241696557,Florida,724
2011-12-27,32.065992799037275,Florida,725
2011-12-28,48.566688804644954,Florida,726
2011-12-29,40.282703938524016,Florida,727
2011-12-30,60.83681741575045,Florida,728
2011-12-31,49.90829365100299,Florida,729
2012-01-01,28.380503730091704,Florida,730
2012-01-02,62.18665436815478,Florida,731
2012-01-03,45.49810806387521,Florida,732
2012-01-04,45.117901089626415,Florida,733
2012-01-05,61.96111813828852,Florida,734
2012-01-06,59.13052172167429,Florida,735
2012-01-07,53.12453093950259,Florida,736
2012-01-08,44.829237513099244,Florida,737
2012-01-09,50.59756053405102,Florida,738
2012-01-10,45.58643639307246,Florida,739
2012-01-11,40.40446647500002,Florida,740
2012-01-12,65.07039285549735,Florida,741
2012-01-13,34.03619713490489,Florida,742
2012-01-14,50.95494986505742,Florida,743
2012-01-15,59.277365505213936,Florida,744
2012-01-16,46.49192696405243,Florida,745
2012-01-17,47.17379209910392,Florida,746
2012-01-18,61.97073572321033,Florida,747
2012-01-19,47.77353063211883,Florida,748
2012-01-20,66.43211647477992,Florida,749
2012-01-21,58.544877777941586,Florida,750
2012-01-22,68.42898377347716,Florida,751
2012-01-23,60.24492457777029,Florida,752
2012-01-24,55.46084774466324,Florida,753
2012-01-25,28.39712668859096,Florida,754
2012-01-26,42.30852204044496,Florida,755
2012-01-27,49.57731457883698,Florida,756
2012-01-28,68.81629709275124,Florida,757
2012-01-29,41.691149877349005,Florida,758
2012-01-30,51.37225177409785,Florida,759
2012-01-31,65.1700145264978,Florida,760
2012-02-01,64.40583308864822,Florida,761
2012-02-02,58.42092307460872,Florida,762
2012-02-03,68.51956438796469,Florida,763
2012-02-04,44.54542053680602,Florida,764
2012-02-05,50.50115259807205,Florida,765
2012-02-06,43.81347699780656,Florida,766
2012-02-07,56.97543157071962,Florida,767
2012-02-08,58.12128865776062,Florida,768
2012-02-09,48.67658832917203,Florida,769
2012-02-10,55.128895990436334,Florida,770
2012-02-11,51.44572659477134,Florida,771
2012-02-12,29.027335704826378,Florida,772
2012-02-13,54.36642461216671,Florida,773
2012-02-14,28.385700227983374,Florida,774
2012-02-15,55.84889942407256,Florida,775
2012-02-16,54.60865138494171,Florida,776
2012-02-17,49.53706603323563,Florida,777
2012-02-18,44.67389278023187,Florida,778
2012-02-19,26.72139873183027,Florida,779
2012-02-20,48.95767079247375,Florida,780
2012-02-21,47.399040557073484,Florida,781
2012-02-22,51.864569598588915,Florida,782
2012-02-23,49.08250036410805,Florida,783
2012-02-24,57.99120762574296,Florida,784
2012-02-25,52.42882265906634,Florida,785
2012-02-26,33.79768650538516,Florida,786
2012-02-27,48.89691325569367,Florida,787
2012-02-28,54.489106729728775,Florida,788
2012-02-29,45.96557616386898,Florida,789
2012-03-01,68.73728738297567,Florida,790
2012-03-02,52.59104877653628,Florida,791
2012-03-03,51.016838202218594,Florida,792
2012-03-04,66.09069595726695,Florida,793
2012-03-05,36.67828927322778,Florida,794
2012-03-06,56.890186773178506,Florida,795
2012-03-07,64.3133294997013,Florida,796
2012-03-08,51.00064634814987,Florida,797
2012-03-09,64.9009775446603,Florida,798
2012-03-10,57.50408205068176,Florida,799
2012-03-11,44.554641992193844,Florida,800
2012-03-12,51.2256414376623,Florida,801
2012-03-13,62.01061993372059,Florida,802
2012-03-14,67.7599521218887,Florida,803
2012-03-15,53.76601515324955,Florida,804
2012-03-16,58.6760337301222,Florida,805
2012-03-17,62.98610759948292,Florida,806
2012-03-18,55.11275179103899,Florida,807
2012-03-19,60.955175327321825,Florida,808
2012-03-20,62.15411139331384,Florida,809
2012-03-21,50.42936255038285,Florida,810
2012-03-22,52.705439474047346,Florida,811
2012-03-23,60.13858644521187,Florida,812
2012-03-24,52.891030771284406,Florida,813
2012-03-25,60.49445428519417,Florida,814
2012-03-26,38.40920554558739,Florida,815
2012-03-27,41.41959665459703,Florida,816
2012-03-28,64.8060663742056,Florida,817
2012-03-29,40.76326035890705,Florida,818
2012-03-30,64.91623861729096,Florida,819
2012-03-31,58.56573596310591,Florida,820
2012-04-01,49.18535494458958,Florida,821
2012-04-02,44.87543513582493,Florida,822
2012-04-03,58.28749249564333,Florida,823
2012-04-04,85.8657855633208,Florida,824
2012-04-05,50.26014024247033,Florida,825
2012-04-06,57.47283673987053,Florida,826
2012-04-07,46.1609408563076,Florida,827
2012-04-08,41.1059314541566,Florida,828
2012-04-09,45.832478356818584,Florida,829
2012-04-10,57.749905105322405,Florida,830
2012-04-11,43.9278725087477,Florida,831
2012-04-12,53.99771423813785,Florida,832
2012-04-13,54.42527853572993,Florida,833
2012-04-14,65.14859105987361,Florida,834
2012-04-15,49.53245882162572,Florida,835
2012-04-16,65.82714432356438,Florida,836
2012-04-17,63.36809057072848,Florida,837
2012-04-18,51.08156196447824,Florida,838
2012-04-19,69.43363701723176,Florida,839
2012-04-20,60.409587002084564,Florida,840
2012-04-21,48.885320547045495,Florida,841
2012-04-22,43.45483009884992,Florida,842
2012-04-23,43.35400894274464,Florida,843
2012-04-24,50.328033826107436,Florida,844
2012-04-25,47.30790114750326,Florida,845
2012-04-26,61.68166477422533,Florida,846
2012-04-27,31.458728426874288,Florida,847
2012-04-28,68.64688816786074,Florida,848
2012-04-29,52.88949230833334,Florida,849
2012-04-30,42.35329315732305,Florida,850
2012-05-01,53.103535461561535,Florida,851
2012-05-02,34.21638652113119,Florida,852
2012-05-03,44.97285194630193,Florida,853
2012-05-04,59.217094857292054,Florida,854
2012-05-05,59.78721645310999,Florida,855
2012-05-06,58.064381726602036,Florida,856
2012-05-07,50.96206413904832,Florida,857
2012-05-08,58.5721775211786,Florida,858
2012-05-09,42.971434514200254,Florida,859
2012-05-10,70.54456463240348,Florida,860
2012-05-11,40.39382044047872,Florida,861
2012-05-12,55.94319976992328,Florida,862
2012-05-13,58.13981326428873,Florida,863
2012-05-14,54.66858435912244,Florida,864
2012-05-15,52.85613926164458,Florida,865
2012-05-16,41.61796219413117,Florida,866
2012-05-17,55.248222993756514,Florida,867
2012-05-18,58.919378187561094,Florida,868
2012-05-19,44.296277349856005,Florida,869
2012-05-20,55.63460544460666,Florida,870
2012-05-21,46.597727847226814,Florida,871
2012-05-22,43.40060161841289,Florida,872
2012-05-23,50.80451661539354,Florida,873
2012-05-24,50.20237621581456,Florida,874
2012-05-25,63.9471923361416,Florida,875
2012-05-26,48.45879123205822,Florida,876
2012-05-27,68.65400792684181,Florida,877
2012-05-28,57.05621432269565,Florida,878
2012-05-29,47.45890939675355,Florida,879
2012-05-30,52.2061590678282,Florida,880
2012-05-31,32.37936640298227,Florida,881
2012-06-01,41.11711769076982,Florida,882
2012-06-02,43.141685998437566,Florida,883
2012-06-03,55.123175203809275,Florida,884
2012-06-04,53.65801887748698,Florida,885
2012-06-05,51.52620288251836,Florida,886
2012-06-06,44.94405067492172,Florida,887
2012-06-07,38.14722899262917,Florida,888
2012-06-08,46.71758236027164,Florida,889
2012-06-09,34.57380260237202,Florida,890
2012-06-10,58.41376779736281,Florida,891
2012-06-11,55.667732734034225,Florida,892
2012-06-12,51.039936388309734,Florida,893
2012-06-13,34.61752277333318,Florida,894
2012-06-14,48.380828038710355,Florida,895
2012-06-15,49.24366386569538,Florida,896
2012-06-16,51.037436471222904,Florida,897
2012-06-17,49.94020255131377,Florida,898
2012-06-18,64.87159028601752,Florida,899
2012-06-19,37.489078801764656,Florida,900
2012-06-20,59.519198992202945,Florida,901
2012-06-21,52.59230927822553,Florida,902
2012-06-22,29.927415158575418,Florida,903
2012-06-23,38.1574522566479,Florida,904
2012-06-24,56.80736909847446,Florida,905
2012-06-25,54.817778062096096,Florida,906
2012-06-26,44.60349725194959,Florida,907
2012-06-27,46.73150318141021,Florida,908
2012-06-28,60.25476306775474,Florida,909
2012-06-29,46.89659372170339,Florida,910
2012-06-30,43.208123700643554,Florida,911
2012-07-01,48.91044045967888,Florida,912
2012-07-02,37.4398419579697,Florida,913
2012-07-03,39.75644734452611,Florida,914
2012-07-04,32.74289459902267,Florida,915
2012-07-05,43.938384736135795,Florida,916
2012-07-06,34.26245134519136,Florida,917
2012-07-07,59.52760965469273,Florida,918
2012-07-08,28.440532077472724,Florida,919
2012-07-09,54.74917431642908,Florida,920
2012-07-10,42.474673828600366,Florida,921
2012-07-11,43.43836786736461,Florida,922
2012-07-12,29.104839904966386,Florida,923
2012-07-13,37.6097178371771,Florida,924
2012-07-14,57.980817917350706,Florida,925
2012-07-15,46.11953008405512,Florida,926
2012-07-16,48.49509083335048,Florida,927
2012-07-17,47.26784883797012,Florida,928
2012-07-18,42.521740016319974,Florida,929
2012-07-19,41.866254137839405,Florida,930
2012-07-20,30.10398077483969,Florida,931
2012-07-21,35.46283994859502,Florida,932
2012-07-22,41.95396892648018,Florida,933
2012-07-23,57.89996390446613,Florida,934
2012-07-24,35.254898794736064,Florida,935
2012-07-25,68.81118303203695,Florida,936
2012-07-26,29.70760594671099,Florida,937
2012-07-27,41.03015826418226,Florida,938
2012-07-28,25.32847064807716,Florida,939
2012-07-29,43.52965258701182,Florida,940
2012-07-30,39.52986571896476,Florida,941
2012-07-31,41.367654232817124,Florida,942
2012-08-01,63.21419189847107,Florida,943
2012-08-02,41.671518616654076,Florida,944
2012-08-03,37.982423640237954,Florida,945
2012-08-04,38.633856026808886,Florida,946
2012-08-05,32.665790828009676,Florida,947
2012-08-06,51.37611153535999,Florida,948
2012-08-07,34.83592410108516,Florida,949
2012-08-08,27.89643520681721,Florida,950
2012-08-09,36.081281077832884,Florida,951
2012-08-10,19.26769366610199,Florida,952
2012-08-11,50.40312071196168,Florida,953
2012-08-12,34.71037711184285,Florida,954
2012-08-13,39.466056393934,Florida,955
2012-08-14,46.63621445654555,Florida,956
2012-08-15,59.742497981343824,Florida,957
2012-08-16,25.157672185652046,Florida,958
2012-08-17,49.422019900245104,Florida,959
2012-08-18,47.74046272465193,Florida,960
2012-08-19,29.831825163429848,Florida,961
2012-08-20,47.91087791780296,Florida,962
2012-08-21,30.401121765177116,Florida,963
2012-08-22,25.858537105027064,Florida,964
2012-08-23,36.162726736840966,Florida,965
2012-08-24,20.983040747198547,Florida,966
2012-08-25,41.03557526748625,Florida,967
2012-08-26,34.183528629662206,Florida,968
2012-08-27,40.55098661126602,Florida,969
2012-08-28,32.873932123908375,Florida,970
2012-08-29,32.861285767787265,Florida,971
2012-08-30,18.15857888366696,Florida,972
2012-08-31,19.98572831374369,Florida,973
2012-09-01,14.065146984650738,Florida,974
2012-09-02,36.647525162508956,Florida,975
2012-09-03,35.34287444155001,Florida,976
2012-09-04,29.26778212580632,Florida,977
2012-09-05,23.956016024819633,Florida,978
2012-09-06,27.8309635668078,Florida,979
2012-09-07,38.26175251011687,Florida,980
2012-09-08,17.290066497260945,Florida,981
2012-09-09,42.885280934362214,Florida,982
2012-09-10,38.44752161555025,Florida,983
2012-09-11,39.63652822823616,Florida,984
2012-09-12,37.14968783736036,Florida,985
2012-09-13,33.55220846104192,Florida,986
2012-09-14,40.60235587796556,Florida,987
2012-09-15,30.792514596508706,Florida,988
2012-09-16,38.68365552749178,Florida,989
2012-09-17,42.632592028345336,Florida,990
2012-09-18,23.15260446771907,Florida,991
2012-09-19,24.29733738835418,Florida,992
2012-09-20,37.304950082045686,Florida,993
2012-09-21,25.81349752304616,Florida,994
2012-09-22,48.770846269124746,Florida,995
2012-09-23,43.03246749676123,Florida,996
2012-09-24,29.669214953540724,Florida,997
2012-09-25,24.76915666083565,Florida,998
2012-09-26,23.198335460547455,Florida,999
2012-09-27,31.919724777533478,Florida,1000
2012-09-28,38.76003897658805,Florida,1001
2012-09-29,26.480204987738524,Florida,1002
2012-09-30,44.056562722559725,Florida,1003
2012-10-01,26.1327232548335,Florida,1004
2012-10-02,18.099066676207592,Florida,1005
2012-10-03,25.419735660751783,Florida,1006
2012-10-04,44.10974087240801,Florida,1007
2012-10-05,33.70971504402625,Florida,1008
2012-10-06,28.80213262034809,Florida,1009
2012-10-07,22.660654116914852,Florida,1010
2012-10-08,33.536980458004514,Florida,1011
2012-10-09,46.30199115482971,Florida,1012
2012-10-10,19.563307855306945,Florida,1013
2012-10-11,36.615168317880894,Florida,1014
2012-10-12,34.74663337345353,Florida,1015
2012-10-13,24.01177949836388,Florida,1016
2012-10-14,41.10012934977829,Florida,1017
2012-10-15,52.7337852250816,Florida,1018
2012-10-16,37.44788791810121,Florida,1019
2012-10-17,24.530720100648836,Florida,1020
2012-10-18,55.74859201132873,Florida,1021
2012-10-19,15.927628728124638,Florida,1022
2012-10-20,31.906203978331448,Florida,1023
2012-10-21,46.224532738279166,Florida,1024
2012-10-22,54.66319700537243,Florida,1025
2012-10-23,36.38691182356122,Florida,1026
2012-10-24,35.12407903033512,Florida,1027
2012-10-25,27.88804200430324,Florida,1028
2012-10-26,31.770884579218638,Florida,1029
2012-10-27,22.739074063198206,Florida,1030
2012-10-28,60.38413710521581,Florida,1031
2012-10-29,47.15764271187681,Florida,1032
2012-10-30,30.01696438938022,Florida,1033
2012-10-31,43.809313379793835,Florida,1034
2012-11-01,7.4364733601351745,Florida,1035
2012-11-02,26.225716152688694,Florida,1036
2012-11-03,42.42551007560958,Florida,1037
2012-11-04,19.97305077491269,Florida,1038
2012-11-05,20.688447916659094,Florida,1039
2012-11-06,39.40103872814688,Florida,1040
2012-11-07,28.945640311338504,Florida,1041
2012-11-08,16.84077537766269,Florida,1042
2012-11-09,48.863902356827154,Florida,1043
2012-11-10,31.118689618183968,Florida,1044
2012-11-11,37.57410957233155,Florida,1045
2012-11-12,47.39758341742032,Florida,1046
2012-11-13,20.206576399660367,Florida,1047
2012-11-14,42.28437859444722,Florida,1048
2012-11-15,66.291130950071,Florida,1049
2012-11-16,33.596629212752525,Florida,1050
2012-11-17,46.542005791918854,Florida,1051
2012-11-18,41.711408306958056,Florida,1052
2012-11-19,36.937068794405945,Florida,1053
2012-11-20,23.055980746808928,Florida,1054
2012-11-21,39.80474780657408,Florida,1055
2012-11-22,25.60893115915425,Florida,1056
2012-11-23,45.808059927718844,Florida,1057
2012-11-24,20.44473930732837,Florida,1058
2012-11-25,32.77431659251415,Florida,1059
2012-11-26,57.11443118966627,Florida,1060
2012-11-27,38.58818097150962,Florida,1061
2012-11-28,42.1927118605201,Florida,1062
2012-11-29,51.8792799316664,Florida,1063
2012-11-30,30.616545292351557,Florida,1064
2012-12-01,43.64483748323147,Florida,1065
2012-12-02,42.39408270618104,Florida,1066
2012-12-03,46.307831209361694,Florida,1067
2012-12-04,27.862990575009857,Florida,1068
2012-12-05,40.32936362451763,Florida,1069
2012-12-06,45.88871862172666,Florida,1070
2012-12-07,26.384508877308857,Florida,1071
2012-12-08,36.880776822648734,Florida,1072
2012-12-09,42.587744507890925,Florida,1073
2012-12-10,19.449195160369513,Florida,1074
2012-12-11,34.410545254856714,Florida,1075
2012-12-12,41.79907658924629,Florida,1076
2012-12-13,39.485785857778644,Florida,1077
2012-12-14,34.69231887539157,Florida,1078
2012-12-15,22.292138953213314,Florida,1079
2012-12-16,58.8945608744132,Florida,1080
2012-12-17,54.4604719882381,Florida,1081
2012-12-18,31.167100483453986,Florida,1082
2012-12-19,43.57200830453021,Florida,1083
2012-12-20,52.16152009915807,Florida,1084
2012-12-21,48.26065793339014,Florida,1085
2012-12-22,47.54509887182348,Florida,1086
2012-12-23,55.98925609878964,Florida,1087
2012-12-24,60.17026243734867,Florida,1088
2012-12-25,31.679700719903856,Florida,1089
2012-12-26,42.146983985179055,Florida,1090
2012-12-27,38.321964457864695,Florida,1091
2012-12-28,47.81464794583336,Florida,1092
2012-12-29,35.98556783895944,Florida,1093
2012-12-30,48.81744041711997,Florida,1094
2012-12-31,44.6672928229195,Florida,1095
2013-01-01,52.67936171187776,Florida,1096
2013-01-02,32.50087669511266,Florida,1097
2013-01-03,72.14681063805664,Florida,1098
2013-01-04,41.38628270121741,Florida,1099
2013-01-05,39.24591618829611,Florida,1100
2013-01-06,29.898414080905532,Florida,1101
2013-01-07,45.95768964759489,Florida,1102
2013-01-08,52.99543504708668,Florida,1103
2013-01-09,50.326677737258166,Florida,1104
2013-01-10,44.7490949570645,Florida,1105
2013-01-11,38.94891299947648,Florida,1106
2013-01-12,41.17981948072115,Florida,1107
2013-01-13,32.893693275390405,Florida,1108
2013-01-14,31.254239195813454,Florida,1109
2013-01-15,46.15591869613622,Florida,1110
2013-01-16,46.829709200655806,Florida,1111
2013-01-17,38.60630716649166,Florida,1112
2013-01-18,32.554963884450515,Florida,1113
2013-01-19,48.5736377350683,Florida,1114
2013-01-20,52.46157441075699,Florida,1115
2013-01-21,62.41759909901714,Florida,1116
2013-01-22,59.21157197816156,Florida,1117
2013-01-23,40.13265394505913,Florida,1118
2013-01-24,64.65779528662668,Florida,1119
2013-01-25,37.97067394041732,Florida,1120
2013-01-26,33.33490763668688,Florida,1121
2013-01-27,53.04232054458802,Florida,1122
2013-01-28,44.277616626786404,Florida,1123
2013-01-29,54.96364499914343,Florida,1124
2013-01-30,55.407843722831785,Florida,1125
2013-01-31,43.686546970208916,Florida,1126
2013-02-01,67.18328920275113,Florida,1127
2013-02-02,58.73020825635365,Florida,1128
2013-02-03,55.54519643892492,Florida,1129
2013-02-04,32.95181834776919,Florida,1130
2013-02-05,44.916308520845945,Florida,1131
2013-02-06,49.76849900770407,Florida,1132
2013-02-07,50.50518637272524,Florida,1133
2013-02-08,36.43971428408439,Florida,1134
2013-02-09,52.25061361318436,Florida,1135
2013-02-10,54.33278238075297,Florida,1136
2013-02-11,53.31307336801087,Florida,1137
2013-02-12,46.06978038762637,Florida,1138
2013-02-13,41.23806978189985,Florida,1139
2013-02-14,56.795558581986526,Florida,1140
2013-02-15,44.75721216070637,Florida,1141
2013-02-16,45.47694079459729,Florida,1142
2013-02-17,45.766952863811895,Florida,1143
2013-02-18,44.599720832689854,Florida,1144
2013-02-19,54.00456775675342,Florida,1145
2013-02-20,40.71036836323374,Florida,1146
2013-02-21,48.014329655649476,Florida,1147
2013-02-22,57.94413082959051,Florida,1148
2013-02-23,40.822339682974714,Florida,1149
2013-02-24,59.127781430487545,Florida,1150
2013-02-25,57.050099312730076,Florida,1151
2013-02-26,55.69341840616437,Florida,1152
2013-02-27,66.02191458877226,Florida,1153
2013-02-28,46.68376484280937,Florida,1154
2013-03-01,49.391125610166405,Florida,1155
2013-03-02,55.828081533992254,Florida,1156
2013-03-03,49.326449191390154,Florida,1157
2013-03-04,68.89460412596057,Florida,1158
2013-03-05,54.56621075554819,Florida,1159
2013-03-06,53.22906783295787,Florida,1160
2013-03-07,42.192470176885664,Florida,1161
2013-03-08,67.26241731864121,Florida,1162
2013-03-09,58.71618826309817,Florida,1163
2013-03-10,67.76719673013685,Florida,1164
2013-03-11,71.07188098857004,Florida,1165
2013-03-12,48.40441957633493,Florida,1166
2013-03-13,67.66076306254584,Florida,1167
2013-03-14,55.22004996599742,Florida,1168
2013-03-15,50.101077737122544,Florida,1169
2013-03-16,52.86794170818965,Florida,1170
2013-03-17,58.47735034941257,Florida,1171
2013-03-18,54.7516068224749,Florida,1172
2013-03-19,44.474452343437356,Florida,1173
2013-03-20,55.45132925666595,Florida,1174
2013-03-21,46.64496508689682,Florida,1175
2013-03-22,45.36071734310919,Florida,1176
2013-03-23,36.253183952709236,Florida,1177
2013-03-24,46.45502030317108,Florida,1178
2013-03-25,60.13575550987881,Florida,1179
2013-03-26,50.03473451994396,Florida,1180
2013-03-27,57.4969082163262,Florida,1181
2013-03-28,51.86307956120335,Florida,1182
2013-03-29,56.54020055284747,Florida,1183
2013-03-30,63.04245812397464,Florida,1184
2013-03-31,74.59211610155003,Florida,1185
2013-04-01,41.35515802180748,Florida,1186
2013-04-02,58.21410635179007,Florida,1187
2013-04-03,47.27896549020535,Florida,1188
2013-04-04,63.89293863906143,Florida,1189
2013-04-05,57.11824193467578,Florida,1190
2013-04-06,22.83592335866913,Florida,1191
2013-04-07,50.3352201559312,Florida,1192
2013-04-08,55.867032700392734,Florida,1193
2013-04-09,57.16753423725498,Florida,1194
2013-04-10,57.531978897790154,Florida,1195
2013-04-11,45.512168254683694,Florida,1196
2013-04-12,63.71882685082329,Florida,1197
2013-04-13,32.18368157156932,Florida,1198
2013-04-14,61.88065043659357,Florida,1199
2013-04-15,53.308649559107835,Florida,1200
2013-04-16,63.8049142302811,Florida,1201
2013-04-17,68.84269727645936,Florida,1202
2013-04-18,56.74978013091791,Florida,1203
2013-04-19,51.46404268741645,Florida,1204
2013-04-20,52.744994308440624,Florida,1205
2013-04-21,47.74049804461422,Florida,1206
2013-04-22,41.87938975416482,Florida,1207
2013-04-23,65.89669998114566,Florida,1208
2013-04-24,49.85223366588164,Florida,1209
2013-04-25,68.5816327975292,Florida,1210
2013-04-26,57.50006798890355,Florida,1211
2013-04-27,62.36791303985875,Florida,1212
2013-04-28,73.09771782132897,Florida,1213
2013-04-29,49.19880631607883,Florida,1214
2013-04-30,57.178961092769015,Florida,1215
2013-05-01,51.97882110310607,Florida,1216
2013-05-02,75.31228076982552,Florida,1217
2013-05-03,44.562300259670536,Florida,1218
2013-05-04,51.46312381019548,Florida,1219
2013-05-05,48.567002007139095,Florida,1220
2013-05-06,45.44186222146647,Florida,1221
2013-05-07,41.681113111846315,Florida,1222
2013-05-08,54.37904448959653,Florida,1223
2013-05-09,55.715253252033826,Florida,1224
2013-05-10,48.80520746082605,Florida,1225
2013-05-11,43.65420082843363,Florida,1226
2013-05-12,54.84974204792907,Florida,1227
2013-05-13,60.32226733390699,Florida,1228
2013-05-14,52.24700295213156,Florida,1229
2013-05-15,66.68700749350464,Florida,1230
2013-05-16,54.806441575621164,Florida,1231
2013-05-17,62.17389398148058,Florida,1232
2013-05-18,64.3309618761585,Florida,1233
2013-05-19,56.530565950380804,Florida,1234
2013-05-20,63.18075587326581,Florida,1235
2013-05-21,47.300475682116804,Florida,1236
2013-05-22,54.78626974136385,Florida,1237
2013-05-23,56.364182028252365,Florida,1238
2013-05-24,48.93201728364379,Florida,1239
2013-05-25,45.846458406333205,Florida,1240
2013-05-26,30.68973065459336,Florida,1241
2013-05-27,67.09152879517457,Florida,1242
2013-05-28,37.45341286892808,Florida,1243
2013-05-29,68.40645145759734,Florida,1244
2013-05-30,59.13382289352892,Florida,1245
2013-05-31,37.63038746532298,Florida,1246
2013-06-01,47.21951807172331,Florida,1247
2013-06-02,57.51667373951409,Florida,1248
2013-06-03,61.50428463129721,Florida,1249
2013-06-04,49.064129264833234,Florida,1250
2013-06-05,48.22181734633244,Florida,1251
2013-06-06,53.79225653813297,Florida,1252
2013-06-07,55.65405939438021,Florida,1253
2013-06-08,49.86337809258458,Florida,1254
2013-06-09,36.45208248612323,Florida,1255
2013-06-10,46.601359368507964,Florida,1256
2013-06-11,38.25701465721622,Florida,1257
2013-06-12,29.945155902126814,Florida,1258
2013-06-13,59.96640688649325,Florida,1259
2013-06-14,49.30833494118716,Florida,1260
2013-06-15,44.54613279647449,Florida,1261
2013-06-16,48.62138876322644,Florida,1262
2013-06-17,23.92560844061242,Florida,1263
2013-06-18,38.03174273394349,Florida,1264
2013-06-19,40.25802844861508,Florida,1265
2013-06-20,54.69148790475143,Florida,1266
2013-06-21,62.011975631364834,Florida,1267
2013-06-22,39.35486136917173,Florida,1268
2013-06-23,46.53780288707825,Florida,1269
2013-06-24,50.61267887289833,Florida,1270
2013-06-25,38.290932756733696,Florida,1271
2013-06-26,23.95663165719741,Florida,1272
2013-06-27,55.04609048205177,Florida,1273
2013-06-28,37.96090584380771,Florida,1274
2013-06-29,48.980390113243274,Florida,1275
2013-06-30,38.4565098717059,Florida,1276
2013-07-01,43.97385904849022,Florida,1277
2013-07-02,48.15085436342751,Florida,1278
2013-07-03,35.48979783576725,Florida,1279
2013-07-04,15.485064193833484,Florida,1280
2013-07-05,50.90393781665215,Florida,1281
2013-07-06,45.902395005789394,Florida,1282
2013-07-07,39.77643107289578,Florida,1283
2013-07-08,45.53392915373376,Florida,1284
2013-07-09,58.62585081270255,Florida,1285
2013-07-10,38.885512867282316,Florida,1286
2013-07-11,45.657683833477975,Florida,1287
2013-07-12,45.3338514693423,Florida,1288
2013-07-13,38.40521220079115,Florida,1289
2013-07-14,43.447628796179394,Florida,1290
2013-07-15,49.093966903408884,Florida,1291
2013-07-16,41.53226648486734,Florida,1292
2013-07-17,36.93210983680984,Florida,1293
2013-07-18,49.079411810833214,Florida,1294
2013-07-19,41.26219490815738,Florida,1295
2013-07-20,48.677185686616866,Florida,1296
2013-07-21,41.620732461321786,Florida,1297
2013-07-22,39.69711005773582,Florida,1298
2013-07-23,42.18920033478642,Florida,1299
2013-07-24,55.13939530564789,Florida,1300
2013-07-25,44.510319469451304,Florida,1301
2013-07-26,25.75248645011058,Florida,1302
2013-07-27,55.917198724257034,Florida,1303
2013-07-28,43.40968866994238,Florida,1304
2013-07-29,38.906930957158075,Florida,1305
2013-07-30,31.645259524994522,Florida,1306
2013-07-31,44.12104899394553,Florida,1307
2013-08-01,62.973034940739915,Florida,1308
2013-08-02,12.41369490998705,Florida,1309
2013-08-03,42.87057093764189,Florida,1310
2013-08-04,24.187916811330503,Florida,1311
2013-08-05,51.12727277120066,Florida,1312
2013-08-06,43.60259014005892,Florida,1313
2013-08-07,27.885152372101167,Florida,1314
2013-08-08,41.703457209793434,Florida,1315
2013-08-09,58.78736390457266,Florida,1316
2013-08-10,39.55936621951551,Florida,1317
2013-08-11,20.444030432331243,Florida,1318
2013-08-12,19.112378828019892,Florida,1319
2013-08-13,39.35883794031838,Florida,1320
2013-08-14,23.88322776367087,Florida,1321
2013-08-15,35.606677891555755,Florida,1322
2013-08-16,46.812791084305644,Florida,1323
2013-08-17,41.603286658865805,Florida,1324
2013-08-18,27.217316153301823,Florida,1325
2013-08-19,32.79691908465123,Florida,1326
2013-08-20,49.80500832874534,Florida,1327
2013-08-21,27.072932215903247,Florida,1328
2013-08-22,41.37396998053125,Florida,1329
2013-08-23,40.77826599397935,Florida,1330
2013-08-24,33.3406569419915,Florida,1331
2013-08-25,57.58433157837959,Florida,1332
2013-08-26,27.86570833676345,Florida,1333
2013-08-27,17.484718558246076,Florida,1334
2013-08-28,36.32419538743045,Florida,1335
2013-08-29,21.664130332020388,Florida,1336
2013-08-30,40.25281259424126,Florida,1337
2013-08-31,38.70721854307373,Florida,1338
2013-09-01,40.815089233639476,Florida,1339
2013-09-02,42.62618027565699,Florida,1340
2013-09-03,35.65551791246465,Florida,1341
2013-09-04,33.72952552264482,Florida,1342
2013-09-05,41.20181130126445,Florida,1343
2013-09-06,23.000010270368406,Florida,1344
2013-09-07,28.109450533366328,Florida,1345
2013-09-08,32.00161848699068,Florida,1346
2013-09-09,26.48688428777794,Florida,1347
2013-09-10,31.217301611945928,Florida,1348
2013-09-11,22.20330488281022,Florida,1349
2013-09-12,41.64804002066003,Florida,1350
2013-09-13,25.724657649139672,Florida,1351
2013-09-14,55.57232735165354,Florida,1352
2013-09-15,25.249061230612238,Florida,1353
2013-09-16,46.56970358685631,Florida,1354
2013-09-17,52.26598899540687,Florida,1355
2013-09-18,42.51868679911955,Florida,1356
2013-09-19,18.832409431840297,Florida,1357
2013-09-20,21.91710343587284,Florida,1358
2013-09-21,32.812987642873,Florida,1359
2013-09-22,46.814671026402806,Florida,1360
2013-09-23,18.82835238574711,Florida,1361
2013-09-24,9.969421243492349,Florida,1362
2013-09-25,40.18462753178051,Florida,1363
2013-09-26,15.957408351486368,Florida,1364
2013-09-27,17.661530101260524,Florida,1365
2013-09-28,13.21918139165384,Florida,1366
2013-09-29,25.706292896176343,Florida,1367
2013-09-30,28.772601466970187,Florida,1368
2013-10-01,21.9626716951565,Florida,1369
2013-10-02,35.4303596338608,Florida,1370
2013-10-03,43.446049596025404,Florida,1371
2013-10-04,34.77879565171679,Florida,1372
2013-10-05,31.1535033610028,Florida,1373
2013-10-06,40.12929892159484,Florida,1374
2013-10-07,38.96884766990889,Florida,1375
2013-10-08,16.186239067392588,Florida,1376
2013-10-09,29.486400521718892,Florida,1377
2013-10-10,36.18056363235483,Florida,1378
2013-10-11,40.15420078336927,Florida,1379
2013-10-12,12.901513764680498,Florida,1380
2013-10-13,30.749104316642985,Florida,1381
2013-10-14,45.85078544312043,Florida,1382
2013-10-15,40.90919831513008,Florida,1383
2013-10-16,16.679887684340382,Florida,1384
2013-10-17,39.1336493823514,Florida,1385
2013-10-18,54.38809597618416,Florida,1386
2013-10-19,20.233130129915473,Florida,1387
2013-10-20,29.76560756178427,Florida,1388
2013-10-21,21.427575725149232,Florida,1389
2013-10-22,33.9893916074219,Florida,1390
2013-10-23,26.986398827414426,Florida,1391
2013-10-24,52.65455333905961,Florida,1392
2013-10-25,48.824451238004855,Florida,1393
2013-10-26,38.13887123449018,Florida,1394
2013-10-27,31.55969430636616,Florida,1395
2013-10-28,21.354540028884152,Florida,1396
2013-10-29,43.14306478784971,Florida,1397
2013-10-30,35.83064497856766,Florida,1398
2013-10-31,49.859790432362416,Florida,1399
2013-11-01,41.98447927260641,Florida,1400
2013-11-02,46.92203059436589,Florida,1401
2013-11-03,44.82572454793164,Florida,1402
2013-11-04,26.176908243176616,Florida,1403
2013-11-05,29.403435658637832,Florida,1404
2013-11-06,24.89166951288965,Florida,1405
2013-11-07,42.30584776162624,Florida,1406
2013-11-08,46.17515469800565,Florida,1407
2013-11-09,14.922122176177915,Florida,1408
2013-11-10,33.71977400046275,Florida,1409
2013-11-11,44.23757163606571,Florida,1410
2013-11-12,45.47049009890427,Florida,1411
2013-11-13,43.437399289526056,Florida,1412
2013-11-14,47.57992873910284,Florida,1413
2013-11-15,44.192110717918894,Florida,1414
2013-11-16,25.97518330193585,Florida,1415
2013-11-17,26.566323315996456,Florida,1416
2013-11-18,21.131967597650707,Florida,1417
2013-11-19,22.544161221187263,Florida,1418
2013-11-20,54.68455993291303,Florida,1419
2013-11-21,20.51029401504718,Florida,1420
2013-11-22,44.86764080718893,Florida,1421
2013-11-23,20.23379015399899,Florida,1422
2013-11-24,50.22739933320967,Florida,1423
2013-11-25,49.628358907582886,Florida,1424
2013-11-26,39.447769093247175,Florida,1425
2013-11-27,28.839969473438952,Florida,1426
2013-11-28,57.31594530956637,Florida,1427
2013-11-29,26.730556550237562,Florida,1428
2013-11-30,53.59861345918246,Florida,1429
2013-12-01,53.99217129190343,Florida,1430
2013-12-02,24.236350539304,Florida,1431
2013-12-03,38.157938328604054,Florida,1432
2013-12-04,35.45000291175947,Florida,1433
2013-12-05,46.39860794221267,Florida,1434
2013-12-06,43.560911135532066,Florida,1435
2013-12-07,40.1652182258861,Florida,1436
2013-12-08,38.563003510349745,Florida,1437
2013-12-09,40.48368748771937,Florida,1438
2013-12-10,43.95213341089837,Florida,1439
2013-12-11,61.127680287492936,Florida,1440
2013-12-12,34.38885453752747,Florida,1441
2013-12-13,36.472009054932045,Florida,1442
2013-12-14,41.26101989028967,Florida,1443
2013-12-15,32.077299149234676,Florida,1444
2013-12-16,41.95599326277032,Florida,1445
2013-12-17,29.070103696624038,Florida,1446
2013-12-18,64.34069660990079,Florida,1447
2013-12-19,42.664358057278484,Florida,1448
2013-12-20,27.87720335480907,Florida,1449
2013-12-21,35.41267523898771,Florida,1450
2013-12-22,38.30565858055473,Florida,1451
2013-12-23,48.12805958354497,Florida,1452
2013-12-24,44.12586100371393,Florida,1453
2013-12-25,47.05719401931397,Florida,1454
2013-12-26,46.48245444515897,Florida,1455
2013-12-27,45.85086797903964,Florida,1456
2013-12-28,22.68917407741082,Florida,1457
2013-12-29,46.11546273769194,Florida,1458
2013-12-30,31.6113193573134,Florida,1459
2013-12-31,49.089389817868316,Florida,1460
2014-01-01,46.34377882336554,Florida,1461
2014-01-02,47.25601459532914,Florida,1462
2014-01-03,34.69869550582313,Florida,1463
2014-01-04,30.04596989162061,Florida,1464
2014-01-05,26.171031557231533,Florida,1465
2014-01-06,52.72618671470029,Florida,1466
2014-01-07,47.187426553597085,Florida,1467
2014-01-08,49.85442007116014,Florida,1468
2014-01-09,53.503530143462285,Florida,1469
2014-01-10,45.54074805725066,Florida,1470
2014-01-11,57.038625306220624,Florida,1471
2014-01-12,20.195223951302154,Florida,1472
2014-01-13,50.666599705656544,Florida,1473
2014-01-14,45.12385035432321,Florida,1474
2014-01-15,38.31729461759865,Florida,1475
2014-01-16,53.99313971417297,Florida,1476
2014-01-17,59.655116124820566,Florida,1477
2014-01-18,48.701902576324294,Florida,1478
2014-01-19,42.79909260163572,Florida,1479
2014-01-20,59.93746405837592,Florida,1480
2014-01-21,51.05745130127371,Florida,1481
2014-01-22,46.865002121826365,Florida,1482
2014-01-23,41.6714395336335,Florida,1483
2014-01-24,40.587113444682764,Florida,1484
2014-01-25,30.186359658223346,Florida,1485
2014-01-26,56.27871493800122,Florida,1486
2014-01-27,48.71387639357416,Florida,1487
2014-01-28,47.326491221471485,Florida,1488
2014-01-29,40.00122245160218,Florida,1489
2014-01-30,28.931397895277396,Florida,1490
2014-01-31,57.99734067324943,Florida,1491
2014-02-01,47.298814922097684,Florida,1492
2014-02-02,37.880814751687815,Florida,1493
2014-02-03,60.77288938782482,Florida,1494
2014-02-04,62.522351792926095,Florida,1495
2014-02-05,50.85971262515802,Florida,1496
2014-02-06,38.54711616310885,Florida,1497
2014-02-07,53.41368091704469,Florida,1498
2014-02-08,59.20090835030789,Florida,1499
2014-02-09,30.683976953855602,Florida,1500
2014-02-10,52.89821726783754,Florida,1501
2014-02-11,59.23329693295277,Florida,1502
2014-02-12,46.08508723498889,Florida,1503
2014-02-13,54.04499927275934,Florida,1504
2014-02-14,74.74677567747585,Florida,1505
2014-02-15,55.95723049873955,Florida,1506
2014-02-16,35.400904411359235,Florida,1507
2014-02-17,48.15159548557001,Florida,1508
2014-02-18,64.89595216236141,Florida,1509
2014-02-19,63.32649982784105,Florida,1510
2014-02-20,66.28928644164569,Florida,1511
2014-02-21,64.76169334575653,Florida,1512
2014-02-22,48.49438197712762,Florida,1513
2014-02-23,52.65378114413558,Florida,1514
2014-02-24,57.07878430449205,Florida,1515
2014-02-25,51.74512366888069,Florida,1516
2014-02-26,59.100766054403266,Florida,1517
2014-02-27,59.957315880833995,Florida,1518
2014-02-28,49.43701446345015,Florida,1519
2014-03-01,65.84758583925598,Florida,1520
2014-03-02,51.52775933896029,Florida,1521
2014-03-03,50.74799750593928,Florida,1522
2014-03-04,58.821128427527434,Florida,1523
2014-03-05,64.66110676033819,Florida,1524
2014-03-06,30.539766699210755,Florida,1525
2014-03-07,57.75109454324611,Florida,1526
2014-03-08,44.35581814410909,Florida,1527
2014-03-09,57.832352976993974,Florida,1528
2014-03-10,59.25950057763777,Florida,1529
2014-03-11,45.891118309501564,Florida,1530
2014-03-12,45.95169086713668,Florida,1531
2014-03-13,58.858113966284776,Florida,1532
2014-03-14,47.35275884658149,Florida,1533
2014-03-15,51.17933510209325,Florida,1534
2014-03-16,45.83990677582431,Florida,1535
2014-03-17,59.31989162460916,Florida,1536
2014-03-18,49.4250666153636,Florida,1537
2014-03-19,47.34233436902207,Florida,1538
2014-03-20,48.39313269279509,Florida,1539
2014-03-21,64.50979321147723,Florida,1540
2014-03-22,44.04366330296986,Florida,1541
2014-03-23,57.184893719124844,Florida,1542
2014-03-24,74.85563398197132,Florida,1543
2014-03-25,51.692758758952685,Florida,1544
2014-03-26,49.974970499642495,Florida,1545
2014-03-27,66.14224326158504,Florida,1546
2014-03-28,71.60706820158057,Florida,1547
2014-03-29,62.72257052222004,Florida,1548
2014-03-30,45.49069949678736,Florida,1549
2014-03-31,60.68512587057267,Florida,1550
2014-04-01,57.05445445140716,Florida,1551
2014-04-02,48.83160730366195,Florida,1552
2014-04-03,46.30972090918821,Florida,1553
2014-04-04,46.0113501007455,Florida,1554
2014-04-05,51.98522503988002,Florida,1555
2014-04-06,62.39807985517064,Florida,1556
2014-04-07,57.986052457162785,Florida,1557
2014-04-08,41.969381819578324,Florida,1558
2014-04-09,49.942687596769204,Florida,1559
2014-04-10,31.92944476319227,Florida,1560
2014-04-11,41.68691126841843,Florida,1561
2014-04-12,56.829124441109634,Florida,1562
2014-04-13,54.25232733949668,Florida,1563
2014-04-14,54.191776656891136,Florida,1564
2014-04-15,56.38025518429887,Florida,1565
2014-04-16,46.47689674774312,Florida,1566
2014-04-17,28.699446803130357,Florida,1567
2014-04-18,59.45582216179159,Florida,1568
2014-04-19,52.34292958000935,Florida,1569
2014-04-20,56.879742561054854,Florida,1570
2014-04-21,48.74361044786469,Florida,1571
2014-04-22,39.04072587018373,Florida,1572
2014-04-23,43.89288033541432,Florida,1573
2014-04-24,47.402186250978815,Florida,1574
2014-04-25,53.3907253971236,Florida,1575
2014-04-26,63.146215871293634,Florida,1576
2014-04-27,50.81252416119263,Florida,1577
2014-04-28,71.83208004598947,Florida,1578
2014-04-29,47.56318747236685,Florida,1579
2014-04-30,35.67115212609356,Florida,1580
2014-05-01,58.92349911346703,Florida,1581
2014-05-02,40.826918743921865,Florida,1582
2014-05-03,55.2728334061681,Florida,1583
2014-05-04,45.0192299416529,Florida,1584
2014-05-05,33.370182617558754,Florida,1585
2014-05-06,33.93429795933239,Florida,1586
2014-05-07,52.465810868785695,Florida,1587
2014-05-08,65.68122024208597,Florida,1588
2014-05-09,60.152727692212466,Florida,1589
2014-05-10,64.20006243496742,Florida,1590
2014-05-11,39.6830516539325,Florida,1591
2014-05-12,66.51265415104825,Florida,1592
2014-05-13,53.27418813644998,Florida,1593
2014-05-14,59.82981338374539,Florida,1594
2014-05-15,54.744108058701926,Florida,1595
2014-05-16,41.47670795052261,Florida,1596
2014-05-17,31.13586177453151,Florida,1597
2014-05-18,43.66207541977342,Florida,1598
2014-05-19,47.39935949216167,Florida,1599
2014-05-20,49.624773284666595,Florida,1600
2014-05-21,48.63376094997709,Florida,1601
2014-05-22,56.18439321360533,Florida,1602
2014-05-23,50.93784015686256,Florida,1603
2014-05-24,35.26296791728088,Florida,1604
2014-05-25,51.15873633167262,Florida,1605
2014-05-26,25.914409830552053,Florida,1606
2014-05-27,53.56304516840714,Florida,1607
2014-05-28,51.594220691926076,Florida,1608
2014-05-29,60.960541610989296,Florida,1609
2014-05-30,39.67512802362385,Florida,1610
2014-05-31,46.308557667734625,Florida,1611
2014-06-01,51.82880745320081,Florida,1612
2014-06-02,51.131566989920756,Florida,1613
2014-06-03,54.03634743304158,Florida,1614
2014-06-04,49.640223447330364,Florida,1615
2014-06-05,29.265962158271233,Florida,1616
2014-06-06,61.44867805198081,Florida,1617
2014-06-07,50.79137611927125,Florida,1618
2014-06-08,48.613069672741304,Florida,1619
2014-06-09,33.95047569068492,Florida,1620
2014-06-10,40.16131755807741,Florida,1621
2014-06-11,52.18381833638957,Florida,1622
2014-06-12,48.47135993380431,Florida,1623
2014-06-13,51.4034527667798,Florida,1624
2014-06-14,52.79900408583699,Florida,1625
2014-06-15,33.4388171014933,Florida,1626
2014-06-16,31.282800208450766,Florida,1627
2014-06-17,49.23614162222325,Florida,1628
2014-06-18,58.95009179669983,Florida,1629
2014-06-19,42.570433324826595,Florida,1630
2014-06-20,42.47408785639821,Florida,1631
2014-06-21,42.73372751977126,Florida,1632
2014-06-22,46.065744540965696,Florida,1633
2014-06-23,36.53811095458299,Florida,1634
2014-06-24,56.055727577445666,Florida,1635
2014-06-25,52.12563892492992,Florida,1636
2014-06-26,38.05235456099404,Florida,1637
2014-06-27,51.75826703104479,Florida,1638
2014-06-28,41.45242754846227,Florida,1639
2014-06-29,41.39085824736895,Florida,1640
2014-06-30,42.6967517317196,Florida,1641
2014-07-01,47.70389859633471,Florida,1642
2014-07-02,41.605451411820546,Florida,1643
2014-07-03,51.964244265751795,Florida,1644
2014-07-04,48.38123341619733,Florida,1645
2014-07-05,43.292603957556196,Florida,1646
2014-07-06,27.671437687735274,Florida,1647
2014-07-07,45.2808133986941,Florida,1648
2014-07-08,43.17659682358815,Florida,1649
2014-07-09,41.454720006391405,Florida,1650
2014-07-10,57.48342659199306,Florida,1651
2014-07-11,55.93476308281516,Florida,1652
2014-07-12,45.43927767099182,Florida,1653
2014-07-13,41.50290472113785,Florida,1654
2014-07-14,40.04530618606678,Florida,1655
2014-07-15,54.237560214205644,Florida,1656
2014-07-16,39.8988329776417,Florida,1657
2014-07-17,46.122688564019185,Florida,1658
2014-07-18,41.41530641002636,Florida,1659
2014-07-19,29.18230223556412,Florida,1660
2014-07-20,35.60445703084195,Florida,1661
2014-07-21,48.79131600099618,Florida,1662
2014-07-22,40.75644196022917,Florida,1663
2014-07-23,38.44211504419728,Florida,1664
2014-07-24,16.37137386705166,Florida,1665
2014-07-25,42.74412084823233,Florida,1666
2014-07-26,33.40708196702287,Florida,1667
2014-07-27,34.45970231233621,Florida,1668
2014-07-28,37.41058355912065,Florida,1669
2014-07-29,25.3077658993223,Florida,1670
2014-07-30,11.07952998034845,Florida,1671
2014-07-31,43.00621509699897,Florida,1672
2014-08-01,12.877425510860064,Florida,1673
2014-08-02,27.48714918306834,Florida,1674
2014-08-03,44.73618944324384,Florida,1675
2014-08-04,28.75907297622865,Florida,1676
2014-08-05,32.26282780359988,Florida,1677
2014-08-06,47.78297750136534,Florida,1678
2014-08-07,53.89694495716176,Florida,1679
2014-08-08,25.320587263638732,Florida,1680
2014-08-09,38.816862982576545,Florida,1681
2014-08-10,36.91163560715746,Florida,1682
2014-08-11,36.481093251958285,Florida,1683
2014-08-12,38.789465501846045,Florida,1684
2014-08-13,27.634035939318323,Florida,1685
2014-08-14,21.736101049757636,Florida,1686
2014-08-15,32.558454644011164,Florida,1687
2014-08-16,41.27388041497714,Florida,1688
2014-08-17,16.528990352555162,Florida,1689
2014-08-18,18.36708111584401,Florida,1690
2014-08-19,30.143574791451158,Florida,1691
2014-08-20,45.73055482030273,Florida,1692
2014-08-21,49.82532108867644,Florida,1693
2014-08-22,31.535821606049446,Florida,1694
2014-08-23,49.75272364413289,Florida,1695
2014-08-24,27.41629311108558,Florida,1696
2014-08-25,46.00330387674172,Florida,1697
2014-08-26,38.260801456246796,Florida,1698
2014-08-27,20.434666164466663,Florida,1699
2014-08-28,31.716058487293324,Florida,1700
2014-08-29,45.53425920868452,Florida,1701
2014-08-30,43.405490881052394,Florida,1702
2014-08-31,25.7185593783154,Florida,1703
2014-09-01,49.86131927734826,Florida,1704
2014-09-02,45.63757588008123,Florida,1705
2014-09-03,48.86494640760358,Florida,1706
2014-09-04,29.53669993918203,Florida,1707
2014-09-05,41.40494731012961,Florida,1708
2014-09-06,21.701350557066117,Florida,1709
2014-09-07,30.82392198703474,Florida,1710
2014-09-08,34.24776611078379,Florida,1711
2014-09-09,49.59480522833728,Florida,1712
2014-09-10,48.758777823569105,Florida,1713
2014-09-11,25.926084294820967,Florida,1714
2014-09-12,39.85685126531583,Florida,1715
2014-09-13,24.03933179753077,Florida,1716
2014-09-14,30.47569890416539,Florida,1717
2014-09-15,41.56061525468812,Florida,1718
2014-09-16,34.75746392076182,Florida,1719
2014-09-17,36.28878974644297,Florida,1720
2014-09-18,45.77779713456224,Florida,1721
2014-09-19,26.631558602838496,Florida,1722
2014-09-20,33.65636863398484,Florida,1723
2014-09-21,11.715447666291407,Florida,1724
2014-09-22,15.04371381136399,Florida,1725
2014-09-23,41.794797885020614,Florida,1726
2014-09-24,19.428059980038576,Florida,1727
2014-09-25,32.973604844423264,Florida,1728
2014-09-26,30.701513315990248,Florida,1729
2014-09-27,46.08597437478396,Florida,1730
2014-09-28,25.59688934685386,Florida,1731
2014-09-29,36.57487683893805,Florida,1732
2014-09-30,16.56340163935256,Florida,1733
2014-10-01,53.00303943338403,Florida,1734
2014-10-02,18.89902639086345,Florida,1735
2014-10-03,28.709422765209524,Florida,1736
2014-10-04,29.495599016211766,Florida,1737
2014-10-05,41.17558833479969,Florida,1738
2014-10-06,42.386716948265004,Florida,1739
2014-10-07,34.846068667306525,Florida,1740
2014-10-08,18.43564366217123,Florida,1741
2014-10-09,46.111486592124066,Florida,1742
2014-10-10,27.668749457408758,Florida,1743
2014-10-11,41.80832737643834,Florida,1744
2014-10-12,39.39695286750686,Florida,1745
2014-10-13,33.5457702789787,Florida,1746
2014-10-14,43.186471990342355,Florida,1747
2014-10-15,40.33481506336388,Florida,1748
2014-10-16,42.036144064887594,Florida,1749
2014-10-17,31.386888470999242,Florida,1750
2014-10-18,49.56701953692521,Florida,1751
2014-10-19,25.547739717560425,Florida,1752
2014-10-20,57.45694913530463,Florida,1753
2014-10-21,22.765132641116253,Florida,1754
2014-10-22,39.02126818260564,Florida,1755
2014-10-23,51.6515023293417,Florida,1756
2014-10-24,27.829326788733148,Florida,1757
2014-10-25,26.74086274070239,Florida,1758
2014-10-26,55.185808454585754,Florida,1759
2014-10-27,51.955793332435064,Florida,1760
2014-10-28,41.16741950144714,Florida,1761
2014-10-29,26.216946305618592,Florida,1762
2014-10-30,20.821402434733663,Florida,1763
2014-10-31,36.405334184017235,Florida,1764
2014-11-01,27.402766134405436,Florida,1765
2014-11-02,38.264427783423685,Florida,1766
2014-11-03,42.0233348240114,Florida,1767
2014-11-04,28.87084835300787,Florida,1768
2014-11-05,21.206145700346163,Florida,1769
2014-11-06,35.81642875299867,Florida,1770
2014-11-07,29.526019592508884,Florida,1771
2014-11-08,52.6558172164676,Florida,1772
2014-11-09,45.25455751995851,Florida,1773
2014-11-10,59.95889669460658,Florida,1774
2014-11-11,29.96630602326887,Florida,1775
2014-11-12,35.320899682851945,Florida,1776
2014-11-13,50.678759980577716,Florida,1777
2014-11-14,33.60379416834554,Florida,1778
2014-11-15,50.91030885391949,Florida,1779
2014-11-16,21.044324918949023,Florida,1780
2014-11-17,30.66630090185863,Florida,1781
2014-11-18,58.36521208486645,Florida,1782
2014-11-19,19.175757192127875,Florida,1783
2014-11-20,39.234923807684105,Florida,1784
2014-11-21,43.896113723481925,Florida,1785
2014-11-22,53.088807168198,Florida,1786
2014-11-23,31.383724827695787,Florida,1787
2014-11-24,38.711988460293284,Florida,1788
2014-11-25,34.66682916330567,Florida,1789
2014-11-26,39.99075236377686,Florida,1790
2014-11-27,34.229550278566656,Florida,1791
2014-11-28,42.46500076895361,Florida,1792
2014-11-29,36.979008510922895,Florida,1793
2014-11-30,39.27574969917062,Florida,1794
2014-12-01,14.88493454831536,Florida,1795
2014-12-02,23.68248462566487,Florida,1796
2014-12-03,38.15758434158557,Florida,1797
2014-12-04,33.399211641391034,Florida,1798
2014-12-05,60.91855849846931,Florida,1799
2014-12-06,25.546479598342394,Florida,1800
2014-12-07,41.84428309244853,Florida,1801
2014-12-08,29.509769114373174,Florida,1802
2014-12-09,21.666511529513883,Florida,1803
2014-12-10,49.91627690799316,Florida,1804
2014-12-11,56.946764881935,Florida,1805
2014-12-12,24.13437217950227,Florida,1806
2014-12-13,63.128502621836525,Florida,1807
2014-12-14,21.50353021376783,Florida,1808
2014-12-15,31.529098877846025,Florida,1809
2014-12-16,57.57355500155788,Florida,1810
2014-12-17,48.334959188342246,Florida,1811
2014-12-18,43.94068461893286,Florida,1812
2014-12-19,48.253087939781416,Florida,1813
2014-12-20,37.527844006375325,Florida,1814
2014-12-21,28.018822012609718,Florida,1815
2014-12-22,32.379486604780936,Florida,1816
2014-12-23,38.08941654308666,Florida,1817
2014-12-24,50.23719614175663,Florida,1818
2014-12-25,34.076401482703076,Florida,1819
2014-12-26,45.110704614541255,Florida,1820
2014-12-27,42.368421631724516,Florida,1821
2014-12-28,27.65918383726228,Florida,1822
2014-12-29,43.81571384553426,Florida,1823
2014-12-30,56.151421642974356,Florida,1824
2014-12-31,39.98471119272996,Florida,1825
2015-01-01,33.06435447706755,Florida,1826
2015-01-02,24.095234854388302,Florida,1827
2015-01-03,40.17746872148454,Florida,1828
2015-01-04,27.221087857915812,Florida,1829
2015-01-05,56.01902278699017,Florida,1830
2015-01-06,52.37116012721074,Florida,1831
2015-01-07,39.644645265585595,Florida,1832
2015-01-08,48.52491566856294,Florida,1833
2015-01-09,45.6703726449056,Florida,1834
2015-01-10,30.401907125513798,Florida,1835
2015-01-11,39.77168143633284,Florida,1836
2015-01-12,39.54058627149309,Florida,1837
2015-01-13,42.43548480331653,Florida,1838
2015-01-14,58.21896987988936,Florida,1839
2015-01-15,33.189553669890735,Florida,1840
2015-01-16,42.44543177187782,Florida,1841
2015-01-17,64.9783746004507,Florida,1842
2015-01-18,58.73687161821495,Florida,1843
2015-01-19,40.23868451184077,Florida,1844
2015-01-20,37.70783782773374,Florida,1845
2015-01-21,42.69317055294725,Florida,1846
2015-01-22,41.22454539001266,Florida,1847
2015-01-23,53.62630535139054,Florida,1848
2015-01-24,56.26082721285858,Florida,1849
2015-01-25,63.149757310890486,Florida,1850
2015-01-26,53.02934849167301,Florida,1851
2015-01-27,57.84262795772955,Florida,1852
2015-01-28,48.18738962553255,Florida,1853
2015-01-29,53.78118300062627,Florida,1854
2015-01-30,40.4501608010888,Florida,1855
2015-01-31,51.229877321162604,Florida,1856
2015-02-01,40.357845941488584,Florida,1857
2015-02-02,52.857961274127966,Florida,1858
2015-02-03,38.22096840098123,Florida,1859
2015-02-04,47.2217832197871,Florida,1860
2015-02-05,58.24976721172072,Florida,1861
2015-02-06,51.61446220301785,Florida,1862
2015-02-07,35.24023544558861,Florida,1863
2015-02-08,43.934851733302615,Florida,1864
2015-02-09,48.51939203144762,Florida,1865
2015-02-10,57.3638137557654,Florida,1866
2015-02-11,56.530677002104156,Florida,1867
2015-02-12,50.52251344963768,Florida,1868
2015-02-13,64.49642305618048,Florida,1869
2015-02-14,40.334340754894534,Florida,1870
2015-02-15,63.75449584954214,Florida,1871
2015-02-16,54.46616742500773,Florida,1872
2015-02-17,49.48933431052373,Florida,1873
2015-02-18,41.51298924444201,Florida,1874
2015-02-19,41.51260637847656,Florida,1875
2015-02-20,53.95317887313472,Florida,1876
2015-02-21,61.75943333509673,Florida,1877
2015-02-22,49.77583863062503,Florida,1878
2015-02-23,38.995554412377516,Florida,1879
2015-02-24,71.31780755344076,Florida,1880
2015-02-25,68.2480345032353,Florida,1881
2015-02-26,50.32025794202883,Florida,1882
2015-02-27,52.56152382592093,Florida,1883
2015-02-28,44.83454498954458,Florida,1884
2015-03-01,50.11961363897352,Florida,1885
2015-03-02,66.79814530186299,Florida,1886
2015-03-03,43.83848582984464,Florida,1887
2015-03-04,46.045621018810735,Florida,1888
2015-03-05,40.08448583668224,Florida,1889
2015-03-06,42.15500277096466,Florida,1890
2015-03-07,49.382241448704875,Florida,1891
2015-03-08,55.05384284031971,Florida,1892
2015-03-09,53.10964258554816,Florida,1893
2015-03-10,61.16857450894776,Florida,1894
2015-03-11,55.526645980961796,Florida,1895
2015-03-12,41.399199451295495,Florida,1896
2015-03-13,39.7269722597224,Florida,1897
2015-03-14,38.87136748844275,Florida,1898
2015-03-15,27.707578885166644,Florida,1899
2015-03-16,51.294367137518655,Florida,1900
2015-03-17,58.04330797319862,Florida,1901
2015-03-18,52.53219776212547,Florida,1902
2015-03-19,69.42391194699034,Florida,1903
2015-03-20,47.22953410483716,Florida,1904
2015-03-21,47.582421958136194,Florida,1905
2015-03-22,59.39411911669666,Florida,1906
2015-03-23,44.461359830361076,Florida,1907
2015-03-24,70.58761292697667,Florida,1908
2015-03-25,38.20728809661594,Florida,1909
2015-03-26,57.700042477061025,Florida,1910
2015-03-27,42.19501188296449,Florida,1911
2015-03-28,44.09859729511176,Florida,1912
2015-03-29,56.37535058090926,Florida,1913
2015-03-30,55.78903160884405,Florida,1914
2015-03-31,57.58032054232493,Florida,1915
2015-04-01,55.74247827093531,Florida,1916
2015-04-02,56.89529836723801,Florida,1917
2015-04-03,60.782535439621455,Florida,1918
2015-04-04,46.37590169714406,Florida,1919
2015-04-05,53.42587772243987,Florida,1920
2015-04-06,55.237211401196234,Florida,1921
2015-04-07,67.97183046379041,Florida,1922
2015-04-08,61.34966751215895,Florida,1923
2015-04-09,57.61563334486924,Florida,1924
2015-04-10,61.18550946696241,Florida,1925
2015-04-11,75.09485042175463,Florida,1926
2015-04-12,46.40438182322641,Florida,1927
2015-04-13,51.30214372642896,Florida,1928
2015-04-14,61.29548164294869,Florida,1929
2015-04-15,39.19124803568735,Florida,1930
2015-04-16,62.23715817394208,Florida,1931
2015-04-17,79.82273209926825,Florida,1932
2015-04-18,55.03476364739238,Florida,1933
2015-04-19,62.28998713445162,Florida,1934
2015-04-20,62.79421900169978,Florida,1935
2015-04-21,46.81993131345455,Florida,1936
2015-04-22,59.251777291576275,Florida,1937
2015-04-23,38.581326363026506,Florida,1938
2015-04-24,64.7059015332885,Florida,1939
2015-04-25,55.4265840978987,Florida,1940
2015-04-26,50.40345822264096,Florida,1941
2015-04-27,53.72484008738352,Florida,1942
2015-04-28,53.421649086462146,Florida,1943
2015-04-29,51.683842059030844,Florida,1944
2015-04-30,40.85697581717868,Florida,1945
2015-05-01,54.55730429260534,Florida,1946
2015-05-02,39.9049534515888,Florida,1947
2015-05-03,30.051688368575892,Florida,1948
2015-05-04,46.494331497949496,Florida,1949
2015-05-05,70.53994162059674,Florida,1950
2015-05-06,38.89649811976538,Florida,1951
2015-05-07,59.450729798523355,Florida,1952
2015-05-08,46.25502194409837,Florida,1953
2015-05-09,33.93693244016354,Florida,1954
2015-05-10,39.678699774526756,Florida,1955
2015-05-11,50.005140992269006,Florida,1956
2015-05-12,58.067461500864326,Florida,1957
2015-05-13,45.51540251595536,Florida,1958
2015-05-14,64.53680427753557,Florida,1959
2015-05-15,55.86860781917115,Florida,1960
2015-05-16,56.45035523605255,Florida,1961
2015-05-17,60.26477202587914,Florida,1962
2015-05-18,46.21324519590014,Florida,1963
2015-05-19,45.54327500090563,Florida,1964
2015-05-20,47.317862896473216,Florida,1965
2015-05-21,53.94411282908638,Florida,1966
2015-05-22,39.933860999123354,Florida,1967
2015-05-23,42.572001107782846,Florida,1968
2015-05-24,63.446131766011234,Florida,1969
2015-05-25,38.98273671719295,Florida,1970
2015-05-26,36.662517701905095,Florida,1971
2015-05-27,37.43290173697649,Florida,1972
2015-05-28,68.90762890524312,Florida,1973
2015-05-29,53.32986539142304,Florida,1974
2015-05-30,37.20978075586865,Florida,1975
2015-05-31,43.24842954712684,Florida,1976
2015-06-01,44.40116705207359,Florida,1977
2015-06-02,37.13353542835081,Florida,1978
2015-06-03,52.31436345723075,Florida,1979
2015-06-04,47.337803939928904,Florida,1980
2015-06-05,57.74562553447354,Florida,1981
2015-06-06,54.34594046321375,Florida,1982
2015-06-07,51.627049335863305,Florida,1983
2015-06-08,64.29120648531536,Florida,1984
2015-06-09,53.485815647510364,Florida,1985
2015-06-10,34.84577095458383,Florida,1986
2015-06-11,43.155753717423316,Florida,1987
2015-06-12,51.12823849618152,Florida,1988
2015-06-13,30.9581660899334,Florida,1989
2015-06-14,41.76278744740718,Florida,1990
2015-06-15,26.361831832120203,Florida,1991
2015-06-16,62.06233986136313,Florida,1992
2015-06-17,45.58364570042283,Florida,1993
2015-06-18,50.270787174682056,Florida,1994
2015-06-19,41.36025304336959,Florida,1995
2015-06-20,46.72743005638266,Florida,1996
2015-06-21,68.24520867105346,Florida,1997
2015-06-22,27.63779738509544,Florida,1998
2015-06-23,38.59723687825443,Florida,1999
2015-06-24,38.26271618594902,Florida,2000
2015-06-25,54.03130258523343,Florida,2001
2015-06-26,53.145076594713224,Florida,2002
2015-06-27,39.1750367321502,Florida,2003
2015-06-28,34.76504728723572,Florida,2004
2015-06-29,55.69414176224813,Florida,2005
2015-06-30,60.30154570051822,Florida,2006
2015-07-01,33.64424331275747,Florida,2007
2015-07-02,49.435692686986364,Florida,2008
2015-07-03,41.63196590143546,Florida,2009
2015-07-04,34.20950198940821,Florida,2010
2015-07-05,46.71455239183146,Florida,2011
2015-07-06,24.628679321504045,Florida,2012
2015-07-07,42.15005017171664,Florida,2013
2015-07-08,51.01300410539916,Florida,2014
2015-07-09,33.580780438374276,Florida,2015
2015-07-10,45.81004799071337,Florida,2016
2015-07-11,37.420589080509814,Florida,2017
2015-07-12,36.63778503359182,Florida,2018
2015-07-13,34.162917463684316,Florida,2019
2015-07-14,31.965731238268724,Florida,2020
2015-07-15,34.79895809665154,Florida,2021
2015-07-16,25.00215104992972,Florida,2022
2015-07-17,41.01168414557558,Florida,2023
2015-07-18,44.210432895209074,Florida,2024
2015-07-19,36.97526355992462,Florida,2025
2015-07-20,43.504790681209506,Florida,2026
2015-07-21,37.39615828853624,Florida,2027
2015-07-22,44.66087210150228,Florida,2028
2015-07-23,42.87132555501084,Florida,2029
2015-07-24,60.679431107890096,Florida,2030
2015-07-25,39.55182934285763,Florida,2031
2015-07-26,25.61508640870537,Florida,2032
2015-07-27,51.82928914153308,Florida,2033
2015-07-28,16.538915648323826,Florida,2034
2015-07-29,41.89851856152924,Florida,2035
2015-07-30,38.75537662587503,Florida,2036
2015-07-31,49.56783907982337,Florida,2037
2015-08-01,45.348766838841215,Florida,2038
2015-08-02,35.548191782953865,Florida,2039
2015-08-03,32.7478609171133,Florida,2040
2015-08-04,25.4529662795382,Florida,2041
2015-08-05,54.435956395570805,Florida,2042
2015-08-06,41.727618226659615,Florida,2043
2015-08-07,43.298981216594015,Florida,2044
2015-08-08,27.86934826615857,Florida,2045
2015-08-09,31.669067524872023,Florida,2046
2015-08-10,15.146623143048316,Florida,2047
2015-08-11,62.024582632441,Florida,2048
2015-08-12,36.66702897608841,Florida,2049
2015-08-13,23.985834070608085,Florida,2050
2015-08-14,52.024944874100576,Florida,2051
2015-08-15,53.64363646487479,Florida,2052
2015-08-16,31.151939046499102,Florida,2053
2015-08-17,9.895659167168116,Florida,2054
2015-08-18,31.257081740487024,Florida,2055
2015-08-19,35.1428231625871,Florida,2056
2015-08-20,29.730144646597754,Florida,2057
2015-08-21,32.92347042472193,Florida,2058
2015-08-22,41.423338414528516,Florida,2059
2015-08-23,32.09261814105165,Florida,2060
2015-08-24,45.18473942062252,Florida,2061
2015-08-25,37.14131652641674,Florida,2062
2015-08-26,15.120899411292001,Florida,2063
2015-08-27,37.80339569348793,Florida,2064
2015-08-28,40.86308168367884,Florida,2065
2015-08-29,35.307932982210176,Florida,2066
2015-08-30,36.0212881636707,Florida,2067
2015-08-31,29.60009771947493,Florida,2068
2015-09-01,26.964225472195714,Florida,2069
2015-09-02,25.597685007014313,Florida,2070
2015-09-03,40.68660816163301,Florida,2071
2015-09-04,47.72559521614889,Florida,2072
2015-09-05,38.99294774072398,Florida,2073
2015-09-06,36.485176858421305,Florida,2074
2015-09-07,14.863972906894212,Florida,2075
2015-09-08,34.79923541460363,Florida,2076
2015-09-09,30.25898251071044,Florida,2077
2015-09-10,21.689124207634425,Florida,2078
2015-09-11,44.96053272562537,Florida,2079
2015-09-12,30.135263602758855,Florida,2080
2015-09-13,36.281123406110844,Florida,2081
2015-09-14,30.758787717660603,Florida,2082
2015-09-15,29.024154536518648,Florida,2083
2015-09-16,20.108145133117212,Florida,2084
2015-09-17,28.801930480302502,Florida,2085
2015-09-18,36.808340956509475,Florida,2086
2015-09-19,24.948583600018587,Florida,2087
2015-09-20,11.213591396183343,Florida,2088
2015-09-21,30.113420454305245,Florida,2089
2015-09-22,26.721299395614956,Florida,2090
2015-09-23,31.963444663518317,Florida,2091
2015-09-24,47.444974913993974,Florida,2092
2015-09-25,38.94319231197716,Florida,2093
2015-09-26,33.794357643937396,Florida,2094
2015-09-27,43.54478938956675,Florida,2095
2015-09-28,24.321103634987843,Florida,2096
2015-09-29,25.703552015570555,Florida,2097
2015-09-30,38.86508451454037,Florida,2098
2015-10-01,25.444440657750324,Florida,2099
2015-10-02,41.4022148767015,Florida,2100
2015-10-03,40.7192227620048,Florida,2101
2015-10-04,40.820570521039464,Florida,2102
2015-10-05,30.138962835303023,Florida,2103
2015-10-06,38.12328751313685,Florida,2104
2015-10-07,35.34563811763466,Florida,2105
2015-10-08,39.71756887526684,Florida,2106
2015-10-09,50.26137687077898,Florida,2107
2015-10-10,22.714461281378806,Florida,2108
2015-10-11,37.67073867737813,Florida,2109
2015-10-12,33.080293704287236,Florida,2110
2015-10-13,48.40271165729445,Florida,2111
2015-10-14,41.5456494856735,Florida,2112
2015-10-15,28.71673163364458,Florida,2113
2015-10-16,29.019998961370923,Florida,2114
2015-10-17,38.06065200967917,Florida,2115
2015-10-18,59.63222668057659,Florida,2116
2015-10-19,43.271999584249414,Florida,2117
2015-10-20,23.235371438640453,Florida,2118
2015-10-21,25.641079115781707,Florida,2119
2015-10-22,16.654591844712105,Florida,2120
2015-10-23,11.2939447036245,Florida,2121
2015-10-24,65.7541534698435,Florida,2122
2015-10-25,23.911180460658876,Florida,2123
2015-10-26,29.904739968987172,Florida,2124
2015-10-27,34.89391753820475,Florida,2125
2015-10-28,31.99563683851251,Florida,2126
2015-10-29,38.93351940568276,Florida,2127
2015-10-30,34.34409767012133,Florida,2128
2015-10-31,27.620008263636905,Florida,2129
2015-11-01,38.92995599190347,Florida,2130
2015-11-02,20.32239944568098,Florida,2131
2015-11-03,26.111821293775456,Florida,2132
2015-11-04,46.75655974487323,Florida,2133
2015-11-05,35.842080836154075,Florida,2134
2015-11-06,34.649738916222155,Florida,2135
2015-11-07,12.889362562211609,Florida,2136
2015-11-08,28.55801618673657,Florida,2137
2015-11-09,11.915061768236107,Florida,2138
2015-11-10,38.78967484070987,Florida,2139
2015-11-11,23.39313382078374,Florida,2140
2015-11-12,18.627195632070336,Florida,2141
2015-11-13,31.946126635455368,Florida,2142
2015-11-14,32.98049171591253,Florida,2143
2015-11-15,34.95942504338315,Florida,2144
2015-11-16,46.79936402764467,Florida,2145
2015-11-17,42.32281223359624,Florida,2146
2015-11-18,20.456193141715453,Florida,2147
2015-11-19,47.861895007507144,Florida,2148
2015-11-20,29.542631718697166,Florida,2149
2015-11-21,30.488869927202238,Florida,2150
2015-11-22,36.29769548465387,Florida,2151
2015-11-23,38.0151094543641,Florida,2152
2015-11-24,55.703383553977964,Florida,2153
2015-11-25,44.38499975789686,Florida,2154
2015-11-26,33.13720574992593,Florida,2155
2015-11-27,43.591755774707956,Florida,2156
2015-11-28,39.314411887029394,Florida,2157
2015-11-29,45.132272220883955,Florida,2158
2015-11-30,25.742662319685245,Florida,2159
2015-12-01,36.61795619865434,Florida,2160
2015-12-02,47.09611285266474,Florida,2161
2015-12-03,55.13205565777801,Florida,2162
2015-12-04,43.86972968985812,Florida,2163
2015-12-05,18.704942783207027,Florida,2164
2015-12-06,41.56725501026836,Florida,2165
2015-12-07,32.885796813015546,Florida,2166
2015-12-08,41.18338964688054,Florida,2167
2015-12-09,48.67032773541919,Florida,2168
2015-12-10,34.805013081155735,Florida,2169
2015-12-11,45.98621764561848,Florida,2170
2015-12-12,50.900248346046475,Florida,2171
2015-12-13,32.938378981258204,Florida,2172
2015-12-14,24.895757383573013,Florida,2173
2015-12-15,44.951984227549254,Florida,2174
2015-12-16,29.874003881904873,Florida,2175
2015-12-17,51.67302393955806,Florida,2176
2015-12-18,50.763939534439416,Florida,2177
2015-12-19,35.113194136335466,Florida,2178
2015-12-20,44.06203317039925,Florida,2179
2015-12-21,61.23781411932464,Florida,2180
2015-12-22,34.90896730299877,Florida,2181
2015-12-23,21.77825020103881,Florida,2182
2015-12-24,44.260927899268516,Florida,2183
2015-12-25,24.3489120985327,Florida,2184
2015-12-26,24.531398371642,Florida,2185
2015-12-27,32.81141946848925,Florida,2186
2015-12-28,54.55050203281123,Florida,2187
2015-12-29,29.62086161427674,Florida,2188
2015-12-30,40.384368330350746,Florida,2189
2015-12-31,46.721660478906074,Florida,2190
2016-01-01,57.93165965186013,Florida,2191
2016-01-02,43.33664689941332,Florida,2192
2016-01-03,28.703624361194265,Florida,2193
2016-01-04,33.9125012590022,Florida,2194
2016-01-05,29.52585717268488,Florida,2195
2016-01-06,44.79287464715456,Florida,2196
2016-01-07,45.35480764795388,Florida,2197
2016-01-08,39.60691361437835,Florida,2198
2016-01-09,44.36096678210254,Florida,2199
2016-01-10,63.444593231438176,Florida,2200
2016-01-11,40.112183253559714,Florida,2201
2016-01-12,56.75263961277354,Florida,2202
2016-01-13,57.993773272987255,Florida,2203
2016-01-14,51.48033612286396,Florida,2204
2016-01-15,57.24509909857218,Florida,2205
2016-01-16,30.649785990209985,Florida,2206
2016-01-17,30.135782600019386,Florida,2207
2016-01-18,43.87729429302456,Florida,2208
2016-01-19,45.72187672863455,Florida,2209
2016-01-20,55.08642073117681,Florida,2210
2016-01-21,52.12730943529725,Florida,2211
2016-01-22,57.191032582733754,Florida,2212
2016-01-23,50.65075922134471,Florida,2213
2016-01-24,48.740408674180316,Florida,2214
2016-01-25,35.485200343726916,Florida,2215
2016-01-26,34.52901874558536,Florida,2216
2016-01-27,41.3546507642979,Florida,2217
2016-01-28,42.0951855650811,Florida,2218
2016-01-29,52.15993807884795,Florida,2219
2016-01-30,31.408756495060715,Florida,2220
2016-01-31,33.679536082009434,Florida,2221
2016-02-01,52.053928606802145,Florida,2222
2016-02-02,58.64472210100051,Florida,2223
2016-02-03,58.35602985099894,Florida,2224
2016-02-04,50.24609800686252,Florida,2225
2016-02-05,47.42629139572968,Florida,2226
2016-02-06,57.80924422898144,Florida,2227
2016-02-07,53.94995517932442,Florida,2228
2016-02-08,59.11555054188614,Florida,2229
2016-02-09,43.10564561953049,Florida,2230
2016-02-10,39.4221429581056,Florida,2231
2016-02-11,49.2603907975067,Florida,2232
2016-02-12,50.64179965194266,Florida,2233
2016-02-13,47.90299027074916,Florida,2234
2016-02-14,61.022388332565896,Florida,2235
2016-02-15,50.703655638453135,Florida,2236
2016-02-16,54.81193248556969,Florida,2237
2016-02-17,57.11347709757336,Florida,2238
2016-02-18,65.03459719094208,Florida,2239
2016-02-19,32.81702658495409,Florida,2240
2016-02-20,33.377553906265526,Florida,2241
2016-02-21,44.53225696447561,Florida,2242
2016-02-22,54.043314830179185,Florida,2243
2016-02-23,49.09666837366914,Florida,2244
2016-02-24,53.379224510252456,Florida,2245
2016-02-25,72.87715018087223,Florida,2246
2016-02-26,47.87357139284022,Florida,2247
2016-02-27,58.482792320892145,Florida,2248
2016-02-28,71.79401301597485,Florida,2249
2016-02-29,51.145551532543365,Florida,2250
2016-03-01,67.64353598195264,Florida,2251
2016-03-02,70.64057674702765,Florida,2252
2016-03-03,45.17758532243983,Florida,2253
2016-03-04,47.93209429927897,Florida,2254
2016-03-05,40.38378558942635,Florida,2255
2016-03-06,46.22537807532241,Florida,2256
2016-03-07,41.84460265453883,Florida,2257
2016-03-08,51.760782697473054,Florida,2258
2016-03-09,48.97622465918937,Florida,2259
2016-03-10,57.25886309803179,Florida,2260
2016-03-11,56.171047100905156,Florida,2261
2016-03-12,41.02714024173193,Florida,2262
2016-03-13,46.91907448233562,Florida,2263
2016-03-14,60.5646830654246,Florida,2264
2016-03-15,61.18373659305486,Florida,2265
2016-03-16,51.34524857519606,Florida,2266
2016-03-17,50.5331273141501,Florida,2267
2016-03-18,31.50221136908774,Florida,2268
2016-03-19,61.259860460145546,Florida,2269
2016-03-20,61.574293171852986,Florida,2270
2016-03-21,65.46949070671175,Florida,2271
2016-03-22,58.261400059597115,Florida,2272
2016-03-23,49.940899565842194,Florida,2273
2016-03-24,39.79025673558169,Florida,2274
2016-03-25,49.35271397104174,Florida,2275
2016-03-26,62.48834827313981,Florida,2276
2016-03-27,76.11940082301396,Florida,2277
2016-03-28,53.77460399558227,Florida,2278
2016-03-29,56.93087439789363,Florida,2279
2016-03-30,40.08238957401529,Florida,2280
2016-03-31,66.78484807751481,Florida,2281
2016-04-01,44.58367186900769,Florida,2282
2016-04-02,59.557429235993524,Florida,2283
2016-04-03,44.29766281435197,Florida,2284
2016-04-04,56.30280969541702,Florida,2285
2016-04-05,50.52283626063114,Florida,2286
2016-04-06,52.34394013863366,Florida,2287
2016-04-07,59.10277768167899,Florida,2288
2016-04-08,78.86670947398817,Florida,2289
2016-04-09,53.98380713097806,Florida,2290
2016-04-10,55.928959231858386,Florida,2291
2016-04-11,55.60508413203732,Florida,2292
2016-04-12,49.774749509954496,Florida,2293
2016-04-13,41.55993205176613,Florida,2294
2016-04-14,68.26572284846323,Florida,2295
2016-04-15,51.23442914253735,Florida,2296
2016-04-16,60.18399814789573,Florida,2297
2016-04-17,58.96984553764047,Florida,2298
2016-04-18,66.3650242067931,Florida,2299
2016-04-19,65.69024316900861,Florida,2300
2016-04-20,64.78314366861093,Florida,2301
2016-04-21,50.12040674583047,Florida,2302
2016-04-22,52.131407443709655,Florida,2303
2016-04-23,59.81584880055192,Florida,2304
2016-04-24,35.385309221586375,Florida,2305
2016-04-25,51.79930506098715,Florida,2306
2016-04-26,39.06267764568784,Florida,2307
2016-04-27,34.23250003064642,Florida,2308
2016-04-28,43.419231647364754,Florida,2309
2016-04-29,58.70041701556161,Florida,2310
2016-04-30,39.322429023975474,Florida,2311
2016-05-01,23.77791823894629,Florida,2312
2016-05-02,44.74967071588104,Florida,2313
2016-05-03,51.056468801724,Florida,2314
2016-05-04,25.891128673763188,Florida,2315
2016-05-05,71.95571869849572,Florida,2316
2016-05-06,34.9561169182619,Florida,2317
2016-05-07,44.033061829358616,Florida,2318
2016-05-08,34.145659337515454,Florida,2319
2016-05-09,39.457556168552316,Florida,2320
2016-05-10,53.28800926415455,Florida,2321
2016-05-11,69.45969513715623,Florida,2322
2016-05-12,32.26622707138719,Florida,2323
2016-05-13,56.58025129407077,Florida,2324
2016-05-14,55.21528317052659,Florida,2325
2016-05-15,38.90627173080351,Florida,2326
2016-05-16,46.41887163051127,Florida,2327
2016-05-17,42.271252475037514,Florida,2328
2016-05-18,41.64749138415781,Florida,2329
2016-05-19,59.42468638193267,Florida,2330
2016-05-20,44.76673631213863,Florida,2331
2016-05-21,53.80079181446717,Florida,2332
2016-05-22,50.29877895580925,Florida,2333
2016-05-23,61.728930735927314,Florida,2334
2016-05-24,44.736735372631124,Florida,2335
2016-05-25,49.26653670017501,Florida,2336
2016-05-26,48.915485560658475,Florida,2337
2016-05-27,60.21734580365239,Florida,2338
2016-05-28,39.494924249388056,Florida,2339
2016-05-29,49.846622328670165,Florida,2340
2016-05-30,41.879135816651086,Florida,2341
2016-05-31,36.90773820817324,Florida,2342
2016-06-01,48.67405907612838,Florida,2343
2016-06-02,68.7557246266372,Florida,2344
2016-06-03,39.47038391515743,Florida,2345
2016-06-04,54.79749148122164,Florida,2346
2016-06-05,69.93023850969242,Florida,2347
2016-06-06,14.858797643280901,Florida,2348
2016-06-07,41.7009908858812,Florida,2349
2016-06-08,51.7744167228417,Florida,2350
2016-06-09,44.00357236557459,Florida,2351
2016-06-10,51.645327171069596,Florida,2352
2016-06-11,43.60984280230566,Florida,2353
2016-06-12,23.684088179623785,Florida,2354
2016-06-13,41.90326003502678,Florida,2355
2016-06-14,46.79680860914356,Florida,2356
2016-06-15,49.83237126349692,Florida,2357
2016-06-16,42.99133928947877,Florida,2358
2016-06-17,56.84611560244711,Florida,2359
2016-06-18,45.9968101230718,Florida,2360
2016-06-19,36.41228221113522,Florida,2361
2016-06-20,46.79605708314206,Florida,2362
2016-06-21,58.89560134518201,Florida,2363
2016-06-22,49.67438537237991,Florida,2364
2016-06-23,50.81221548708129,Florida,2365
2016-06-24,39.65152809279015,Florida,2366
2016-06-25,47.704950423191605,Florida,2367
2016-06-26,32.16442080186483,Florida,2368
2016-06-27,44.34438710055632,Florida,2369
2016-06-28,45.97563202258727,Florida,2370
2016-06-29,64.67692658876513,Florida,2371
2016-06-30,56.71606355728922,Florida,2372
2016-07-01,42.003038135537544,Florida,2373
2016-07-02,48.03121368065176,Florida,2374
2016-07-03,38.1618868007073,Florida,2375
2016-07-04,46.5252320289,Florida,2376
2016-07-05,55.560268448701734,Florida,2377
2016-07-06,28.19581272676615,Florida,2378
2016-07-07,36.73236977033602,Florida,2379
2016-07-08,58.00611366537221,Florida,2380
2016-07-09,38.19545066139955,Florida,2381
2016-07-10,39.32443475490747,Florida,2382
2016-07-11,33.82085023817418,Florida,2383
2016-07-12,34.80024648193326,Florida,2384
2016-07-13,38.67554692091807,Florida,2385
2016-07-14,43.66609401860112,Florida,2386
2016-07-15,39.384682787483186,Florida,2387
2016-07-16,30.72433843494633,Florida,2388
2016-07-17,47.877730761191046,Florida,2389
2016-07-18,40.73310242015324,Florida,2390
2016-07-19,39.44040697068161,Florida,2391
2016-07-20,53.18953299776507,Florida,2392
2016-07-21,37.77022725394192,Florida,2393
2016-07-22,60.6375718644643,Florida,2394
2016-07-23,34.478342057230186,Florida,2395
2016-07-24,47.16813433666917,Florida,2396
2016-07-25,33.696294502260315,Florida,2397
2016-07-26,37.667179976732115,Florida,2398
2016-07-27,41.82360674747104,Florida,2399
2016-07-28,41.95157156875442,Florida,2400
2016-07-29,17.534546059779444,Florida,2401
2016-07-30,44.89991779785452,Florida,2402
2016-07-31,39.063789982951704,Florida,2403
2016-08-01,31.481886409143083,Florida,2404
2016-08-02,44.09686112894305,Florida,2405
2016-08-03,45.02227859165802,Florida,2406
2016-08-04,37.39825152336597,Florida,2407
2016-08-05,43.03949809792527,Florida,2408
2016-08-06,48.825471928833736,Florida,2409
2016-08-07,33.0122257304798,Florida,2410
2016-08-08,37.08861184246564,Florida,2411
2016-08-09,29.93055606018683,Florida,2412
2016-08-10,33.1176115814267,Florida,2413
2016-08-11,43.2718034694468,Florida,2414
2016-08-12,38.38837248225896,Florida,2415
2016-08-13,35.10087255828255,Florida,2416
2016-08-14,15.408387769031215,Florida,2417
2016-08-15,53.05363965551845,Florida,2418
2016-08-16,54.54040058175347,Florida,2419
2016-08-17,49.63080963521984,Florida,2420
2016-08-18,48.481005468697184,Florida,2421
2016-08-19,40.235318890616846,Florida,2422
2016-08-20,54.3172627930019,Florida,2423
2016-08-21,56.081019398767154,Florida,2424
2016-08-22,24.41421659048949,Florida,2425
2016-08-23,51.41843902078151,Florida,2426
2016-08-24,39.78945362080957,Florida,2427
2016-08-25,37.93865672941318,Florida,2428
2016-08-26,42.75376890355273,Florida,2429
2016-08-27,20.370402609580577,Florida,2430
2016-08-28,24.129098244832704,Florida,2431
2016-08-29,27.41283682146437,Florida,2432
2016-08-30,22.10318997741974,Florida,2433
2016-08-31,29.1980194564672,Florida,2434
2016-09-01,26.03203924128043,Florida,2435
2016-09-02,21.22608941936886,Florida,2436
2016-09-03,20.878824897332613,Florida,2437
2016-09-04,20.23061423659426,Florida,2438
2016-09-05,33.352818514715416,Florida,2439
2016-09-06,49.57082157276143,Florida,2440
2016-09-07,40.43347146249059,Florida,2441
2016-09-08,30.628663006318856,Florida,2442
2016-09-09,26.568196649813466,Florida,2443
2016-09-10,35.62933405255088,Florida,2444
2016-09-11,36.688265566420675,Florida,2445
2016-09-12,26.160646542072065,Florida,2446
2016-09-13,30.99739118893455,Florida,2447
2016-09-14,21.103368257066784,Florida,2448
2016-09-15,33.082866018302916,Florida,2449
2016-09-16,36.560258201208335,Florida,2450
2016-09-17,37.894059578460585,Florida,2451
2016-09-18,29.38370795677352,Florida,2452
2016-09-19,42.504710852302665,Florida,2453
2016-09-20,37.729081946669076,Florida,2454
2016-09-21,39.789344081333624,Florida,2455
2016-09-22,21.8271886245181,Florida,2456
2016-09-23,36.986663096789414,Florida,2457
2016-09-24,36.881189373126276,Florida,2458
2016-09-25,44.78132587207879,Florida,2459
2016-09-26,32.05120127061081,Florida,2460
2016-09-27,7.172238385359556,Florida,2461
2016-09-28,38.33606623306535,Florida,2462
2016-09-29,46.12111755262677,Florida,2463
2016-09-30,26.18318003008336,Florida,2464
2016-10-01,45.645230285731444,Florida,2465
2016-10-02,39.58723333312246,Florida,2466
2016-10-03,32.01930621286454,Florida,2467
2016-10-04,7.12078544899223,Florida,2468
2016-10-05,31.20235798826552,Florida,2469
2016-10-06,31.416948680864596,Florida,2470
2016-10-07,41.71289876395615,Florida,2471
2016-10-08,20.374253460339858,Florida,2472
2016-10-09,29.803537802362012,Florida,2473
2016-10-10,23.564246419597048,Florida,2474
2016-10-11,32.943897722889254,Florida,2475
2016-10-12,33.59746049394273,Florida,2476
2016-10-13,31.491504473979333,Florida,2477
2016-10-14,40.65733747238595,Florida,2478
2016-10-15,24.849421626864586,Florida,2479
2016-10-16,36.257864364030816,Florida,2480
2016-10-17,39.72668603394025,Florida,2481
2016-10-18,42.64820746595591,Florida,2482
2016-10-19,15.67715241077466,Florida,2483
2016-10-20,17.942458196678395,Florida,2484
2016-10-21,35.26813087469333,Florida,2485
2016-10-22,47.026318742152206,Florida,2486
2016-10-23,43.56451219599269,Florida,2487
2016-10-24,47.24594366508559,Florida,2488
2016-10-25,45.14017672963803,Florida,2489
2016-10-26,21.301579452401242,Florida,2490
2016-10-27,55.50884321374056,Florida,2491
2016-10-28,30.94731451114322,Florida,2492
2016-10-29,37.93560333426534,Florida,2493
2016-10-30,33.80345307619323,Florida,2494
2016-10-31,47.06155040488578,Florida,2495
2016-11-01,34.05897260696307,Florida,2496
2016-11-02,40.2078564642633,Florida,2497
2016-11-03,24.755421932038335,Florida,2498
2016-11-04,29.57851862998364,Florida,2499
2016-11-05,32.59180546961505,Florida,2500
2016-11-06,16.075672417312987,Florida,2501
2016-11-07,48.90255742737327,Florida,2502
2016-11-08,28.138402964852446,Florida,2503
2016-11-09,42.92476212739358,Florida,2504
2016-11-10,38.60092099388271,Florida,2505
2016-11-11,34.71906062200443,Florida,2506
2016-11-12,40.5585229281711,Florida,2507
2016-11-13,20.92511791682398,Florida,2508
2016-11-14,36.08680737052117,Florida,2509
2016-11-15,15.44968864013132,Florida,2510
2016-11-16,41.99658213751552,Florida,2511
2016-11-17,40.98936833911796,Florida,2512
2016-11-18,38.72673351998829,Florida,2513
2016-11-19,29.570926343668265,Florida,2514
2016-11-20,37.08470216369095,Florida,2515
2016-11-21,8.444848827722264,Florida,2516
2016-11-22,36.87407439562452,Florida,2517
2016-11-23,46.35116169647972,Florida,2518
2016-11-24,42.4832316845371,Florida,2519
2016-11-25,20.896021306148523,Florida,2520
2016-11-26,26.640351995077065,Florida,2521
2016-11-27,34.09687973923018,Florida,2522
2016-11-28,39.23573672568179,Florida,2523
2016-11-29,56.63800952837831,Florida,2524
2016-11-30,43.29814795970721,Florida,2525
2016-12-01,40.58894220837374,Florida,2526
2016-12-02,19.15367127917687,Florida,2527
2016-12-03,26.041544857717636,Florida,2528
2016-12-04,39.642375801804214,Florida,2529
2016-12-05,42.827870727019516,Florida,2530
2016-12-06,30.744929701957364,Florida,2531
2016-12-07,15.627459502840491,Florida,2532
2016-12-08,48.6520977922601,Florida,2533
2016-12-09,34.5914189199808,Florida,2534
2016-12-10,35.01028897781493,Florida,2535
2016-12-11,45.15007969055853,Florida,2536
2016-12-12,34.091169067344914,Florida,2537
2016-12-13,32.936764712784004,Florida,2538
2016-12-14,30.23308612900453,Florida,2539
2016-12-15,38.86681738431783,Florida,2540
2016-12-16,37.68207223911721,Florida,2541
2016-12-17,38.01213583731898,Florida,2542
2016-12-18,41.72627297826283,Florida,2543
2016-12-19,14.994735241003497,Florida,2544
2016-12-20,42.42058910975093,Florida,2545
2016-12-21,37.7772858414193,Florida,2546
2016-12-22,26.092481319260564,Florida,2547
2016-12-23,53.00085689772477,Florida,2548
2016-12-24,38.86404000662324,Florida,2549
2016-12-25,43.74554848426644,Florida,2550
2016-12-26,44.455196276841576,Florida,2551
2016-12-27,39.1829837520507,Florida,2552
2016-12-28,51.76137968171717,Florida,2553
2016-12-29,40.56313672426294,Florida,2554
2016-12-30,56.30007208213512,Florida,2555
2016-12-31,66.21829549856861,Florida,2556
2017-01-01,29.822117340345386,Florida,2557
2017-01-02,40.48867164478586,Florida,2558
2017-01-03,64.08389513675674,Florida,2559
2017-01-04,48.463318564409605,Florida,2560
2017-01-05,39.0003674239725,Florida,2561
2017-01-06,42.14627839567382,Florida,2562
2017-01-07,38.54647339274109,Florida,2563
2017-01-08,40.16383934794899,Florida,2564
2017-01-09,30.879764428329555,Florida,2565
2017-01-10,61.227699649563114,Florida,2566
2017-01-11,55.4832784259955,Florida,2567
2017-01-12,34.38187066753739,Florida,2568
2017-01-13,47.51776653255466,Florida,2569
2017-01-14,49.161003612226764,Florida,2570
2017-01-15,40.5455325065095,Florida,2571
2017-01-16,41.103781112156284,Florida,2572
2017-01-17,23.86777424686745,Florida,2573
2017-01-18,58.874901866602684,Florida,2574
2017-01-19,37.70634348411181,Florida,2575
2017-01-20,29.800267573664556,Florida,2576
2017-01-21,47.5624727639425,Florida,2577
2017-01-22,44.342879184327984,Florida,2578
2017-01-23,40.9572155676709,Florida,2579
2017-01-24,46.19913737697219,Florida,2580
2017-01-25,64.3495432314786,Florida,2581
2017-01-26,54.935612290381854,Florida,2582
2017-01-27,52.60408096516323,Florida,2583
2017-01-28,47.83627086125141,Florida,2584
2017-01-29,37.83867030243227,Florida,2585
2017-01-30,44.70744363036984,Florida,2586
2017-01-31,61.06208732036772,Florida,2587
2017-02-01,41.071175425115214,Florida,2588
2017-02-02,36.28013277286193,Florida,2589
2017-02-03,29.652340456866025,Florida,2590
2017-02-04,45.63921931165657,Florida,2591
2017-02-05,32.95830910533011,Florida,2592
2017-02-06,45.70920550539912,Florida,2593
2017-02-07,56.35492120463312,Florida,2594
2017-02-08,46.52953837475382,Florida,2595
2017-02-09,36.48797045515935,Florida,2596
2017-02-10,56.717138720543566,Florida,2597
2017-02-11,67.65013078755288,Florida,2598
2017-02-12,46.174535431079896,Florida,2599
2017-02-13,65.18893775872985,Florida,2600
2017-02-14,54.156583600540465,Florida,2601
2017-02-15,42.07812406517779,Florida,2602
2017-02-16,70.05496930480604,Florida,2603
2017-02-17,45.464446640416966,Florida,2604
2017-02-18,53.71165859693998,Florida,2605
2017-02-19,37.06448072750266,Florida,2606
2017-02-20,64.03160696472926,Florida,2607
2017-02-21,38.67122145403049,Florida,2608
2017-02-22,41.52622550767231,Florida,2609
2017-02-23,66.7687164565322,Florida,2610
2017-02-24,49.05174424440529,Florida,2611
2017-02-25,59.06190817863646,Florida,2612
2017-02-26,58.145535818838,Florida,2613
2017-02-27,43.94625980844215,Florida,2614
2017-02-28,44.57706932546019,Florida,2615
2017-03-01,64.22776368724537,Florida,2616
2017-03-02,67.55121553447594,Florida,2617
2017-03-03,43.787316009950935,Florida,2618
2017-03-04,33.84314322263825,Florida,2619
2017-03-05,55.05565732488779,Florida,2620
2017-03-06,50.52364679057894,Florida,2621
2017-03-07,42.83789150939387,Florida,2622
2017-03-08,40.85901170082728,Florida,2623
2017-03-09,56.20733459057333,Florida,2624
2017-03-10,50.822959767089785,Florida,2625
2017-03-11,44.82625536221897,Florida,2626
2017-03-12,52.71168270252421,Florida,2627
2017-03-13,49.26479780385725,Florida,2628
2017-03-14,55.822950942502956,Florida,2629
2017-03-15,60.436439035456,Florida,2630
2017-03-16,49.684407269713304,Florida,2631
2017-03-17,51.79434793203516,Florida,2632
2017-03-18,36.34196790988594,Florida,2633
2017-03-19,66.24102603932425,Florida,2634
2017-03-20,54.30566166645015,Florida,2635
2017-03-21,56.148206183376324,Florida,2636
2017-03-22,62.621259166113035,Florida,2637
2017-03-23,49.559279904309534,Florida,2638
2017-03-24,37.86047664711065,Florida,2639
2017-03-25,60.02463311798142,Florida,2640
2017-03-26,56.02480967252578,Florida,2641
2017-03-27,41.162680245732034,Florida,2642
2017-03-28,32.0455841777288,Florida,2643
2017-03-29,68.58114301310835,Florida,2644
2017-03-30,52.70684365490965,Florida,2645
2017-03-31,42.093601193583766,Florida,2646
2017-04-01,49.599738608661404,Florida,2647
2017-04-02,39.00407335012208,Florida,2648
2017-04-03,45.48769839550016,Florida,2649
2017-04-04,63.25691286638172,Florida,2650
2017-04-05,71.21031509829746,Florida,2651
2017-04-06,46.90937010778309,Florida,2652
2017-04-07,57.89205242867902,Florida,2653
2017-04-08,55.358121850601414,Florida,2654
2017-04-09,70.9569509206713,Florida,2655
2017-04-10,69.05756066479913,Florida,2656
2017-04-11,51.02516294646494,Florida,2657
2017-04-12,58.961730685672315,Florida,2658
2017-04-13,45.61418637736178,Florida,2659
2017-04-14,34.752231113340216,Florida,2660
2017-04-15,54.640395654674016,Florida,2661
2017-04-16,52.50997807287064,Florida,2662
2017-04-17,20.769748316280875,Florida,2663
2017-04-18,51.00504085219196,Florida,2664
2017-04-19,52.30505118961876,Florida,2665
2017-04-20,66.38121719712427,Florida,2666
2017-04-21,39.914426052250974,Florida,2667
2017-04-22,65.00652858260297,Florida,2668
2017-04-23,44.08205143581257,Florida,2669
2017-04-24,52.43749679393968,Florida,2670
2017-04-25,63.65855439267687,Florida,2671
2017-04-26,48.019697940417345,Florida,2672
2017-04-27,37.4604678754695,Florida,2673
2017-04-28,52.862832056031884,Florida,2674
2017-04-29,56.22417647182005,Florida,2675
2017-04-30,40.28145112024403,Florida,2676
2017-05-01,45.993451141255385,Florida,2677
2017-05-02,66.94409181904439,Florida,2678
2017-05-03,28.168184305464102,Florida,2679
2017-05-04,39.223931879007296,Florida,2680
2017-05-05,58.70463720958336,Florida,2681
2017-05-06,41.401783536034195,Florida,2682
2017-05-07,39.990232980498256,Florida,2683
2017-05-08,52.59645348980572,Florida,2684
2017-05-09,59.59324663532758,Florida,2685
2017-05-10,54.17303976539723,Florida,2686
2017-05-11,51.53227850628569,Florida,2687
2017-05-12,49.19346544633468,Florida,2688
2017-05-13,60.12932606261546,Florida,2689
2017-05-14,50.48844417944162,Florida,2690
2017-05-15,25.5717200188461,Florida,2691
2017-05-16,37.07641665536772,Florida,2692
2017-05-17,26.130444558937494,Florida,2693
2017-05-18,38.29089802866039,Florida,2694
2017-05-19,50.12510556103209,Florida,2695
2017-05-20,48.055676071403006,Florida,2696
2017-05-21,32.42115878734795,Florida,2697
2017-05-22,59.53775592653958,Florida,2698
2017-05-23,51.57965685771319,Florida,2699
2017-05-24,43.38195410907872,Florida,2700
2017-05-25,40.49173537539492,Florida,2701
2017-05-26,54.37508695282101,Florida,2702
2017-05-27,17.12635956913566,Florida,2703
2017-05-28,33.70717586639724,Florida,2704
2017-05-29,57.16016440692241,Florida,2705
2017-05-30,45.56986979134025,Florida,2706
2017-05-31,49.85320621963892,Florida,2707
2017-06-01,60.07546693020838,Florida,2708
2017-06-02,53.003697544993265,Florida,2709
2017-06-03,30.95356061467433,Florida,2710
2017-06-04,32.954068988840845,Florida,2711
2017-06-05,42.39693019007708,Florida,2712
2017-06-06,64.16569639919211,Florida,2713
2017-06-07,42.51520525035386,Florida,2714
2017-06-08,54.024631669603686,Florida,2715
2017-06-09,33.9914740069447,Florida,2716
2017-06-10,42.434832279691925,Florida,2717
2017-06-11,43.964590687182806,Florida,2718
2017-06-12,34.11362997720762,Florida,2719
2017-06-13,63.56113787708524,Florida,2720
2017-06-14,41.53831974374634,Florida,2721
2017-06-15,32.6720224992531,Florida,2722
2017-06-16,32.86573274572782,Florida,2723
2017-06-17,34.536027559143,Florida,2724
2017-06-18,53.426357304217184,Florida,2725
2017-06-19,43.034424521385404,Florida,2726
2017-06-20,31.219006653194732,Florida,2727
2017-06-21,53.2428153638068,Florida,2728
2017-06-22,57.721625681661614,Florida,2729
2017-06-23,41.102319818614525,Florida,2730
2017-06-24,38.386101398821715,Florida,2731
2017-06-25,57.93324534084942,Florida,2732
2017-06-26,48.24956697615233,Florida,2733
2017-06-27,38.48602170612732,Florida,2734
2017-06-28,20.307393294235013,Florida,2735
2017-06-29,50.18616645357753,Florida,2736
2017-06-30,55.79287387062753,Florida,2737
2017-07-01,50.31218529420064,Florida,2738
2017-07-02,45.42362788349512,Florida,2739
2017-07-03,56.01264458595987,Florida,2740
2017-07-04,52.69511224364288,Florida,2741
2017-07-05,42.04184353540513,Florida,2742
2017-07-06,31.573236034044783,Florida,2743
2017-07-07,46.65364437522646,Florida,2744
2017-07-08,41.81835418082596,Florida,2745
2017-07-09,33.72798218968121,Florida,2746
2017-07-10,71.09320870774397,Florida,2747
2017-07-11,39.1878318729337,Florida,2748
2017-07-12,40.00724275096129,Florida,2749
2017-07-13,31.879500564610066,Florida,2750
2017-07-14,28.0815721012358,Florida,2751
2017-07-15,19.481883666385325,Florida,2752
2017-07-16,52.866855092980146,Florida,2753
2017-07-17,25.239854522744817,Florida,2754
2017-07-18,47.51385223818612,Florida,2755
2017-07-19,38.34026656665917,Florida,2756
2017-07-20,40.66595761039538,Florida,2757
2017-07-21,41.73962747821021,Florida,2758
2017-07-22,30.978146112618248,Florida,2759
2017-07-23,31.730884870501285,Florida,2760
2017-07-24,40.40491965490066,Florida,2761
2017-07-25,46.260926038403085,Florida,2762
2017-07-26,48.29385690330383,Florida,2763
2017-07-27,44.57819589459915,Florida,2764
2017-07-28,34.75452843274273,Florida,2765
2017-07-29,39.783320222279166,Florida,2766
2017-07-30,42.99271641213207,Florida,2767
2017-07-31,17.935774268958493,Florida,2768
2017-08-01,41.99519940463802,Florida,2769
2017-08-02,39.366711666035215,Florida,2770
2017-08-03,26.304883946053202,Florida,2771
2017-08-04,56.418581316137534,Florida,2772
2017-08-05,33.75111992718115,Florida,2773
2017-08-06,46.50264726637924,Florida,2774
2017-08-07,40.04940952131116,Florida,2775
2017-08-08,39.526841884206874,Florida,2776
2017-08-09,36.67136413108791,Florida,2777
2017-08-10,14.983627036175314,Florida,2778
2017-08-11,27.36481144551545,Florida,2779
2017-08-12,35.75887738607984,Florida,2780
2017-08-13,51.50887716192379,Florida,2781
2017-08-14,40.03712929756771,Florida,2782
2017-08-15,33.124666545714824,Florida,2783
2017-08-16,44.421868181429105,Florida,2784
2017-08-17,27.967998187605783,Florida,2785
2017-08-18,26.25135402433056,Florida,2786
2017-08-19,37.16978435091627,Florida,2787
2017-08-20,20.27977977307821,Florida,2788
2017-08-21,40.0431888203173,Florida,2789
2017-08-22,41.60077964241216,Florida,2790
2017-08-23,38.11571674590427,Florida,2791
2017-08-24,32.34689482036293,Florida,2792
2017-08-25,36.28592851874691,Florida,2793
2017-08-26,16.211253840428096,Florida,2794
2017-08-27,43.620092833591535,Florida,2795
2017-08-28,45.88226906613363,Florida,2796
2017-08-29,42.60909522104231,Florida,2797
2017-08-30,38.968275332990956,Florida,2798
2017-08-31,40.82620430372476,Florida,2799
2017-09-01,47.62049540432027,Florida,2800
2017-09-02,30.91866786141759,Florida,2801
2017-09-03,64.19176445575943,Florida,2802
2017-09-04,12.773656563722415,Florida,2803
2017-09-05,27.575742870821898,Florida,2804
2017-09-06,46.537207474421024,Florida,2805
2017-09-07,40.015275030138035,Florida,2806
2017-09-08,32.35966932698583,Florida,2807
2017-09-09,46.63225389550428,Florida,2808
2017-09-10,40.62452877435834,Florida,2809
2017-09-11,39.707013640809144,Florida,2810
2017-09-12,38.27899356777139,Florida,2811
2017-09-13,48.33709815068869,Florida,2812
2017-09-14,42.26938914360979,Florida,2813
2017-09-15,23.553960937272272,Florida,2814
2017-09-16,44.2394096739273,Florida,2815
2017-09-17,21.470568490949475,Florida,2816
2017-09-18,25.9911080091364,Florida,2817
2017-09-19,31.693725877231977,Florida,2818
2017-09-20,22.61428688179158,Florida,2819
2017-09-21,16.518191284661558,Florida,2820
2017-09-22,26.320656962158594,Florida,2821
2017-09-23,26.421986777055437,Florida,2822
2017-09-24,47.93750279170523,Florida,2823
2017-09-25,26.225057929806493,Florida,2824
2017-09-26,39.366713760991246,Florida,2825
2017-09-27,32.964265766886705,Florida,2826
2017-09-28,27.97552854369879,Florida,2827
2017-09-29,52.24817881025588,Florida,2828
2017-09-30,44.25387233011447,Florida,2829
2017-10-01,32.38994838576648,Florida,2830
2017-10-02,34.29388890670748,Florida,2831
2017-10-03,25.738968692867573,Florida,2832
2017-10-04,46.61900779802096,Florida,2833
2017-10-05,41.73247880093751,Florida,2834
2017-10-06,27.95609460081299,Florida,2835
2017-10-07,32.43720736839967,Florida,2836
2017-10-08,23.433888365146473,Florida,2837
2017-10-09,42.30387663284739,Florida,2838
2017-10-10,25.874588310830376,Florida,2839
2017-10-11,23.90882476402099,Florida,2840
2017-10-12,48.97918101858684,Florida,2841
2017-10-13,33.52863592222144,Florida,2842
2017-10-14,38.05697220343296,Florida,2843
2017-10-15,26.558168436511192,Florida,2844
2017-10-16,35.993296600685845,Florida,2845
2017-10-17,22.065914210565666,Florida,2846
2017-10-18,41.11594786114639,Florida,2847
2017-10-19,31.34791383746048,Florida,2848
2017-10-20,39.241299479642116,Florida,2849
2017-10-21,26.726850371953994,Florida,2850
2017-10-22,35.2091941064747,Florida,2851
2017-10-23,34.698439233120496,Florida,2852
2017-10-24,25.946925441093747,Florida,2853
2017-10-25,36.89748506706547,Florida,2854
2017-10-26,23.9453422099336,Florida,2855
2017-10-27,24.23789731150719,Florida,2856
2017-10-28,13.472208311654558,Florida,2857
2017-10-29,32.81327236175586,Florida,2858
2017-10-30,25.03039064403317,Florida,2859
2017-10-31,66.1791828200303,Florida,2860
2017-11-01,45.62568954852001,Florida,2861
2017-11-02,41.00516286413746,Florida,2862
2017-11-03,32.83887643206376,Florida,2863
2017-11-04,44.750281917827344,Florida,2864
2017-11-05,34.31611143285256,Florida,2865
2017-11-06,46.56067039817676,Florida,2866
2017-11-07,25.75725012863668,Florida,2867
2017-11-08,22.585773053043432,Florida,2868
2017-11-09,45.71020390908368,Florida,2869
2017-11-10,37.82307330839142,Florida,2870
2017-11-11,23.745643711858104,Florida,2871
2017-11-12,39.846234523054335,Florida,2872
2017-11-13,36.39101078266156,Florida,2873
2017-11-14,24.88021666255785,Florida,2874
2017-11-15,44.67738468959828,Florida,2875
2017-11-16,45.71394253892102,Florida,2876
2017-11-17,50.442840097788576,Florida,2877
2017-11-18,39.43961640422893,Florida,2878
2017-11-19,40.57060808651529,Florida,2879
2017-11-20,42.37528315787422,Florida,2880
2017-11-21,51.07776928785647,Florida,2881
2017-11-22,31.020651688190295,Florida,2882
2017-11-23,34.471809077562995,Florida,2883
2017-11-24,36.230994472667916,Florida,2884
2017-11-25,31.69932141880982,Florida,2885
2017-11-26,23.22675673467905,Florida,2886
2017-11-27,37.563945227593756,Florida,2887
2017-11-28,42.885175059410294,Florida,2888
2017-11-29,39.421579912064715,Florida,2889
2017-11-30,50.945284892326534,Florida,2890
2017-12-01,33.02999166092896,Florida,2891
2017-12-02,54.138622475351234,Florida,2892
2017-12-03,48.88930468926984,Florida,2893
2017-12-04,49.6333465079476,Florida,2894
2017-12-05,32.53214747644561,Florida,2895
2017-12-06,23.613464574162933,Florida,2896
2017-12-07,33.63334419397579,Florida,2897
2017-12-08,2.8171684269285606,Florida,2898
2017-12-09,51.403449310874095,Florida,2899
2017-12-10,29.910684967526205,Florida,2900
2017-12-11,48.218971686149246,Florida,2901
2017-12-12,48.31069442200037,Florida,2902
2017-12-13,46.816569614491954,Florida,2903
2017-12-14,38.446688913671345,Florida,2904
2017-12-15,32.98561352226347,Florida,2905
2017-12-16,32.99512134187109,Florida,2906
2017-12-17,38.407207491647625,Florida,2907
2017-12-18,23.40814460844513,Florida,2908
2017-12-19,17.11216247603737,Florida,2909
2017-12-20,57.10446572708656,Florida,2910
2017-12-21,34.230040324558495,Florida,2911
2017-12-22,42.4251610392821,Florida,2912
2017-12-23,33.95097768327127,Florida,2913
2017-12-24,53.50442107287692,Florida,2914
2017-12-25,38.55869816051425,Florida,2915
2017-12-26,16.01107263072511,Florida,2916
2017-12-27,38.38126587848393,Florida,2917
2017-12-28,37.13622479123546,Florida,2918
2017-12-29,43.25494358518714,Florida,2919
2017-12-30,44.79770457189609,Florida,2920
2017-12-31,40.938559853563945,Florida,2921
2018-01-01,47.58791394666055,Florida,2922
2018-01-02,55.94117962601329,Florida,2923
2018-01-03,36.14844250593839,Florida,2924
2018-01-04,62.47112470246779,Florida,2925
2018-01-05,23.76293796900117,Florida,2926
2018-01-06,28.513914153779062,Florida,2927
2018-01-07,27.745024897465342,Florida,2928
2018-01-08,40.727484493526575,Florida,2929
2018-01-09,34.24319277520375,Florida,2930
2018-01-10,24.554196966337948,Florida,2931
2018-01-11,47.94454907767902,Florida,2932
2018-01-12,45.44327275442033,Florida,2933
2018-01-13,27.886245255911245,Florida,2934
2018-01-14,50.47093277742362,Florida,2935
2018-01-15,31.46086790197877,Florida,2936
2018-01-16,58.371681928037745,Florida,2937
2018-01-17,46.320319342078186,Florida,2938
2018-01-18,40.44648661839982,Florida,2939
2018-01-19,64.8052965771144,Florida,2940
2018-01-20,48.183665634281766,Florida,2941
2018-01-21,64.69344555087126,Florida,2942
2018-01-22,38.93263793908184,Florida,2943
2018-01-23,53.09288838652189,Florida,2944
2018-01-24,40.65661457310271,Florida,2945
2018-01-25,39.748855800825545,Florida,2946
2018-01-26,41.871036678708485,Florida,2947
2018-01-27,36.54888829200301,Florida,2948
2018-01-28,42.592088446746914,Florida,2949
2018-01-29,39.21494857751743,Florida,2950
2018-01-30,27.746595732532974,Florida,2951
2018-01-31,47.20162406142404,Florida,2952
2018-02-01,23.490704541935116,Florida,2953
2018-02-02,54.02974085636555,Florida,2954
2018-02-03,36.45577025246594,Florida,2955
2018-02-04,50.203398755671834,Florida,2956
2018-02-05,46.975991787408304,Florida,2957
2018-02-06,65.15813290855735,Florida,2958
2018-02-07,43.11143390238183,Florida,2959
2018-02-08,37.383166434204185,Florida,2960
2018-02-09,35.79265156995483,Florida,2961
2018-02-10,37.41190551786893,Florida,2962
2018-02-11,44.961252254804755,Florida,2963
2018-02-12,26.838120947559556,Florida,2964
2018-02-13,38.690195316561166,Florida,2965
2018-02-14,63.16627093127207,Florida,2966
2018-02-15,33.05357306010216,Florida,2967
2018-02-16,54.225043987750254,Florida,2968
2018-02-17,51.295654802521014,Florida,2969
2018-02-18,51.58393184967627,Florida,2970
2018-02-19,43.4071677111181,Florida,2971
2018-02-20,49.04097230645075,Florida,2972
2018-02-21,44.144000193303846,Florida,2973
2018-02-22,66.6156683898734,Florida,2974
2018-02-23,66.56641523112987,Florida,2975
2018-02-24,59.28145799003171,Florida,2976
2018-02-25,40.52845800345237,Florida,2977
2018-02-26,45.964389304180656,Florida,2978
2018-02-27,41.81953034044627,Florida,2979
2018-02-28,50.742143875937224,Florida,2980
2018-03-01,50.963816526837356,Florida,2981
2018-03-02,41.67231782708955,Florida,2982
2018-03-03,56.909566164570435,Florida,2983
2018-03-04,56.501686996438906,Florida,2984
2018-03-05,43.58451150283335,Florida,2985
2018-03-06,61.23327128357885,Florida,2986
2018-03-07,41.782286271768875,Florida,2987
2018-03-08,48.648815426933346,Florida,2988
2018-03-09,53.91152268325346,Florida,2989
2018-03-10,57.577511525467344,Florida,2990
2018-03-11,54.387036242979335,Florida,2991
2018-03-12,39.42641792522356,Florida,2992
2018-03-13,52.370208526724326,Florida,2993
2018-03-14,51.77645804022034,Florida,2994
2018-03-15,47.32437948811728,Florida,2995
2018-03-16,52.11770714376862,Florida,2996
2018-03-17,50.64945359637432,Florida,2997
2018-03-18,49.37714153911628,Florida,2998
2018-03-19,60.73534332647701,Florida,2999
2018-03-20,49.122274132782586,Florida,3000
2018-03-21,49.590388211389254,Florida,3001
2018-03-22,52.920669009837226,Florida,3002
2018-03-23,58.175615408619265,Florida,3003
2018-03-24,48.81562522899234,Florida,3004
2018-03-25,55.13968147075277,Florida,3005
2018-03-26,54.573972230166206,Florida,3006
2018-03-27,45.92572936545761,Florida,3007
2018-03-28,46.39249933257386,Florida,3008
2018-03-29,50.372949442660705,Florida,3009
2018-03-30,51.45470987307844,Florida,3010
2018-03-31,53.07005345871219,Florida,3011
2018-04-01,66.72666726396359,Florida,3012
2018-04-02,77.30085916657063,Florida,3013
2018-04-03,62.850597755511814,Florida,3014
2018-04-04,59.45896382287481,Florida,3015
2018-04-05,54.55711719855657,Florida,3016
2018-04-06,60.108693441782705,Florida,3017
2018-04-07,43.755755990193435,Florida,3018
2018-04-08,45.83664477186074,Florida,3019
2018-04-09,70.83560487115167,Florida,3020
2018-04-10,62.41579151412578,Florida,3021
2018-04-11,34.847910246033436,Florida,3022
2018-04-12,66.1926771753208,Florida,3023
2018-04-13,39.70301815372956,Florida,3024
2018-04-14,65.73922978923943,Florida,3025
2018-04-15,58.23012675301792,Florida,3026
2018-04-16,40.99687275055807,Florida,3027
2018-04-17,42.82601343764176,Florida,3028
2018-04-18,52.07508112602589,Florida,3029
2018-04-19,59.46275034307244,Florida,3030
2018-04-20,46.89674479453199,Florida,3031
2018-04-21,49.64220727639422,Florida,3032
2018-04-22,46.14289140603014,Florida,3033
2018-04-23,56.62118648657217,Florida,3034
2018-04-24,31.514294271739484,Florida,3035
2018-04-25,49.41003352762867,Florida,3036
2018-04-26,35.790255173516655,Florida,3037
2018-04-27,53.90010878802142,Florida,3038
2018-04-28,46.45416410303117,Florida,3039
2018-04-29,49.75662454926066,Florida,3040
2018-04-30,42.046654450859776,Florida,3041
2018-05-01,36.40517210080602,Florida,3042
2018-05-02,59.52983098889404,Florida,3043
2018-05-03,41.039327553692715,Florida,3044
2018-05-04,50.30871671776857,Florida,3045
2018-05-05,47.87306982769589,Florida,3046
2018-05-06,60.489797453826895,Florida,3047
2018-05-07,46.95440764183607,Florida,3048
2018-05-08,45.91177301782363,Florida,3049
2018-05-09,36.912165173565604,Florida,3050
2018-05-10,41.305534078953144,Florida,3051
2018-05-11,43.51886477063391,Florida,3052
2018-05-12,45.25271791790562,Florida,3053
2018-05-13,59.630726910816094,Florida,3054
2018-05-14,44.959688640572985,Florida,3055
2018-05-15,24.286967229060508,Florida,3056
2018-05-16,31.17393849609349,Florida,3057
2018-05-17,46.895017794636914,Florida,3058
2018-05-18,51.54942865178743,Florida,3059
2018-05-19,66.76494781691466,Florida,3060
2018-05-20,59.25923679733699,Florida,3061
2018-05-21,34.18973422642499,Florida,3062
2018-05-22,34.74018731962984,Florida,3063
2018-05-23,52.12551201213692,Florida,3064
2018-05-24,54.19076062355387,Florida,3065
2018-05-25,53.70939241890228,Florida,3066
2018-05-26,61.586580017940555,Florida,3067
2018-05-27,47.01150304856152,Florida,3068
2018-05-28,43.894701393455165,Florida,3069
2018-05-29,33.04677055898244,Florida,3070
2018-05-30,34.265965109395836,Florida,3071
2018-05-31,31.958729390573062,Florida,3072
2018-06-01,55.21756777202415,Florida,3073
2018-06-02,45.23216907963844,Florida,3074
2018-06-03,51.05113477554822,Florida,3075
2018-06-04,37.83100946540367,Florida,3076
2018-06-05,64.85934267372055,Florida,3077
2018-06-06,44.604541194206945,Florida,3078
2018-06-07,53.82464151705887,Florida,3079
2018-06-08,48.70701823771521,Florida,3080
2018-06-09,32.51299035856002,Florida,3081
2018-06-10,45.99671929040713,Florida,3082
2018-06-11,50.664530527378844,Florida,3083
2018-06-12,40.014423598592856,Florida,3084
2018-06-13,35.92747154690485,Florida,3085
2018-06-14,57.60023359005106,Florida,3086
2018-06-15,58.425849511965055,Florida,3087
2018-06-16,34.377750463698554,Florida,3088
2018-06-17,47.739239713532214,Florida,3089
2018-06-18,24.208989227174353,Florida,3090
2018-06-19,64.44914098034772,Florida,3091
2018-06-20,51.36876120974141,Florida,3092
2018-06-21,29.34145836036968,Florida,3093
2018-06-22,32.30152738778621,Florida,3094
2018-06-23,52.45980895447681,Florida,3095
2018-06-24,45.67284651097108,Florida,3096
2018-06-25,49.03615035418598,Florida,3097
2018-06-26,34.30892876325077,Florida,3098
2018-06-27,49.71627300365225,Florida,3099
2018-06-28,39.60393168750054,Florida,3100
2018-06-29,38.39116774072331,Florida,3101
2018-06-30,45.28913318866919,Florida,3102
2018-07-01,35.66309746008043,Florida,3103
2018-07-02,47.702606885256984,Florida,3104
2018-07-03,49.220311685618356,Florida,3105
2018-07-04,54.90577333970607,Florida,3106
2018-07-05,38.38566602900049,Florida,3107
2018-07-06,30.199562467066507,Florida,3108
2018-07-07,55.90308312693846,Florida,3109
2018-07-08,47.88680500175573,Florida,3110
2018-07-09,37.67819732120005,Florida,3111
2018-07-10,65.67848559834749,Florida,3112
2018-07-11,38.30998431001855,Florida,3113
2018-07-12,60.52804451305664,Florida,3114
2018-07-13,33.483826307347194,Florida,3115
2018-07-14,30.879706166984803,Florida,3116
2018-07-15,50.74987380211926,Florida,3117
2018-07-16,33.40870553664109,Florida,3118
2018-07-17,48.81130664279233,Florida,3119
2018-07-18,34.30759385267997,Florida,3120
2018-07-19,44.287218667415644,Florida,3121
2018-07-20,49.14556704498962,Florida,3122
2018-07-21,40.37271828965795,Florida,3123
2018-07-22,32.000545360297245,Florida,3124
2018-07-23,40.39224096793273,Florida,3125
2018-07-24,30.3022131286002,Florida,3126
2018-07-25,39.92700303157183,Florida,3127
2018-07-26,33.851662887829264,Florida,3128
2018-07-27,30.094645542199082,Florida,3129
2018-07-28,48.52732573829879,Florida,3130
2018-07-29,26.968784933941745,Florida,3131
2018-07-30,44.444916149974425,Florida,3132
2018-07-31,28.733772100369634,Florida,3133
2018-08-01,45.95301034651413,Florida,3134
2018-08-02,37.32945951365005,Florida,3135
2018-08-03,36.72183471352078,Florida,3136
2018-08-04,14.520796181630175,Florida,3137
2018-08-05,7.491116461811131,Florida,3138
2018-08-06,55.353488974919955,Florida,3139
2018-08-07,27.579985383698833,Florida,3140
2018-08-08,25.957119671986895,Florida,3141
2018-08-09,14.89672119501353,Florida,3142
2018-08-10,50.33837155953847,Florida,3143
2018-08-11,33.067133740006774,Florida,3144
2018-08-12,34.462057176069685,Florida,3145
2018-08-13,29.004645899048757,Florida,3146
2018-08-14,42.071545941575884,Florida,3147
2018-08-15,36.19825556271495,Florida,3148
2018-08-16,27.853955889213786,Florida,3149
2018-08-17,35.41467606372367,Florida,3150
2018-08-18,38.81524969484308,Florida,3151
2018-08-19,19.29270109505522,Florida,3152
2018-08-20,55.8808164766587,Florida,3153
2018-08-21,25.369714165368883,Florida,3154
2018-08-22,34.51702712010167,Florida,3155
2018-08-23,41.309772122887395,Florida,3156
2018-08-24,25.505267525514522,Florida,3157
2018-08-25,36.82756579958403,Florida,3158
2018-08-26,33.23486911840779,Florida,3159
2018-08-27,24.018027772896545,Florida,3160
2018-08-28,47.47677122607517,Florida,3161
2018-08-29,22.185499049005557,Florida,3162
2018-08-30,41.51077814731619,Florida,3163
2018-08-31,23.36691495172498,Florida,3164
2018-09-01,39.17518892524977,Florida,3165
2018-09-02,28.03051194029776,Florida,3166
2018-09-03,37.17476457886481,Florida,3167
2018-09-04,31.44596444046935,Florida,3168
2018-09-05,37.304041090568745,Florida,3169
2018-09-06,23.49733506512426,Florida,3170
2018-09-07,42.46732112756365,Florida,3171
2018-09-08,50.694030372315254,Florida,3172
2018-09-09,35.129888835392386,Florida,3173
2018-09-10,40.94986058468065,Florida,3174
2018-09-11,22.098980122558963,Florida,3175
2018-09-12,16.98986222478407,Florida,3176
2018-09-13,23.592001064396428,Florida,3177
2018-09-14,43.582980873999055,Florida,3178
2018-09-15,26.24606878681376,Florida,3179
2018-09-16,13.930120533588756,Florida,3180
2018-09-17,20.813285262069456,Florida,3181
2018-09-18,29.300995829946658,Florida,3182
2018-09-19,29.929188852064904,Florida,3183
2018-09-20,44.70728057608204,Florida,3184
2018-09-21,35.38603892740499,Florida,3185
2018-09-22,35.55146887941723,Florida,3186
2018-09-23,32.99340499356874,Florida,3187
2018-09-24,39.58795542512163,Florida,3188
2018-09-25,42.28373475846702,Florida,3189
2018-09-26,45.2198606030926,Florida,3190
2018-09-27,47.301549655095,Florida,3191
2018-09-28,41.66792875263613,Florida,3192
2018-09-29,28.165241138979933,Florida,3193
2018-09-30,41.11564129975435,Florida,3194
2018-10-01,31.79292778303483,Florida,3195
2018-10-02,30.867760687390426,Florida,3196
2018-10-03,34.04041548999652,Florida,3197
2018-10-04,41.3772879944987,Florida,3198
2018-10-05,34.7864107133097,Florida,3199
2018-10-06,40.2585587632497,Florida,3200
2018-10-07,32.69868534512455,Florida,3201
2018-10-08,32.41765689645873,Florida,3202
2018-10-09,44.78997188328299,Florida,3203
2018-10-10,36.16498264638972,Florida,3204
2018-10-11,43.64266394244158,Florida,3205
2018-10-12,29.377139543491552,Florida,3206
2018-10-13,48.76651996204153,Florida,3207
2018-10-14,31.435287896784075,Florida,3208
2018-10-15,39.95837912630968,Florida,3209
2018-10-16,23.696543044262647,Florida,3210
2018-10-17,30.586219128477083,Florida,3211
2018-10-18,36.2116157065758,Florida,3212
2018-10-19,32.25505124981222,Florida,3213
2018-10-20,36.76392730060915,Florida,3214
2018-10-21,28.002158051844482,Florida,3215
2018-10-22,44.840437094628186,Florida,3216
2018-10-23,32.867605467285706,Florida,3217
2018-10-24,39.60207169583714,Florida,3218
2018-10-25,37.5167625998119,Florida,3219
2018-10-26,31.37341538238924,Florida,3220
2018-10-27,44.53539064104821,Florida,3221
2018-10-28,29.751461923190835,Florida,3222
2018-10-29,23.33015953497629,Florida,3223
2018-10-30,15.683711432766202,Florida,3224
2018-10-31,37.3197147231591,Florida,3225
2018-11-01,53.14432266111932,Florida,3226
2018-11-02,18.300596289183105,Florida,3227
2018-11-03,27.189556208545564,Florida,3228
2018-11-04,24.99114168833065,Florida,3229
2018-11-05,40.527913416571764,Florida,3230
2018-11-06,49.599457256760246,Florida,3231
2018-11-07,41.685614422395176,Florida,3232
2018-11-08,39.10296820952501,Florida,3233
2018-11-09,24.20735614756242,Florida,3234
2018-11-10,45.33585590345799,Florida,3235
2018-11-11,18.899572151335075,Florida,3236
2018-11-12,18.1708760853837,Florida,3237
2018-11-13,17.982098863863186,Florida,3238
2018-11-14,32.60893578794628,Florida,3239
2018-11-15,48.77421354477645,Florida,3240
2018-11-16,44.23015500558877,Florida,3241
2018-11-17,33.558367894928416,Florida,3242
2018-11-18,27.093289492322526,Florida,3243
2018-11-19,44.07292613980887,Florida,3244
2018-11-20,46.65872904179026,Florida,3245
2018-11-21,48.0200829591583,Florida,3246
2018-11-22,39.48240794572593,Florida,3247
2018-11-23,44.988839409368296,Florida,3248
2018-11-24,38.30563680092294,Florida,3249
2018-11-25,32.65050128540165,Florida,3250
2018-11-26,31.732457212361325,Florida,3251
2018-11-27,36.03802639547489,Florida,3252
2018-11-28,19.86327681229035,Florida,3253
2018-11-29,33.950237950084905,Florida,3254
2018-11-30,44.58109531810748,Florida,3255
2018-12-01,46.91300577729114,Florida,3256
2018-12-02,41.013812276561985,Florida,3257
2018-12-03,20.445810438409005,Florida,3258
2018-12-04,39.21789085649758,Florida,3259
2018-12-05,41.55520369656888,Florida,3260
2018-12-06,39.455599043079,Florida,3261
2018-12-07,35.4943364335692,Florida,3262
2018-12-08,33.00825657171357,Florida,3263
2018-12-09,51.88089239178751,Florida,3264
2018-12-10,39.71788378296363,Florida,3265
2018-12-11,53.08826539404994,Florida,3266
2018-12-12,39.41670980419696,Florida,3267
2018-12-13,15.36618584934304,Florida,3268
2018-12-14,41.3699761918385,Florida,3269
2018-12-15,58.38496589724557,Florida,3270
2018-12-16,39.03473999370622,Florida,3271
2018-12-17,34.069778862700225,Florida,3272
2018-12-18,39.5171448840123,Florida,3273
2018-12-19,40.78394184831104,Florida,3274
2018-12-20,41.03151461135437,Florida,3275
2018-12-21,37.85599589314128,Florida,3276
2018-12-22,55.93619418430532,Florida,3277
2018-12-23,36.18856382303629,Florida,3278
2018-12-24,38.473801102865956,Florida,3279
2018-12-25,44.365206853083315,Florida,3280
2018-12-26,38.74052362380347,Florida,3281
2018-12-27,49.77233371383644,Florida,3282
2018-12-28,33.4055500863357,Florida,3283
2018-12-29,38.94414061871997,Florida,3284
2018-12-30,35.0863937182091,Florida,3285
2018-12-31,47.84846090542691,Florida,3286
2019-01-01,32.49856286807944,Florida,3287
2019-01-02,38.14566659820523,Florida,3288
2019-01-03,54.233560343020706,Florida,3289
2019-01-04,52.800332709280184,Florida,3290
2019-01-05,36.841452001503086,Florida,3291
2019-01-06,45.6645792293304,Florida,3292
2019-01-07,53.316029638200845,Florida,3293
2019-01-08,53.06493639677404,Florida,3294
2019-01-09,35.94544116901879,Florida,3295
2019-01-10,37.22330984837121,Florida,3296
2019-01-11,26.184826611529196,Florida,3297
2019-01-12,47.132709611027124,Florida,3298
2019-01-13,60.64309605857582,Florida,3299
2019-01-14,44.03682771470441,Florida,3300
2019-01-15,54.97381317292767,Florida,3301
2019-01-16,34.488026123395805,Florida,3302
2019-01-17,19.005011217021746,Florida,3303
2019-01-18,46.77793396154276,Florida,3304
2019-01-19,41.71795361650242,Florida,3305
2019-01-20,60.72225570339738,Florida,3306
2019-01-21,34.34534935353868,Florida,3307
2019-01-22,46.04538696431408,Florida,3308
2019-01-23,34.14782674772113,Florida,3309
2019-01-24,30.460352458823685,Florida,3310
2019-01-25,39.289734689486934,Florida,3311
2019-01-26,46.32830716502549,Florida,3312
2019-01-27,40.007274173949746,Florida,3313
2019-01-28,56.81263708245031,Florida,3314
2019-01-29,59.224386982384544,Florida,3315
2019-01-30,59.91611342523437,Florida,3316
2019-01-31,39.980095179349654,Florida,3317
2019-02-01,59.487941974950985,Florida,3318
2019-02-02,43.363591273249135,Florida,3319
2019-02-03,40.822103233072895,Florida,3320
2019-02-04,37.143844770028046,Florida,3321
2019-02-05,41.815597391105214,Florida,3322
2019-02-06,37.875806542169045,Florida,3323
2019-02-07,28.837663511045612,Florida,3324
2019-02-08,50.662120784719164,Florida,3325
2019-02-09,38.83112502607416,Florida,3326
2019-02-10,39.95183361223273,Florida,3327
2019-02-11,42.868403063998315,Florida,3328
2019-02-12,66.86049883602414,Florida,3329
2019-02-13,27.810675961375374,Florida,3330
2019-02-14,48.72738254485303,Florida,3331
2019-02-15,48.36649345962402,Florida,3332
2019-02-16,41.47982745250148,Florida,3333
2019-02-17,59.28663704852006,Florida,3334
2019-02-18,44.17939041787369,Florida,3335
2019-02-19,34.11913588875298,Florida,3336
2019-02-20,61.79835237539403,Florida,3337
2019-02-21,51.09596139182993,Florida,3338
2019-02-22,47.201270621740385,Florida,3339
2019-02-23,50.595131892214404,Florida,3340
2019-02-24,62.797739356479184,Florida,3341
2019-02-25,46.13355436615845,Florida,3342
2019-02-26,47.50122819043634,Florida,3343
2019-02-27,77.06088720656905,Florida,3344
2019-02-28,45.7850903792058,Florida,3345
2019-03-01,68.8753359700081,Florida,3346
2019-03-02,53.35581602994604,Florida,3347
2019-03-03,39.65856800036244,Florida,3348
2019-03-04,63.237462010791596,Florida,3349
2019-03-05,51.55655803152059,Florida,3350
2019-03-06,30.355971963194637,Florida,3351
2019-03-07,51.26869877982882,Florida,3352
2019-03-08,40.44288225666391,Florida,3353
2019-03-09,53.40245984610013,Florida,3354
2019-03-10,34.23085897471185,Florida,3355
2019-03-11,42.56473496763365,Florida,3356
2019-03-12,38.30665059647628,Florida,3357
2019-03-13,58.87976978010731,Florida,3358
2019-03-14,50.67180355373203,Florida,3359
2019-03-15,55.44510726898454,Florida,3360
2019-03-16,73.1390314341017,Florida,3361
2019-03-17,44.25473236127369,Florida,3362
2019-03-18,45.268822570552686,Florida,3363
2019-03-19,59.47784706621354,Florida,3364
2019-03-20,71.42782017046932,Florida,3365
2019-03-21,58.76578106343857,Florida,3366
2019-03-22,68.85302930229601,Florida,3367
2019-03-23,52.331443905401834,Florida,3368
2019-03-24,39.36684504360054,Florida,3369
2019-03-25,72.70924107898016,Florida,3370
2019-03-26,68.35064657554517,Florida,3371
2019-03-27,43.81393231644036,Florida,3372
2019-03-28,77.42628010944958,Florida,3373
2019-03-29,49.92483391387648,Florida,3374
2019-03-30,50.48922924025596,Florida,3375
2019-03-31,56.72387269425699,Florida,3376
2019-04-01,46.35986916685806,Florida,3377
2019-04-02,62.204301468599326,Florida,3378
2019-04-03,48.269461146379804,Florida,3379
2019-04-04,67.4531069825805,Florida,3380
2019-04-05,57.5135747404752,Florida,3381
2019-04-06,47.29071832045228,Florida,3382
2019-04-07,63.969730788563155,Florida,3383
2019-04-08,59.14973149586569,Florida,3384
2019-04-09,51.752560729377585,Florida,3385
2019-04-10,45.007586676259585,Florida,3386
2019-04-11,44.830665930094085,Florida,3387
2019-04-12,39.434959979575964,Florida,3388
2019-04-13,42.52070486610489,Florida,3389
2019-04-14,45.67587845536683,Florida,3390
2019-04-15,36.175755566813294,Florida,3391
2019-04-16,46.94632336353425,Florida,3392
2019-04-17,51.89319566842528,Florida,3393
2019-04-18,67.09130014336844,Florida,3394
2019-04-19,53.03006792901636,Florida,3395
2019-04-20,43.85247675891743,Florida,3396
2019-04-21,52.01889564862124,Florida,3397
2019-04-22,76.50270922018355,Florida,3398
2019-04-23,69.54932276785128,Florida,3399
2019-04-24,42.09505615034408,Florida,3400
2019-04-25,54.39439756622202,Florida,3401
2019-04-26,60.38018486752467,Florida,3402
2019-04-27,41.74079800891535,Florida,3403
2019-04-28,58.021208773916015,Florida,3404
2019-04-29,55.00427149037675,Florida,3405
2019-04-30,55.19974092498235,Florida,3406
2019-05-01,59.79936470367083,Florida,3407
2019-05-02,61.09999981695401,Florida,3408
2019-05-03,38.322999073682226,Florida,3409
2019-05-04,45.610607179684415,Florida,3410
2019-05-05,49.23177384415549,Florida,3411
2019-05-06,51.685892632266395,Florida,3412
2019-05-07,68.03868190776282,Florida,3413
2019-05-08,51.51361065930271,Florida,3414
2019-05-09,47.91938901662262,Florida,3415
2019-05-10,35.5113264048441,Florida,3416
2019-05-11,42.39955272341489,Florida,3417
2019-05-12,26.444034472759373,Florida,3418
2019-05-13,50.34927981139843,Florida,3419
2019-05-14,49.61805466817089,Florida,3420
2019-05-15,41.58762997931131,Florida,3421
2019-05-16,31.66236363286505,Florida,3422
2019-05-17,54.84557147621269,Florida,3423
2019-05-18,34.20684953457854,Florida,3424
2019-05-19,40.67761928295293,Florida,3425
2019-05-20,41.640577339888665,Florida,3426
2019-05-21,46.74755859259755,Florida,3427
2019-05-22,44.79476139463789,Florida,3428
2019-05-23,32.251622047643956,Florida,3429
2019-05-24,45.071877165856186,Florida,3430
2019-05-25,27.226562405815248,Florida,3431
2019-05-26,39.054185160641424,Florida,3432
2019-05-27,41.21372493854473,Florida,3433
2019-05-28,50.0173767990466,Florida,3434
2019-05-29,58.96604152575093,Florida,3435
2019-05-30,44.139495742484186,Florida,3436
2019-05-31,47.25536157031738,Florida,3437
2019-06-01,48.64800523424879,Florida,3438
2019-06-02,49.416493711555,Florida,3439
2019-06-03,48.48572267420634,Florida,3440
2019-06-04,58.60204667897802,Florida,3441
2019-06-05,44.22493667512392,Florida,3442
2019-06-06,32.174780070797944,Florida,3443
2019-06-07,45.765254492434636,Florida,3444
2019-06-08,27.474278311487858,Florida,3445
2019-06-09,45.2930737972019,Florida,3446
2019-06-10,38.84858293784594,Florida,3447
2019-06-11,46.890295064164036,Florida,3448
2019-06-12,30.381361857249775,Florida,3449
2019-06-13,50.21124191958902,Florida,3450
2019-06-14,42.42433944667638,Florida,3451
2019-06-15,42.990842077893404,Florida,3452
2019-06-16,53.21266335154047,Florida,3453
2019-06-17,28.502920066724563,Florida,3454
2019-06-18,41.46224765232683,Florida,3455
2019-06-19,46.18266188314956,Florida,3456
2019-06-20,44.46323610635727,Florida,3457
2019-06-21,45.05557321340753,Florida,3458
2019-06-22,58.95738341101439,Florida,3459
2019-06-23,42.368928495837054,Florida,3460
2019-06-24,33.13937220740163,Florida,3461
2019-06-25,39.59326197547193,Florida,3462
2019-06-26,26.096383158496703,Florida,3463
2019-06-27,37.232236732385644,Florida,3464
2019-06-28,47.23347110880724,Florida,3465
2019-06-29,34.012376191896934,Florida,3466
2019-06-30,34.30191203444421,Florida,3467
2019-07-01,32.62406790332739,Florida,3468
2019-07-02,41.07344218739791,Florida,3469
2019-07-03,38.25428876367378,Florida,3470
2019-07-04,40.344214351245554,Florida,3471
2019-07-05,54.826595883465416,Florida,3472
2019-07-06,41.497287590176754,Florida,3473
2019-07-07,36.345449538971295,Florida,3474
2019-07-08,39.51693817020781,Florida,3475
2019-07-09,31.972591844674536,Florida,3476
2019-07-10,58.513994111169126,Florida,3477
2019-07-11,49.91523994001348,Florida,3478
2019-07-12,49.70775380974793,Florida,3479
2019-07-13,39.590993702651,Florida,3480
2019-07-14,41.70527166954372,Florida,3481
2019-07-15,38.049349911126235,Florida,3482
2019-07-16,44.677635001276,Florida,3483
2019-07-17,31.15953892369124,Florida,3484
2019-07-18,40.60152708129501,Florida,3485
2019-07-19,29.486352475106372,Florida,3486
2019-07-20,34.29838211694591,Florida,3487
2019-07-21,43.677731204220905,Florida,3488
2019-07-22,33.30590395953861,Florida,3489
2019-07-23,41.07437487505709,Florida,3490
2019-07-24,48.5268399834014,Florida,3491
2019-07-25,57.88375685824077,Florida,3492
2019-07-26,47.96392521719941,Florida,3493
2019-07-27,50.19426008194586,Florida,3494
2019-07-28,40.605085291642624,Florida,3495
2019-07-29,41.80512749998423,Florida,3496
2019-07-30,57.34704444682038,Florida,3497
2019-07-31,26.966553689082293,Florida,3498
2019-08-01,42.08100066648534,Florida,3499
2019-08-02,33.12469675113529,Florida,3500
2019-08-03,39.378407953276124,Florida,3501
2019-08-04,26.31674943003308,Florida,3502
2019-08-05,27.946630508637817,Florida,3503
2019-08-06,27.100627497211256,Florida,3504
2019-08-07,25.168490862156872,Florida,3505
2019-08-08,43.266664637506736,Florida,3506
2019-08-09,40.447666455194096,Florida,3507
2019-08-10,34.95540253472403,Florida,3508
2019-08-11,33.10161191306398,Florida,3509
2019-08-12,34.78724121502837,Florida,3510
2019-08-13,58.83511880885751,Florida,3511
2019-08-14,42.91897627461904,Florida,3512
2019-08-15,26.62585067942747,Florida,3513
2019-08-16,27.119432578077742,Florida,3514
2019-08-17,33.41618485820764,Florida,3515
2019-08-18,22.03885338692511,Florida,3516
2019-08-19,36.11825784840084,Florida,3517
2019-08-20,40.9664438239629,Florida,3518
2019-08-21,28.799987381804343,Florida,3519
2019-08-22,45.68760013395048,Florida,3520
2019-08-23,46.70414766057322,Florida,3521
2019-08-24,43.2983202586168,Florida,3522
2019-08-25,47.01441367761643,Florida,3523
2019-08-26,21.87748019876053,Florida,3524
2019-08-27,38.56931978292196,Florida,3525
2019-08-28,14.53182001537128,Florida,3526
2019-08-29,29.70894489918959,Florida,3527
2019-08-30,37.64113364707936,Florida,3528
2019-08-31,38.2618450045915,Florida,3529
2019-09-01,42.801318183531144,Florida,3530
2019-09-02,33.29996852661591,Florida,3531
2019-09-03,30.170597798351952,Florida,3532
2019-09-04,44.005089729382775,Florida,3533
2019-09-05,40.34809458762444,Florida,3534
2019-09-06,31.780133238853946,Florida,3535
2019-09-07,39.64526393593968,Florida,3536
2019-09-08,22.379959279879017,Florida,3537
2019-09-09,24.701292739784606,Florida,3538
2019-09-10,28.828689318183756,Florida,3539
2019-09-11,48.93236510776295,Florida,3540
2019-09-12,33.49965239852382,Florida,3541
2019-09-13,39.37752170519284,Florida,3542
2019-09-14,36.97561730486785,Florida,3543
2019-09-15,28.551275633054836,Florida,3544
2019-09-16,27.75589176268775,Florida,3545
2019-09-17,44.389367383977614,Florida,3546
2019-09-18,20.104860906842028,Florida,3547
2019-09-19,18.956315595702584,Florida,3548
2019-09-20,34.53742757933147,Florida,3549
2019-09-21,23.194280787431698,Florida,3550
2019-09-22,31.456875269139072,Florida,3551
2019-09-23,38.00410618543214,Florida,3552
2019-09-24,45.26988908446981,Florida,3553
2019-09-25,30.450886610612418,Florida,3554
2019-09-26,19.887593793624937,Florida,3555
2019-09-27,21.143578519186406,Florida,3556
2019-09-28,32.703386602960876,Florida,3557
2019-09-29,34.264076060412854,Florida,3558
2019-09-30,38.96557033880764,Florida,3559
2019-10-01,11.30369316649271,Florida,3560
2019-10-02,47.00410578997076,Florida,3561
2019-10-03,13.032405051708764,Florida,3562
2019-10-04,9.662983252569418,Florida,3563
2019-10-05,42.892535099836195,Florida,3564
2019-10-06,42.1352945827425,Florida,3565
2019-10-07,22.573528123121644,Florida,3566
2019-10-08,16.71216043292479,Florida,3567
2019-10-09,31.928897792521802,Florida,3568
2019-10-10,43.37726932700063,Florida,3569
2019-10-11,20.99566146723727,Florida,3570
2019-10-12,25.850890648526658,Florida,3571
2019-10-13,35.22210356709663,Florida,3572
2019-10-14,41.395909176443354,Florida,3573
2019-10-15,39.01630857872051,Florida,3574
2019-10-16,40.93071582894684,Florida,3575
2019-10-17,25.48906105885262,Florida,3576
2019-10-18,24.061552112204865,Florida,3577
2019-10-19,46.6940352495336,Florida,3578
2019-10-20,33.11663845337975,Florida,3579
2019-10-21,29.08840379999614,Florida,3580
2019-10-22,21.5273044654423,Florida,3581
2019-10-23,55.307760592996146,Florida,3582
2019-10-24,18.532681346546713,Florida,3583
2019-10-25,29.204141266304767,Florida,3584
2019-10-26,25.898276984949202,Florida,3585
2019-10-27,31.295736234093827,Florida,3586
2019-10-28,14.168209136098127,Florida,3587
2019-10-29,19.263949430358238,Florida,3588
2019-10-30,37.19890217115321,Florida,3589
2019-10-31,43.58875561578962,Florida,3590
2019-11-01,35.27487979212305,Florida,3591
2019-11-02,32.87866766561941,Florida,3592
2019-11-03,31.113445709919965,Florida,3593
2019-11-04,21.54333427252976,Florida,3594
2019-11-05,37.26589930749231,Florida,3595
2019-11-06,21.780271568928995,Florida,3596
2019-11-07,41.48812560421718,Florida,3597
2019-11-08,39.4083432940613,Florida,3598
2019-11-09,31.627676089466178,Florida,3599
2019-11-10,31.959866997921548,Florida,3600
2019-11-11,40.50916421677813,Florida,3601
2019-11-12,29.30301503602562,Florida,3602
2019-11-13,34.36659625720259,Florida,3603
2019-11-14,25.466272355048673,Florida,3604
2019-11-15,20.121732350087004,Florida,3605
2019-11-16,33.42159064173076,Florida,3606
2019-11-17,36.09797545129044,Florida,3607
2019-11-18,53.00549664924855,Florida,3608
2019-11-19,26.99874414225723,Florida,3609
2019-11-20,47.44329446489154,Florida,3610
2019-11-21,25.456683032125948,Florida,3611
2019-11-22,38.517539368639916,Florida,3612
2019-11-23,23.856411936024994,Florida,3613
2019-11-24,35.42421340904052,Florida,3614
2019-11-25,35.54482092514422,Florida,3615
2019-11-26,34.66482459475592,Florida,3616
2019-11-27,30.502369610622093,Florida,3617
2019-11-28,45.45046018985646,Florida,3618
2019-11-29,32.86564662218618,Florida,3619
2019-11-30,51.57774189310683,Florida,3620
2019-12-01,43.82161991505058,Florida,3621
2019-12-02,18.11430825891448,Florida,3622
2019-12-03,51.9021979186155,Florida,3623
2019-12-04,32.77817949264703,Florida,3624
2019-12-05,59.65892920527618,Florida,3625
2019-12-06,30.56982839535515,Florida,3626
2019-12-07,26.91123096515585,Florida,3627
2019-12-08,44.004018484421195,Florida,3628
2019-12-09,41.45320703398351,Florida,3629
2019-12-10,27.109336310221757,Florida,3630
2019-12-11,30.429089973609756,Florida,3631
2019-12-12,26.57630033098944,Florida,3632
2019-12-13,43.42306984274654,Florida,3633
2019-12-14,44.08435190283645,Florida,3634
2019-12-15,45.43368007410032,Florida,3635
2019-12-16,32.919056644928496,Florida,3636
2019-12-17,38.89140635598038,Florida,3637
2019-12-18,60.28350700348398,Florida,3638
2019-12-19,54.1896900333713,Florida,3639
2019-12-20,30.767776937433347,Florida,3640
2019-12-21,31.92477526105899,Florida,3641
2019-12-22,51.64647022782387,Florida,3642
2019-12-23,24.821600589535944,Florida,3643
2019-12-24,25.600333916343956,Florida,3644
2019-12-25,39.792068683883635,Florida,3645
2019-12-26,43.63111718181735,Florida,3646
2019-12-27,35.76644855541427,Florida,3647
2019-12-28,40.51768276596359,Florida,3648
2019-12-29,33.290710268009306,Florida,3649
2019-12-30,35.446751542412514,Florida,3650
2019-12-31,48.964465143745294,Florida,3651
2020-01-01,32.79045482248921,Florida,3652
2020-01-02,38.15564925949684,Florida,3653
2020-01-03,51.57284515021527,Florida,3654
2020-01-04,36.764466597929506,Florida,3655
2020-01-05,55.003058563800145,Florida,3656
2020-01-06,43.72330906448091,Florida,3657
2020-01-07,37.76083931085294,Florida,3658
2020-01-08,54.688434388310625,Florida,3659
2020-01-09,45.42449823658545,Florida,3660
2020-01-10,61.185234336478786,Florida,3661
2020-01-11,43.16093115637031,Florida,3662
2020-01-12,42.01656514996045,Florida,3663
2020-01-13,58.09410976917535,Florida,3664
2020-01-14,22.88420169178117,Florida,3665
2020-01-15,41.42339054704878,Florida,3666
2020-01-16,57.79412792640058,Florida,3667
2020-01-17,34.89440598047489,Florida,3668
2020-01-18,39.24034286419977,Florida,3669
2020-01-19,39.25083296089532,Florida,3670
2020-01-20,44.37229803129008,Florida,3671
2020-01-21,45.73933602333521,Florida,3672
2020-01-22,32.937640453559574,Florida,3673
2020-01-23,47.64623890377972,Florida,3674
2020-01-24,40.035430551375356,Florida,3675
2020-01-25,55.73213466305809,Florida,3676
2020-01-26,39.71926083312157,Florida,3677
2020-01-27,56.094051888188346,Florida,3678
2020-01-28,60.6995483992133,Florida,3679
2020-01-29,32.66962373750682,Florida,3680
2020-01-30,56.71082411032873,Florida,3681
2020-01-31,46.1874479832447,Florida,3682
2020-02-01,20.114094093556297,Florida,3683
2020-02-02,56.34316652850434,Florida,3684
2020-02-03,38.337400906436486,Florida,3685
2020-02-04,43.663707458275525,Florida,3686
2020-02-05,38.19314379533347,Florida,3687
2020-02-06,50.54171829860395,Florida,3688
2020-02-07,49.97995772404336,Florida,3689
2020-02-08,41.397419922242165,Florida,3690
2020-02-09,51.877966557927756,Florida,3691
2020-02-10,49.33909880059302,Florida,3692
2020-02-11,47.43064600956968,Florida,3693
2020-02-12,40.85506022315386,Florida,3694
2020-02-13,50.87292298704202,Florida,3695
2020-02-14,39.76677077238201,Florida,3696
2020-02-15,46.73408964996975,Florida,3697
2020-02-16,46.59945674026204,Florida,3698
2020-02-17,43.751270318505206,Florida,3699
2020-02-18,46.41280753857791,Florida,3700
2020-02-19,41.9519593402492,Florida,3701
2020-02-20,61.72064961801193,Florida,3702
2020-02-21,48.492945435418875,Florida,3703
2020-02-22,49.91329509420942,Florida,3704
2020-02-23,66.34650458499937,Florida,3705
2020-02-24,46.62512807706756,Florida,3706
2020-02-25,69.80019431318532,Florida,3707
2020-02-26,53.734957904668796,Florida,3708
2020-02-27,60.59420107425938,Florida,3709
2020-02-28,50.239368297619095,Florida,3710
2020-02-29,53.00225128513032,Florida,3711
2020-03-01,47.97760963330764,Florida,3712
2020-03-02,55.01183365966858,Florida,3713
2020-03-03,41.4894052155045,Florida,3714
2020-03-04,44.66836840466533,Florida,3715
2020-03-05,40.46205724633419,Florida,3716
2020-03-06,38.38542660834541,Florida,3717
2020-03-07,51.82968016859372,Florida,3718
2020-03-08,50.05563475733808,Florida,3719
2020-03-09,61.707498479584544,Florida,3720
2020-03-10,49.60696670458825,Florida,3721
2020-03-11,58.05084985402458,Florida,3722
2020-03-12,61.319164158279264,Florida,3723
2020-03-13,55.09117991386376,Florida,3724
2020-03-14,50.63857490241594,Florida,3725
2020-03-15,36.41696404136546,Florida,3726
2020-03-16,77.25344832523842,Florida,3727
2020-03-17,53.70339423182467,Florida,3728
2020-03-18,46.424488792015765,Florida,3729
2020-03-19,55.23778078490652,Florida,3730
2020-03-20,52.544493886464906,Florida,3731
2020-03-21,51.09316437602404,Florida,3732
2020-03-22,62.307737605084995,Florida,3733
2020-03-23,34.47816905613588,Florida,3734
2020-03-24,46.96035903425293,Florida,3735
2020-03-25,47.77942109833608,Florida,3736
2020-03-26,60.14800300144892,Florida,3737
2020-03-27,38.25379356421172,Florida,3738
2020-03-28,42.465426445761054,Florida,3739
2020-03-29,42.94940648316505,Florida,3740
2020-03-30,29.395518057984866,Florida,3741
2020-03-31,66.86406368220955,Florida,3742
2020-04-01,26.49096934641313,Florida,3743
2020-04-02,49.58681659683148,Florida,3744
2020-04-03,57.054385404569786,Florida,3745
2020-04-04,69.34471301962968,Florida,3746
2020-04-05,60.855959640385215,Florida,3747
2020-04-06,49.958552236867426,Florida,3748
2020-04-07,54.17864002302811,Florida,3749
2020-04-08,61.89850035403562,Florida,3750
2020-04-09,26.54756212986709,Florida,3751
2020-04-10,45.36412768373133,Florida,3752
2020-04-11,44.151311031890486,Florida,3753
2020-04-12,57.83541201448075,Florida,3754
2020-04-13,48.34300925046088,Florida,3755
2020-04-14,53.49700279043549,Florida,3756
2020-04-15,47.9507005710693,Florida,3757
2020-04-16,55.10364270758523,Florida,3758
2020-04-17,46.47809222827078,Florida,3759
2020-04-18,43.889106505552405,Florida,3760
2020-04-19,40.8532822806676,Florida,3761
2020-04-20,53.96888933386127,Florida,3762
2020-04-21,72.27656331207659,Florida,3763
2020-04-22,63.43281670310904,Florida,3764
2020-04-23,36.319624274474805,Florida,3765
2020-04-24,43.0330886584013,Florida,3766
2020-04-25,56.86042258237874,Florida,3767
2020-04-26,47.74976195838209,Florida,3768
2020-04-27,42.48920246461189,Florida,3769
2020-04-28,59.007476368067394,Florida,3770
2020-04-29,62.49833429665256,Florida,3771
2020-04-30,44.43405490859758,Florida,3772
2020-05-01,37.485943265413056,Florida,3773
2020-05-02,45.378099126250866,Florida,3774
2020-05-03,53.21970875863033,Florida,3775
2020-05-04,51.651230730008855,Florida,3776
2020-05-05,40.770543621882766,Florida,3777
2020-05-06,54.05382284324817,Florida,3778
2020-05-07,50.37858764033917,Florida,3779
2020-05-08,42.63987971587191,Florida,3780
2020-05-09,43.506821332027286,Florida,3781
2020-05-10,51.89725083639373,Florida,3782
2020-05-11,40.06903852848791,Florida,3783
2020-05-12,42.2090154527161,Florida,3784
2020-05-13,55.57345103853623,Florida,3785
2020-05-14,63.9866444294878,Florida,3786
2020-05-15,74.3218139922696,Florida,3787
2020-05-16,48.48043549448442,Florida,3788
2020-05-17,63.08796695265571,Florida,3789
2020-05-18,61.363328009956206,Florida,3790
2020-05-19,43.83194705715242,Florida,3791
2020-05-20,41.90534289417141,Florida,3792
2020-05-21,56.789138973880185,Florida,3793
2020-05-22,71.53357917349366,Florida,3794
2020-05-23,50.26202947377752,Florida,3795
2020-05-24,49.76085066313813,Florida,3796
2020-05-25,33.64776232098629,Florida,3797
2020-05-26,45.93505825505347,Florida,3798
2020-05-27,47.98032754548321,Florida,3799
2020-05-28,50.205984219135715,Florida,3800
2020-05-29,42.70335869652436,Florida,3801
2020-05-30,39.88180898634396,Florida,3802
2020-05-31,36.8699811139456,Florida,3803
2020-06-01,57.52195744976126,Florida,3804
2020-06-02,55.93707543235502,Florida,3805
2020-06-03,44.386392958209875,Florida,3806
2020-06-04,40.32934533235653,Florida,3807
2020-06-05,40.019795581529195,Florida,3808
2020-06-06,62.73931562793656,Florida,3809
2020-06-07,42.57053095499278,Florida,3810
2020-06-08,25.51901800430261,Florida,3811
2020-06-09,49.07507316305856,Florida,3812
2020-06-10,39.12847709818775,Florida,3813
2020-06-11,35.41099578410664,Florida,3814
2020-06-12,34.915837170493745,Florida,3815
2020-06-13,46.221666665309414,Florida,3816
2020-06-14,27.173189121581604,Florida,3817
2020-06-15,55.46504600737522,Florida,3818
2020-06-16,17.048407370629075,Florida,3819
2020-06-17,47.92624421816382,Florida,3820
2020-06-18,41.3107424498525,Florida,3821
2020-06-19,29.119024572130726,Florida,3822
2020-06-20,46.59575572124305,Florida,3823
2020-06-21,39.85515967313016,Florida,3824
2020-06-22,51.94644564508562,Florida,3825
2020-06-23,44.37564103873566,Florida,3826
2020-06-24,53.113129931348894,Florida,3827
2020-06-25,45.487927155299445,Florida,3828
2020-06-26,40.41427987562352,Florida,3829
2020-06-27,48.164379829475045,Florida,3830
2020-06-28,40.067948946771594,Florida,3831
2020-06-29,23.60619304928802,Florida,3832
2020-06-30,50.62627884043299,Florida,3833
2020-07-01,45.05255690123508,Florida,3834
2020-07-02,41.79601609834362,Florida,3835
2020-07-03,49.08247500848114,Florida,3836
2020-07-04,46.31332104266106,Florida,3837
2020-07-05,42.34113271979142,Florida,3838
2020-07-06,48.85183530686274,Florida,3839
2020-07-07,36.62059210840002,Florida,3840
2020-07-08,48.79804077177536,Florida,3841
2020-07-09,35.27133382882255,Florida,3842
2020-07-10,38.48015227981103,Florida,3843
2020-07-11,33.592766712975326,Florida,3844
2020-07-12,41.38021998610377,Florida,3845
2020-07-13,58.63721888248335,Florida,3846
2020-07-14,28.21704347882722,Florida,3847
2020-07-15,27.665156827238576,Florida,3848
2020-07-16,57.06282669927529,Florida,3849
2020-07-17,18.2200624952643,Florida,3850
2020-07-18,34.09881715340397,Florida,3851
2020-07-19,35.800880422330806,Florida,3852
2020-07-20,38.97066814231385,Florida,3853
2020-07-21,24.090661267681234,Florida,3854
2020-07-22,41.24532893026113,Florida,3855
2020-07-23,22.853333095265125,Florida,3856
2020-07-24,29.150430402693246,Florida,3857
2020-07-25,38.59795753385219,Florida,3858
2020-07-26,34.85607783899434,Florida,3859
2020-07-27,35.18064153485326,Florida,3860
2020-07-28,42.462202826289015,Florida,3861
2020-07-29,50.04769143458504,Florida,3862
2020-07-30,42.67433637263194,Florida,3863
2020-07-31,28.036619902669813,Florida,3864
2020-08-01,31.04526156593412,Florida,3865
2020-08-02,38.138638541649186,Florida,3866
2020-08-03,35.01976541489504,Florida,3867
2020-08-04,30.83529404205756,Florida,3868
2020-08-05,44.730319171642854,Florida,3869
2020-08-06,39.7412833534346,Florida,3870
2020-08-07,15.273150509139281,Florida,3871
2020-08-08,46.37278586078671,Florida,3872
2020-08-09,39.52769724650036,Florida,3873
2020-08-10,29.54989664909758,Florida,3874
2020-08-11,44.68807156793704,Florida,3875
2020-08-12,19.58742687364171,Florida,3876
2020-08-13,36.46322307775444,Florida,3877
2020-08-14,20.573099931257726,Florida,3878
2020-08-15,34.42531313634658,Florida,3879
2020-08-16,31.475739195825494,Florida,3880
2020-08-17,10.464232416073536,Florida,3881
2020-08-18,20.262625223895338,Florida,3882
2020-08-19,22.617430801197266,Florida,3883
2020-08-20,32.311661711810174,Florida,3884
2020-08-21,35.094243956871075,Florida,3885
2020-08-22,22.598875710616962,Florida,3886
2020-08-23,45.80797277855186,Florida,3887
2020-08-24,45.78830109102804,Florida,3888
2020-08-25,29.906732591345552,Florida,3889
2020-08-26,28.0316884710488,Florida,3890
2020-08-27,40.41274102926654,Florida,3891
2020-08-28,30.48017076221621,Florida,3892
2020-08-29,41.34734344515833,Florida,3893
2020-08-30,34.893893640878936,Florida,3894
2020-08-31,43.12485007600688,Florida,3895
2020-09-01,34.82163573355048,Florida,3896
2020-09-02,30.22242175185558,Florida,3897
2020-09-03,45.20921757442993,Florida,3898
2020-09-04,42.39740932533532,Florida,3899
2020-09-05,30.40310442196028,Florida,3900
2020-09-06,43.68945332804421,Florida,3901
2020-09-07,39.11180392083593,Florida,3902
2020-09-08,26.242060380361597,Florida,3903
2020-09-09,32.30874127559834,Florida,3904
2020-09-10,47.143528236573374,Florida,3905
2020-09-11,38.6834218558392,Florida,3906
2020-09-12,5.973563384763246,Florida,3907
2020-09-13,33.56587696461521,Florida,3908
2020-09-14,20.823009962923194,Florida,3909
2020-09-15,35.28557266279382,Florida,3910
2020-09-16,21.35696931761459,Florida,3911
2020-09-17,36.113723752757885,Florida,3912
2020-09-18,39.31173654776957,Florida,3913
2020-09-19,38.88797267998148,Florida,3914
2020-09-20,38.21692929977085,Florida,3915
2020-09-21,49.21631148988758,Florida,3916
2020-09-22,37.75877268485335,Florida,3917
2020-09-23,40.65982639905248,Florida,3918
2020-09-24,38.7837006146789,Florida,3919
2020-09-25,33.87115926756982,Florida,3920
2020-09-26,25.854282461938354,Florida,3921
2020-09-27,56.7425129851393,Florida,3922
2020-09-28,11.30372059991523,Florida,3923
2020-09-29,17.73595088406607,Florida,3924
2020-09-30,33.13934271910758,Florida,3925
2020-10-01,31.48162999876775,Florida,3926
2020-10-02,17.362287159822696,Florida,3927
2020-10-03,36.27268739561146,Florida,3928
2020-10-04,42.96748381757724,Florida,3929
2020-10-05,27.391267232631954,Florida,3930
2020-10-06,35.23264740755827,Florida,3931
2020-10-07,46.6467411524319,Florida,3932
2020-10-08,54.269472468780506,Florida,3933
2020-10-09,45.23535538805296,Florida,3934
2020-10-10,33.568664019740645,Florida,3935
2020-10-11,22.013002159753825,Florida,3936
2020-10-12,26.00014426137246,Florida,3937
2020-10-13,40.255070094768335,Florida,3938
2020-10-14,38.33078316143136,Florida,3939
2020-10-15,39.15326652808744,Florida,3940
2020-10-16,33.2473008983561,Florida,3941
2020-10-17,43.510153638083324,Florida,3942
2020-10-18,17.343333007701865,Florida,3943
2020-10-19,31.23279555470893,Florida,3944
2020-10-20,40.23665039077268,Florida,3945
2020-10-21,36.153166983266274,Florida,3946
2020-10-22,34.54729125462228,Florida,3947
2020-10-23,16.318955085611627,Florida,3948
2020-10-24,21.41378549150879,Florida,3949
2020-10-25,56.78150663480371,Florida,3950
2020-10-26,30.168592717692647,Florida,3951
2020-10-27,31.43994217131057,Florida,3952
2020-10-28,32.03836755106869,Florida,3953
2020-10-29,40.40008293837198,Florida,3954
2020-10-30,31.880000126265536,Florida,3955
2020-10-31,24.20053892808689,Florida,3956
2020-11-01,33.241073662773424,Florida,3957
2020-11-02,44.36990783543256,Florida,3958
2020-11-03,32.98903679942093,Florida,3959
2020-11-04,41.65924072736935,Florida,3960
2020-11-05,29.122429619116563,Florida,3961
2020-11-06,22.006120153197088,Florida,3962
2020-11-07,52.87268579141083,Florida,3963
2020-11-08,31.120839259716018,Florida,3964
2020-11-09,22.8375504843035,Florida,3965
2020-11-10,32.74658783975304,Florida,3966
2020-11-11,15.814448383657336,Florida,3967
2020-11-12,47.791061828189704,Florida,3968
2020-11-13,43.64511666134649,Florida,3969
2020-11-14,42.537108740476256,Florida,3970
2020-11-15,30.945289349469274,Florida,3971
2020-11-16,24.47825146730689,Florida,3972
2020-11-17,38.26055590437603,Florida,3973
2020-11-18,29.34306536225396,Florida,3974
2020-11-19,21.571966639657703,Florida,3975
2020-11-20,51.733766365900024,Florida,3976
2020-11-21,29.09244586935716,Florida,3977
2020-11-22,46.71302196340207,Florida,3978
2020-11-23,30.897051902770585,Florida,3979
2020-11-24,41.63078215646422,Florida,3980
2020-11-25,36.633782610551066,Florida,3981
2020-11-26,38.48525235037187,Florida,3982
2020-11-27,48.61417985515273,Florida,3983
2020-11-28,42.41421912741957,Florida,3984
2020-11-29,19.65663954030706,Florida,3985
2020-11-30,24.61566237167122,Florida,3986
2020-12-01,29.21021284791539,Florida,3987
2020-12-02,25.85309135891371,Florida,3988
2020-12-03,39.31497834594916,Florida,3989
2020-12-04,25.24245341738099,Florida,3990
2020-12-05,47.18900696697446,Florida,3991
2020-12-06,41.91220841043547,Florida,3992
2020-12-07,28.738643921219875,Florida,3993
2020-12-08,32.09193846906046,Florida,3994
2020-12-09,36.84756781820877,Florida,3995
2020-12-10,47.65407475176323,Florida,3996
2020-12-11,59.86438547182029,Florida,3997
2020-12-12,36.377177724422566,Florida,3998
2020-12-13,37.6858425089791,Florida,3999
2020-12-14,42.66982439390776,Florida,4000
2020-12-15,42.437969946836525,Florida,4001
2020-12-16,33.47029964328535,Florida,4002
2020-12-17,25.405467261186057,Florida,4003
2020-12-18,8.763850715019775,Florida,4004
2020-12-19,35.26740848671501,Florida,4005
2020-12-20,34.32120844180644,Florida,4006
2020-12-21,53.95749138126207,Florida,4007
2020-12-22,26.914921030935183,Florida,4008
2020-12-23,53.22647268519121,Florida,4009
2020-12-24,23.733569590237018,Florida,4010
2020-12-25,38.36383660903894,Florida,4011
2020-12-26,32.063290187783096,Florida,4012
2020-12-27,36.35220854318057,Florida,4013
2020-12-28,50.13334224363187,Florida,4014
2020-12-29,26.365778661734044,Florida,4015
2020-12-30,47.44743229656527,Florida,4016
2020-12-31,46.747592719793296,Florida,4017
2021-01-01,43.29650294528394,Florida,4018
2021-01-02,33.089698692275434,Florida,4019
2021-01-03,22.672723949650923,Florida,4020
2021-01-04,32.98479144317308,Florida,4021
2021-01-05,30.41621012000303,Florida,4022
2021-01-06,51.35227294262371,Florida,4023
2021-01-07,39.4780472587267,Florida,4024
2021-01-08,52.36053649432556,Florida,4025
2021-01-09,19.968243287865818,Florida,4026
2021-01-10,42.20791017865729,Florida,4027
2021-01-11,51.10570131985129,Florida,4028
2021-01-12,36.305170536394535,Florida,4029
2021-01-13,37.29448974107247,Florida,4030
2021-01-14,35.74819728548739,Florida,4031
2021-01-15,34.96956163572548,Florida,4032
2021-01-16,50.583821653814695,Florida,4033
2021-01-17,32.070838858917675,Florida,4034
2021-01-18,52.5859722354823,Florida,4035
2021-01-19,41.53975391504412,Florida,4036
2021-01-20,65.96770453496336,Florida,4037
2021-01-21,50.07081756912694,Florida,4038
2021-01-22,35.22784636322665,Florida,4039
2021-01-23,49.943135225557114,Florida,4040
2021-01-24,30.583378194983304,Florida,4041
2021-01-25,52.69772616866594,Florida,4042
2021-01-26,47.13734002393261,Florida,4043
2021-01-27,46.85393716913257,Florida,4044
2021-01-28,33.82218244893862,Florida,4045
2021-01-29,36.02726535777146,Florida,4046
2021-01-30,47.97753281909643,Florida,4047
2021-01-31,43.073871447954524,Florida,4048
2021-02-01,42.963666587918105,Florida,4049
2021-02-02,38.44573284924757,Florida,4050
2021-02-03,53.4450877189234,Florida,4051
2021-02-04,55.858216983872985,Florida,4052
2021-02-05,48.021333521401246,Florida,4053
2021-02-06,43.58211543596331,Florida,4054
2021-02-07,29.235404519727886,Florida,4055
2021-02-08,51.2668281357083,Florida,4056
2021-02-09,47.0075316614357,Florida,4057
2021-02-10,62.468403062782016,Florida,4058
2021-02-11,63.597899539466994,Florida,4059
2021-02-12,60.14055593631923,Florida,4060
2021-02-13,36.27729791776637,Florida,4061
2021-02-14,27.657045853539678,Florida,4062
2021-02-15,38.561283766894775,Florida,4063
2021-02-16,44.48987512099674,Florida,4064
2021-02-17,49.68429409997082,Florida,4065
2021-02-18,43.62654786803623,Florida,4066
2021-02-19,39.00248374073843,Florida,4067
2021-02-20,51.22021499351874,Florida,4068
2021-02-21,50.50955780106706,Florida,4069
2021-02-22,53.538215985166495,Florida,4070
2021-02-23,60.27575778427139,Florida,4071
2021-02-24,55.93348511471551,Florida,4072
2021-02-25,47.25452186409347,Florida,4073
2021-02-26,58.40144360722723,Florida,4074
2021-02-27,39.92282965107424,Florida,4075
2021-02-28,36.714325579474675,Florida,4076
2021-03-01,43.97739207664412,Florida,4077
2021-03-02,54.745913077120726,Florida,4078
2021-03-03,39.52619533487429,Florida,4079
2021-03-04,66.07621865570809,Florida,4080
2021-03-05,39.026786580162984,Florida,4081
2021-03-06,47.91897586473854,Florida,4082
2021-03-07,41.311973681801504,Florida,4083
2021-03-08,53.03325250900223,Florida,4084
2021-03-09,45.12371584458422,Florida,4085
2021-03-10,51.92044664606151,Florida,4086
2021-03-11,46.747257059618185,Florida,4087
2021-03-12,50.81630365271205,Florida,4088
2021-03-13,52.632219131451635,Florida,4089
2021-03-14,47.913422476543765,Florida,4090
2021-03-15,58.570392391652206,Florida,4091
2021-03-16,53.11829835423203,Florida,4092
2021-03-17,36.25084395427071,Florida,4093
2021-03-18,44.955753355706236,Florida,4094
2021-03-19,65.15159699404323,Florida,4095
2021-03-20,65.9151000834071,Florida,4096
2021-03-21,71.36385401459344,Florida,4097
2021-03-22,37.79990874904426,Florida,4098
2021-03-23,53.471433531946204,Florida,4099
2021-03-24,40.31190507544315,Florida,4100
2021-03-25,65.38063734640961,Florida,4101
2021-03-26,39.711811392626494,Florida,4102
2021-03-27,51.77613907087938,Florida,4103
2021-03-28,69.44995712674874,Florida,4104
2021-03-29,53.54116242940566,Florida,4105
2021-03-30,63.85778558994053,Florida,4106
2021-03-31,55.89688855067129,Florida,4107
2021-04-01,57.567046596952835,Florida,4108
2021-04-02,77.28170759602567,Florida,4109
2021-04-03,52.62290924657722,Florida,4110
2021-04-04,52.325005839199996,Florida,4111
2021-04-05,40.371409504172924,Florida,4112
2021-04-06,56.26155836490795,Florida,4113
2021-04-07,53.98342471253587,Florida,4114
2021-04-08,53.44174829868597,Florida,4115
2021-04-09,47.12975828786159,Florida,4116
2021-04-10,54.139293336204055,Florida,4117
2021-04-11,58.49192681177216,Florida,4118
2021-04-12,47.2896933389881,Florida,4119
2021-04-13,40.4064363063484,Florida,4120
2021-04-14,39.30271771984262,Florida,4121
2021-04-15,51.930011907191684,Florida,4122
2021-04-16,54.47812223995984,Florida,4123
2021-04-17,51.84051367611668,Florida,4124
2021-04-18,43.696149320498925,Florida,4125
2021-04-19,63.891209060847736,Florida,4126
2021-04-20,53.7209943535526,Florida,4127
2021-04-21,60.043674946609954,Florida,4128
2021-04-22,32.14798376063143,Florida,4129
2021-04-23,52.37095045382242,Florida,4130
2021-04-24,43.59556922865212,Florida,4131
2021-04-25,40.66660211595335,Florida,4132
2021-04-26,47.06130030506385,Florida,4133
2021-04-27,41.673330292933926,Florida,4134
2021-04-28,43.25570632997083,Florida,4135
2021-04-29,45.878518158459514,Florida,4136
2021-04-30,44.39308405209381,Florida,4137
2021-05-01,64.1433901545038,Florida,4138
2021-05-02,41.54042631166461,Florida,4139
2021-05-03,42.71402705703304,Florida,4140
2021-05-04,64.66800643900429,Florida,4141
2021-05-05,47.11589761549294,Florida,4142
2021-05-06,45.32992647700888,Florida,4143
2021-05-07,42.017544614867134,Florida,4144
2021-05-08,53.56311819151423,Florida,4145
2021-05-09,55.05994757848137,Florida,4146
2021-05-10,51.4258154963091,Florida,4147
2021-05-11,43.267490266130864,Florida,4148
2021-05-12,48.249796649571245,Florida,4149
2021-05-13,66.11346338891403,Florida,4150
2021-05-14,30.156738211096275,Florida,4151
2021-05-15,54.23958500401953,Florida,4152
2021-05-16,49.79513750917371,Florida,4153
2021-05-17,47.4010758021898,Florida,4154
2021-05-18,40.35782728125164,Florida,4155
2021-05-19,64.23860651892922,Florida,4156
2021-05-20,47.5846063486678,Florida,4157
2021-05-21,56.25075748683555,Florida,4158
2021-05-22,69.36238556686183,Florida,4159
2021-05-23,38.54030130558418,Florida,4160
2021-05-24,40.54188931908614,Florida,4161
2021-05-25,43.72179400671985,Florida,4162
2021-05-26,43.65862912741526,Florida,4163
2021-05-27,39.6573818618039,Florida,4164
2021-05-28,28.9718344597211,Florida,4165
2021-05-29,66.06720433288626,Florida,4166
2021-05-30,32.34244358449886,Florida,4167
2021-05-31,45.86554769343622,Florida,4168
2021-06-01,23.189291271528333,Florida,4169
2021-06-02,54.91162571219745,Florida,4170
2021-06-03,45.19325886032923,Florida,4171
2021-06-04,60.04302476306108,Florida,4172
2021-06-05,54.462014922916,Florida,4173
2021-06-06,40.53946126149794,Florida,4174
2021-06-07,30.048480716105637,Florida,4175
2021-06-08,45.09162925958387,Florida,4176
2021-06-09,44.342234805207376,Florida,4177
2021-06-10,40.347921039127215,Florida,4178
2021-06-11,41.5720402102183,Florida,4179
2021-06-12,38.562254925004574,Florida,4180
2021-06-13,37.299829169384736,Florida,4181
2021-06-14,62.46822692381386,Florida,4182
2021-06-15,38.15575606490613,Florida,4183
2021-06-16,55.97481290439056,Florida,4184
2021-06-17,47.007617728321314,Florida,4185
2021-06-18,45.269119344251656,Florida,4186
2021-06-19,48.7148636059115,Florida,4187
2021-06-20,42.374442074360424,Florida,4188
2021-06-21,56.11144970230312,Florida,4189
2021-06-22,54.05077558805516,Florida,4190
2021-06-23,39.39980792203966,Florida,4191
2021-06-24,47.28945085162976,Florida,4192
2021-06-25,36.922733220783925,Florida,4193
2021-06-26,53.45749328329128,Florida,4194
2021-06-27,30.6552853745342,Florida,4195
2021-06-28,40.81341938755834,Florida,4196
2021-06-29,57.15168281599402,Florida,4197
2021-06-30,35.478700308332876,Florida,4198
2021-07-01,30.46819564366409,Florida,4199
2021-07-02,22.91802780325905,Florida,4200
2021-07-03,38.499927852829764,Florida,4201
2021-07-04,15.4424432123837,Florida,4202
2021-07-05,20.42682509181914,Florida,4203
2021-07-06,49.84304247732195,Florida,4204
2021-07-07,48.8909430536972,Florida,4205
2021-07-08,34.84161150671464,Florida,4206
2021-07-09,42.60232672035097,Florida,4207
2021-07-10,39.98221064099646,Florida,4208
2021-07-11,33.63566688504572,Florida,4209
2021-07-12,45.95985319778987,Florida,4210
2021-07-13,30.850431862887763,Florida,4211
2021-07-14,26.407321456798165,Florida,4212
2021-07-15,39.85480096645696,Florida,4213
2021-07-16,43.059749687777554,Florida,4214
2021-07-17,26.889704897834456,Florida,4215
2021-07-18,33.92564378060184,Florida,4216
2021-07-19,26.770237468475813,Florida,4217
2021-07-20,46.59223386520986,Florida,4218
2021-07-21,26.866247340713826,Florida,4219
2021-07-22,44.239656783754846,Florida,4220
2021-07-23,29.169574263896926,Florida,4221
2021-07-24,37.486400070786026,Florida,4222
2021-07-25,53.678326242477084,Florida,4223
2021-07-26,34.79618675101402,Florida,4224
2021-07-27,29.308926618879003,Florida,4225
2021-07-28,37.02506007152805,Florida,4226
2021-07-29,33.58933601608863,Florida,4227
2021-07-30,31.221115414211944,Florida,4228
2021-07-31,43.27253056484878,Florida,4229
2021-08-01,44.21294362986034,Florida,4230
2021-08-02,19.599015922323208,Florida,4231
2021-08-03,26.480185673391272,Florida,4232
2021-08-04,19.05376639977853,Florida,4233
2021-08-05,25.298305833771963,Florida,4234
2021-08-06,22.243063123937603,Florida,4235
2021-08-07,30.4453354900536,Florida,4236
2021-08-08,31.996885930430107,Florida,4237
2021-08-09,31.679170555141894,Florida,4238
2021-08-10,32.76644986318889,Florida,4239
2021-08-11,28.695508590440394,Florida,4240
2021-08-12,26.810676435522844,Florida,4241
2021-08-13,18.06150975105253,Florida,4242
2021-08-14,32.30055918066476,Florida,4243
2021-08-15,29.770978285463272,Florida,4244
2021-08-16,42.39015978409843,Florida,4245
2021-08-17,11.417532670965205,Florida,4246
2021-08-18,31.971353237638507,Florida,4247
2021-08-19,52.01868355038944,Florida,4248
2021-08-20,41.929221394532796,Florida,4249
2021-08-21,34.53334476756263,Florida,4250
2021-08-22,39.533050217911956,Florida,4251
2021-08-23,48.57157806878824,Florida,4252
2021-08-24,45.02102230070522,Florida,4253
2021-08-25,38.0514281451368,Florida,4254
2021-08-26,40.19126041730059,Florida,4255
2021-08-27,38.425128833744566,Florida,4256
2021-08-28,13.69581998888026,Florida,4257
2021-08-29,39.164631198803484,Florida,4258
2021-08-30,35.01378158463911,Florida,4259
2021-08-31,20.20282561508011,Florida,4260
2021-09-01,14.410222241214672,Florida,4261
2021-09-02,29.524140999327763,Florida,4262
2021-09-03,46.664610863903604,Florida,4263
2021-09-04,26.43345218404138,Florida,4264
2021-09-05,29.476778894757366,Florida,4265
2021-09-06,33.554756400319135,Florida,4266
2021-09-07,31.000069289454924,Florida,4267
2021-09-08,28.260356248078757,Florida,4268
2021-09-09,40.6508649415219,Florida,4269
2021-09-10,34.54651978802939,Florida,4270
2021-09-11,43.19241348799366,Florida,4271
2021-09-12,34.72908825461465,Florida,4272
2021-09-13,43.81221881755302,Florida,4273
2021-09-14,28.211258591426876,Florida,4274
2021-09-15,38.536301977116764,Florida,4275
2021-09-16,41.1352614716663,Florida,4276
2021-09-17,47.26697438641562,Florida,4277
2021-09-18,31.07764537527781,Florida,4278
2021-09-19,47.82516099832708,Florida,4279
2021-09-20,31.499842431272164,Florida,4280
2021-09-21,30.23409441676529,Florida,4281
2021-09-22,30.24999900076405,Florida,4282
2021-09-23,25.263100052695407,Florida,4283
2021-09-24,46.354205760423326,Florida,4284
2021-09-25,32.8494712916694,Florida,4285
2021-09-26,2.995446786349106,Florida,4286
2021-09-27,19.780446851897608,Florida,4287
2021-09-28,33.1772989994026,Florida,4288
2021-09-29,31.694314173570636,Florida,4289
2021-09-30,28.53538064453274,Florida,4290
2021-10-01,30.770585720078174,Florida,4291
2021-10-02,24.8841875347399,Florida,4292
2021-10-03,32.787691366850964,Florida,4293
2021-10-04,37.484732224008766,Florida,4294
2021-10-05,35.38645390568213,Florida,4295
2021-10-06,28.687632561894006,Florida,4296
2021-10-07,30.517731391170095,Florida,4297
2021-10-08,20.71906057616046,Florida,4298
2021-10-09,31.20855209324006,Florida,4299
2021-10-10,36.29227265737632,Florida,4300
2021-10-11,25.150723520779408,Florida,4301
2021-10-12,49.287242725671604,Florida,4302
2021-10-13,29.628620848167717,Florida,4303
2021-10-14,25.456515774581465,Florida,4304
2021-10-15,34.92527734276639,Florida,4305
2021-10-16,38.906358297053245,Florida,4306
2021-10-17,22.478201517269905,Florida,4307
2021-10-18,30.976173566235417,Florida,4308
2021-10-19,32.314146800465856,Florida,4309
2021-10-20,16.183693937272267,Florida,4310
2021-10-21,35.881926771114394,Florida,4311
2021-10-22,22.40694964576757,Florida,4312
2021-10-23,19.5332646671389,Florida,4313
2021-10-24,49.26143303088022,Florida,4314
2021-10-25,26.50919745493103,Florida,4315
2021-10-26,38.480024253983295,Florida,4316
2021-10-27,27.770839511049978,Florida,4317
2021-10-28,49.46879994282958,Florida,4318
2021-10-29,30.501819174007395,Florida,4319
2021-10-30,35.03338701273632,Florida,4320
2021-10-31,40.31634322216012,Florida,4321
2021-11-01,40.33052998773178,Florida,4322
2021-11-02,31.63321518031736,Florida,4323
2021-11-03,29.772857521888483,Florida,4324
2021-11-04,36.96057107239454,Florida,4325
2021-11-05,30.919968128356206,Florida,4326
2021-11-06,29.698504141309524,Florida,4327
2021-11-07,8.487700481386629,Florida,4328
2021-11-08,56.75061325302442,Florida,4329
2021-11-09,26.207434345503312,Florida,4330
2021-11-10,28.673197084201494,Florida,4331
2021-11-11,28.640871651553738,Florida,4332
2021-11-12,31.871826882477006,Florida,4333
2021-11-13,14.188565493754954,Florida,4334
2021-11-14,42.046972941725144,Florida,4335
2021-11-15,40.28898391317989,Florida,4336
2021-11-16,22.209092512535996,Florida,4337
2021-11-17,24.143054047010338,Florida,4338
2021-11-18,36.37654767620166,Florida,4339
2021-11-19,28.63745003619012,Florida,4340
2021-11-20,17.95039658283827,Florida,4341
2021-11-21,37.171912118471695,Florida,4342
2021-11-22,33.63294215219202,Florida,4343
2021-11-23,24.642924978542514,Florida,4344
2021-11-24,48.591333459601444,Florida,4345
2021-11-25,17.307680236729375,Florida,4346
2021-11-26,17.02340579760124,Florida,4347
2021-11-27,49.79396251638712,Florida,4348
2021-11-28,28.36892688888185,Florida,4349
2021-11-29,37.244545056828564,Florida,4350
2021-11-30,35.38332001527007,Florida,4351
2021-12-01,36.051265620771694,Florida,4352
2021-12-02,46.04794710095305,Florida,4353
2021-12-03,39.206870905067376,Florida,4354
2021-12-04,32.26604380600876,Florida,4355
2021-12-05,35.58956532583254,Florida,4356
2021-12-06,52.375283052208246,Florida,4357
2021-12-07,51.01004368085216,Florida,4358
2021-12-08,48.81542611960016,Florida,4359
2021-12-09,29.84534716204583,Florida,4360
2021-12-10,44.05399466446047,Florida,4361
2021-12-11,22.00765277095605,Florida,4362
2021-12-12,46.74315481878756,Florida,4363
2021-12-13,23.971618627033173,Florida,4364
2021-12-14,46.21830066017693,Florida,4365
2021-12-15,20.081633816848715,Florida,4366
2021-12-16,53.663741582253394,Florida,4367
2021-12-17,33.65195170865624,Florida,4368
2021-12-18,27.260507577633287,Florida,4369
2021-12-19,49.474491410637384,Florida,4370
2021-12-20,43.21459432312739,Florida,4371
2021-12-21,51.26811938924003,Florida,4372
2021-12-22,41.77294503693955,Florida,4373
2021-12-23,37.70106715112076,Florida,4374
2021-12-24,46.31735229519106,Florida,4375
2021-12-25,44.27987041880326,Florida,4376
2021-12-26,45.451925438445514,Florida,4377
2021-12-27,28.803403912527635,Florida,4378
2021-12-28,55.400710603231374,Florida,4379
2021-12-29,36.685771678687225,Florida,4380
2021-12-30,47.98007471245618,Florida,4381
2021-12-31,40.465622628506125,Florida,4382
2022-01-01,37.799563032489615,Florida,4383
2022-01-02,43.51978529212911,Florida,4384
2022-01-03,42.271208145760795,Florida,4385
2022-01-04,36.05523791127028,Florida,4386
2022-01-05,44.805887193543114,Florida,4387
2022-01-06,46.88625940228788,Florida,4388
2022-01-07,53.17323118133412,Florida,4389
2022-01-08,45.57121516643073,Florida,4390
2022-01-09,30.4772073195707,Florida,4391
2022-01-10,51.27536510280012,Florida,4392
2022-01-11,54.37200686201342,Florida,4393
2022-01-12,52.119885693683585,Florida,4394
2022-01-13,43.82402747599061,Florida,4395
2022-01-14,34.80433496706482,Florida,4396
2022-01-15,60.64341643529421,Florida,4397
2022-01-16,26.53285780874497,Florida,4398
2022-01-17,42.704032516537495,Florida,4399
2022-01-18,47.50108499440768,Florida,4400
2022-01-19,31.09324832085143,Florida,4401
2022-01-20,26.092122232079316,Florida,4402
2022-01-21,36.339064086297,Florida,4403
2022-01-22,40.956035970500885,Florida,4404
2022-01-23,45.80081261934242,Florida,4405
2022-01-24,25.13343714142477,Florida,4406
2022-01-25,31.326340631498557,Florida,4407
2022-01-26,29.265556192051246,Florida,4408
2022-01-27,57.74989629929044,Florida,4409
2022-01-28,39.03493767622678,Florida,4410
2022-01-29,29.423446708627154,Florida,4411
2022-01-30,41.457756356616436,Florida,4412
2022-01-31,63.52581859895002,Florida,4413
2022-02-01,36.95309611632448,Florida,4414
2022-02-02,34.59701056161685,Florida,4415
2022-02-03,50.38690952362252,Florida,4416
2022-02-04,47.428830631664546,Florida,4417
2022-02-05,48.46077935119147,Florida,4418
2022-02-06,53.709213585794394,Florida,4419
2022-02-07,65.41761421878337,Florida,4420
2022-02-08,40.39446561167497,Florida,4421
2022-02-09,53.87779289367129,Florida,4422
2022-02-10,52.23025126554259,Florida,4423
2022-02-11,60.872207006402576,Florida,4424
2022-02-12,28.449875672723238,Florida,4425
2022-02-13,54.43019090136095,Florida,4426
2022-02-14,46.97637663150687,Florida,4427
2022-02-15,51.02853025637437,Florida,4428
2022-02-16,43.51384447427424,Florida,4429
2022-02-17,52.72696796376436,Florida,4430
2022-02-18,47.68366548485713,Florida,4431
2022-02-19,34.5888226794481,Florida,4432
2022-02-20,51.25931115083944,Florida,4433
2022-02-21,41.438692756490994,Florida,4434
2022-02-22,54.0291746371246,Florida,4435
2022-02-23,65.33534888268917,Florida,4436
2022-02-24,42.95330652078151,Florida,4437
2022-02-25,41.0892282112671,Florida,4438
2022-02-26,30.79311659782232,Florida,4439
2022-02-27,51.27535094456698,Florida,4440
2022-02-28,51.05552892993438,Florida,4441
2022-03-01,69.17139286801998,Florida,4442
2022-03-02,51.19331827560192,Florida,4443
2022-03-03,60.36656751707494,Florida,4444
2022-03-04,52.2047225357411,Florida,4445
2022-03-05,40.556705848478074,Florida,4446
2022-03-06,54.41697372330586,Florida,4447
2022-03-07,39.02469534321775,Florida,4448
2022-03-08,57.98116190147692,Florida,4449
2022-03-09,51.382667082508014,Florida,4450
2022-03-10,61.61880823611835,Florida,4451
2022-03-11,38.363276291258856,Florida,4452
2022-03-12,50.667742851916216,Florida,4453
2022-03-13,44.92736658539357,Florida,4454
2022-03-14,62.99349721279174,Florida,4455
2022-03-15,38.025645924771005,Florida,4456
2022-03-16,41.63812244917515,Florida,4457
2022-03-17,37.19242272532679,Florida,4458
2022-03-18,50.04840695257461,Florida,4459
2022-03-19,57.657532298872354,Florida,4460
2022-03-20,51.02724986129935,Florida,4461
2022-03-21,54.76837331619182,Florida,4462
2022-03-22,69.58564507411025,Florida,4463
2022-03-23,45.536099040891095,Florida,4464
2022-03-24,57.89758625252926,Florida,4465
2022-03-25,59.67641699113261,Florida,4466
2022-03-26,54.26866058899781,Florida,4467
2022-03-27,63.837217050156845,Florida,4468
2022-03-28,52.981647178511736,Florida,4469
2022-03-29,54.845880161377956,Florida,4470
2022-03-30,51.17460347401177,Florida,4471
2022-03-31,34.637655711051266,Florida,4472
2022-04-01,52.65962112719385,Florida,4473
2022-04-02,43.00669246171402,Florida,4474
2022-04-03,34.323198492643584,Florida,4475
2022-04-04,63.86054777927168,Florida,4476
2022-04-05,48.314073736881596,Florida,4477
2022-04-06,50.652264745050125,Florida,4478
2022-04-07,50.19184000867331,Florida,4479
2022-04-08,44.26993751575066,Florida,4480
2022-04-09,43.86589388904016,Florida,4481
2022-04-10,54.458121944392055,Florida,4482
2022-04-11,53.492321464143316,Florida,4483
2022-04-12,48.76036277801912,Florida,4484
2022-04-13,43.93883430465459,Florida,4485
2022-04-14,47.21186342426964,Florida,4486
2022-04-15,41.01037604588708,Florida,4487
2022-04-16,63.19734281271785,Florida,4488
2022-04-17,54.02701495027282,Florida,4489
2022-04-18,67.30519046690364,Florida,4490
2022-04-19,63.413002661989275,Florida,4491
2022-04-20,53.95731870277509,Florida,4492
2022-04-21,54.16125630638331,Florida,4493
2022-04-22,41.92579304372894,Florida,4494
2022-04-23,39.938681999685706,Florida,4495
2022-04-24,63.41260551754951,Florida,4496
2022-04-25,52.21539512366478,Florida,4497
2022-04-26,47.40712514202506,Florida,4498
2022-04-27,54.055909297218044,Florida,4499
2022-04-28,30.628029541544315,Florida,4500
2022-04-29,50.16205907585524,Florida,4501
2022-04-30,42.64139459974618,Florida,4502
2022-05-01,37.86352366846762,Florida,4503
2022-05-02,27.801607508012836,Florida,4504
2022-05-03,58.95360741005738,Florida,4505
2022-05-04,44.94068794745256,Florida,4506
2022-05-05,45.66600298465682,Florida,4507
2022-05-06,51.61582698104617,Florida,4508
2022-05-07,54.55695586794394,Florida,4509
2022-05-08,67.63614071384103,Florida,4510
2022-05-09,47.65036560405261,Florida,4511
2022-05-10,52.27745304743518,Florida,4512
2022-05-11,58.10151331523072,Florida,4513
2022-05-12,46.080508222229646,Florida,4514
2022-05-13,54.19626098631475,Florida,4515
2022-05-14,47.74870728512032,Florida,4516
2022-05-15,33.66092100247283,Florida,4517
2022-05-16,27.958526387675953,Florida,4518
2022-05-17,44.62886495264784,Florida,4519
2022-05-18,33.14221109458545,Florida,4520
2022-05-19,45.87178412785456,Florida,4521
2022-05-20,52.41068410030166,Florida,4522
2022-05-21,39.51858526699213,Florida,4523
2022-05-22,51.24923908146639,Florida,4524
2022-05-23,38.38958993448291,Florida,4525
2022-05-24,35.86188452037686,Florida,4526
2022-05-25,37.429322170066186,Florida,4527
2022-05-26,45.33459117336711,Florida,4528
2022-05-27,65.6285921954015,Florida,4529
2022-05-28,59.41662688532121,Florida,4530
2022-05-29,57.513569203763,Florida,4531
2022-05-30,18.216865664993236,Florida,4532
2022-05-31,54.24674882384093,Florida,4533
2022-06-01,35.31351062034754,Florida,4534
2022-06-02,47.121735043179456,Florida,4535
2022-06-03,50.4752830973284,Florida,4536
2022-06-04,54.45200949007709,Florida,4537
2022-06-05,41.08100949869522,Florida,4538
2022-06-06,48.22907993447399,Florida,4539
2022-06-07,47.29440374935519,Florida,4540
2022-06-08,57.58414649194819,Florida,4541
2022-06-09,56.071524932046174,Florida,4542
2022-06-10,65.00327503577789,Florida,4543
2022-06-11,32.50920100864673,Florida,4544
2022-06-12,49.169936405898994,Florida,4545
2022-06-13,53.36446330329899,Florida,4546
2022-06-14,28.20660048348793,Florida,4547
2022-06-15,49.05931977678826,Florida,4548
2022-06-16,46.15438020557607,Florida,4549
2022-06-17,28.328272397615905,Florida,4550
2022-06-18,38.9828460146471,Florida,4551
2022-06-19,43.40202929587837,Florida,4552
2022-06-20,34.37834839724986,Florida,4553
2022-06-21,17.706437999737428,Florida,4554
2022-06-22,57.55762903019041,Florida,4555
2022-06-23,43.05598003167799,Florida,4556
2022-06-24,34.892881318341345,Florida,4557
2022-06-25,41.37496027840554,Florida,4558
2022-06-26,33.23849149484105,Florida,4559
2022-06-27,47.26354022757717,Florida,4560
2022-06-28,36.28897334113502,Florida,4561
2022-06-29,37.523388691917795,Florida,4562
2022-06-30,37.3213502035336,Florida,4563
2022-07-01,29.254270930393623,Florida,4564
2022-07-02,33.644686885044905,Florida,4565
2022-07-03,40.62934148916595,Florida,4566
2022-07-04,30.68803323913201,Florida,4567
2022-07-05,22.089343900868293,Florida,4568
2022-07-06,43.54613904431444,Florida,4569
2022-07-07,28.66334131838501,Florida,4570
2022-07-08,36.88683003100369,Florida,4571
2022-07-09,37.516511576720994,Florida,4572
2022-07-10,10.950952965755253,Florida,4573
2022-07-11,37.09073042437677,Florida,4574
2022-07-12,41.53733892436585,Florida,4575
2022-07-13,50.523490891471496,Florida,4576
2022-07-14,28.03233574553396,Florida,4577
2022-07-15,76.53260595273954,Florida,4578
2022-07-16,24.832525642529205,Florida,4579
2022-07-17,40.715995200758755,Florida,4580
2022-07-18,39.995183276732504,Florida,4581
2022-07-19,62.86326051710773,Florida,4582
2022-07-20,35.504281788110525,Florida,4583
2022-07-21,43.904334145450456,Florida,4584
2022-07-22,27.312801990386756,Florida,4585
2022-07-23,24.193036548447328,Florida,4586
2022-07-24,44.52807095581357,Florida,4587
2022-07-25,42.605717697606714,Florida,4588
2022-07-26,25.48745782794822,Florida,4589
2022-07-27,43.7068972541326,Florida,4590
2022-07-28,12.827089219495644,Florida,4591
2022-07-29,23.17155382826369,Florida,4592
2022-07-30,31.807486738689896,Florida,4593
2022-07-31,55.947908615114784,Florida,4594
2022-08-01,35.99499815055417,Florida,4595
2022-08-02,31.730310187023697,Florida,4596
2022-08-03,26.686956178316883,Florida,4597
2022-08-04,41.57024388180155,Florida,4598
2022-08-05,28.139581046182236,Florida,4599
2022-08-06,40.23090613626199,Florida,4600
2022-08-07,30.323393408479877,Florida,4601
2022-08-08,25.183356540521423,Florida,4602
2022-08-09,42.000721237373874,Florida,4603
2022-08-10,37.54701589087809,Florida,4604
2022-08-11,33.93467886073274,Florida,4605
2022-08-12,33.39848787633519,Florida,4606
2022-08-13,19.05612606761203,Florida,4607
2022-08-14,34.237075042573636,Florida,4608
2022-08-15,38.41763114540377,Florida,4609
2022-08-16,31.27051579025771,Florida,4610
2022-08-17,39.24208451515899,Florida,4611
2022-08-18,20.606949967004056,Florida,4612
2022-08-19,30.676480909035213,Florida,4613
2022-08-20,27.042332791104126,Florida,4614
2022-08-21,38.04072294146292,Florida,4615
2022-08-22,37.986547547189765,Florida,4616
2022-08-23,45.36098496721783,Florida,4617
2022-08-24,24.268693304235967,Florida,4618
2022-08-25,34.23410407420858,Florida,4619
2022-08-26,25.212187760324753,Florida,4620
2022-08-27,27.502061576221855,Florida,4621
2022-08-28,27.250155445535775,Florida,4622
2022-08-29,45.35497925979558,Florida,4623
2022-08-30,15.083685636351547,Florida,4624
2022-08-31,46.00915293235492,Florida,4625
2022-09-01,15.500539007107445,Florida,4626
2022-09-02,16.529468640433254,Florida,4627
2022-09-03,33.22735424704348,Florida,4628
2022-09-04,35.50219664805579,Florida,4629
2022-09-05,39.96377112338552,Florida,4630
2022-09-06,31.83713056071448,Florida,4631
2022-09-07,38.75291340649205,Florida,4632
2022-09-08,47.073648494801745,Florida,4633
2022-09-09,23.537282033784507,Florida,4634
2022-09-10,32.24209463896875,Florida,4635
2022-09-11,25.902134502845055,Florida,4636
2022-09-12,26.912367822951474,Florida,4637
2022-09-13,38.21002299848424,Florida,4638
2022-09-14,19.248277618034578,Florida,4639
2022-09-15,45.68940464226307,Florida,4640
2022-09-16,27.40963352549074,Florida,4641
2022-09-17,18.542553176759665,Florida,4642
2022-09-18,28.72653697752466,Florida,4643
2022-09-19,24.372041591438375,Florida,4644
2022-09-20,30.56559701392847,Florida,4645
2022-09-21,27.20121939212791,Florida,4646
2022-09-22,35.712594185344884,Florida,4647
2022-09-23,26.665895801556985,Florida,4648
2022-09-24,22.872318460771872,Florida,4649
2022-09-25,22.55820805095818,Florida,4650
2022-09-26,36.82977498937956,Florida,4651
2022-09-27,22.356518096971687,Florida,4652
2022-09-28,27.37005919491039,Florida,4653
2022-09-29,35.91592907960458,Florida,4654
2022-09-30,40.929706132937795,Florida,4655
2022-10-01,36.195206190088065,Florida,4656
2022-10-02,31.71017848142533,Florida,4657
2022-10-03,9.322289000856216,Florida,4658
2022-10-04,16.656554353279414,Florida,4659
2022-10-05,45.5805466411816,Florida,4660
2022-10-06,38.19505765617191,Florida,4661
2022-10-07,24.226972064813047,Florida,4662
2022-10-08,39.868021036631674,Florida,4663
2022-10-09,38.0094400669231,Florida,4664
2022-10-10,25.834377319654617,Florida,4665
2022-10-11,55.681810551336255,Florida,4666
2022-10-12,19.478289364441707,Florida,4667
2022-10-13,38.90953120253221,Florida,4668
2022-10-14,24.137586367338276,Florida,4669
2022-10-15,35.73503319072114,Florida,4670
2022-10-16,31.094621354208343,Florida,4671
2022-10-17,28.792510153810053,Florida,4672
2022-10-18,32.13066710177104,Florida,4673
2022-10-19,32.05767761186281,Florida,4674
2022-10-20,30.498342665741333,Florida,4675
2022-10-21,36.11878090314455,Florida,4676
2022-10-22,42.0301677701054,Florida,4677
2022-10-23,39.45220448880165,Florida,4678
2022-10-24,26.891602853091126,Florida,4679
2022-10-25,26.189731439219727,Florida,4680
2022-10-26,31.474433821495566,Florida,4681
2022-10-27,41.90244079196176,Florida,4682
2022-10-28,36.53512283848112,Florida,4683
2022-10-29,22.8394090827653,Florida,4684
2022-10-30,17.265194199954195,Florida,4685
2022-10-31,39.25909865471649,Florida,4686
2022-11-01,26.591932622096778,Florida,4687
2022-11-02,28.55467131924063,Florida,4688
2022-11-03,31.40739572168159,Florida,4689
2022-11-04,43.45799141144519,Florida,4690
2022-11-05,31.89446632822209,Florida,4691
2022-11-06,30.4950639092734,Florida,4692
2022-11-07,43.004714639495205,Florida,4693
2022-11-08,44.857885633633536,Florida,4694
2022-11-09,25.4193788475196,Florida,4695
2022-11-10,39.95148894857862,Florida,4696
2022-11-11,25.419471486506097,Florida,4697
2022-11-12,21.439359176748486,Florida,4698
2022-11-13,30.396340423797277,Florida,4699
2022-11-14,33.77972822028206,Florida,4700
2022-11-15,36.48225894124838,Florida,4701
2022-11-16,36.24322917313699,Florida,4702
2022-11-17,28.47148302724191,Florida,4703
2022-11-18,24.478875371166012,Florida,4704
2022-11-19,34.59007603490808,Florida,4705
2022-11-20,48.35095056896152,Florida,4706
2022-11-21,28.72513192734087,Florida,4707
2022-11-22,37.12103971705326,Florida,4708
2022-11-23,31.910168639695765,Florida,4709
2022-11-24,35.8936154561786,Florida,4710
2022-11-25,21.800698197847396,Florida,4711
2022-11-26,23.516886066219904,Florida,4712
2022-11-27,38.90195378007703,Florida,4713
2022-11-28,16.948680426055514,Florida,4714
2022-11-29,46.63938690336431,Florida,4715
2022-11-30,37.780502208193354,Florida,4716
2022-12-01,39.05217188693237,Florida,4717
2022-12-02,32.799192058911956,Florida,4718
2022-12-03,35.57797177184719,Florida,4719
2022-12-04,30.457375019091774,Florida,4720
2022-12-05,48.49408386680586,Florida,4721
2022-12-06,25.195757034810473,Florida,4722
2022-12-07,38.86057648600858,Florida,4723
2022-12-08,21.24931288077851,Florida,4724
2022-12-09,40.61527475892084,Florida,4725
2022-12-10,33.87166036381959,Florida,4726
2022-12-11,35.09085477467699,Florida,4727
2022-12-12,37.11481636797123,Florida,4728
2022-12-13,35.30752261191352,Florida,4729
2022-12-14,27.176998246789896,Florida,4730
2022-12-15,30.094605086965828,Florida,4731
2022-12-16,28.805153952102444,Florida,4732
2022-12-17,23.313943972015164,Florida,4733
2022-12-18,40.707401979022734,Florida,4734
2022-12-19,29.423699612503324,Florida,4735
2022-12-20,43.05744915778274,Florida,4736
2022-12-21,41.93294069989304,Florida,4737
2022-12-22,30.97077208810038,Florida,4738
2022-12-23,50.23214583708423,Florida,4739
2022-12-24,36.56631369126672,Florida,4740
2022-12-25,50.82006330390021,Florida,4741
2022-12-26,40.839890944152046,Florida,4742
2022-12-27,31.997030084365804,Florida,4743
2022-12-28,37.386309793124994,Florida,4744
2022-12-29,31.215927078192752,Florida,4745
2022-12-30,53.299716757673934,Florida,4746
2022-12-31,42.309223762965125,Florida,4747
