Date,AQI,State,Site ID
2010-01-01,37.48275862068966,Washington,0
2010-01-02,35.43333333333333,Washington,0
2010-01-03,48.10344827586207,Washington,0
2010-01-04,41.0,Washington,0
2010-01-05,41.1,Washington,0
2010-01-06,35.44827586206897,Washington,0
2010-01-07,43.44827586206897,Washington,0
2010-01-08,39.63333333333333,Washington,0
2010-01-09,44.62068965517241,Washington,0
2010-01-10,50.724137931034484,Washington,0
2010-01-11,45.13333333333333,Washington,0
2010-01-12,40.62068965517241,Washington,0
2010-01-13,39.275862068965516,Washington,0
2010-01-14,31.266666666666666,Washington,0
2010-01-15,34.241379310344826,Washington,0
2010-01-16,36.93103448275862,Washington,0
2010-01-17,33.63333333333333,Washington,0
2010-01-18,35.107142857142854,Washington,0
2010-01-19,31.571428571428573,Washington,0
2010-01-20,34.275862068965516,Washington,0
2010-01-21,39.62068965517241,Washington,0
2010-01-22,45.689655172413794,Washington,0
2010-01-23,46.06666666666667,Washington,0
2010-01-24,44.48275862068966,Washington,0
2010-01-25,41.51724137931034,Washington,0
2010-01-26,45.43333333333333,Washington,0
2010-01-27,47.827586206896555,Washington,0
2010-01-28,51.48275862068966,Washington,0
2010-01-29,52.266666666666666,Washington,0
2010-01-30,50.93103448275862,Washington,0
2010-01-31,45.241379310344826,Washington,0
2010-02-01,43.63333333333333,Washington,0
2010-02-02,42.10344827586207,Washington,0
2010-02-03,43.275862068965516,Washington,0
2010-02-04,37.63333333333333,Washington,0
2010-02-05,34.758620689655174,Washington,0
2010-02-06,37.275862068965516,Washington,0
2010-02-07,42.06666666666667,Washington,0
2010-02-08,47.92857142857143,Washington,0
2010-02-09,50.857142857142854,Washington,0
2010-02-10,47.3448275862069,Washington,0
2010-02-11,34.55555555555556,Washington,0
2010-02-12,28.392857142857142,Washington,0
2010-02-13,34.63333333333333,Washington,0
2010-02-14,37.75,Washington,0
2010-02-15,38.892857142857146,Washington,0
2010-02-16,34.833333333333336,Washington,0
2010-02-17,37.0,Washington,0
2010-02-18,41.785714285714285,Washington,0
2010-02-19,45.4,Washington,0
2010-02-20,50.275862068965516,Washington,0
2010-02-21,51.13793103448276,Washington,0
2010-02-22,53.333333333333336,Washington,0
2010-02-23,50.0,Washington,0
2010-02-24,36.06896551724138,Washington,0
2010-02-25,29.1,Washington,0
2010-02-26,26.344827586206897,Washington,0
2010-02-27,27.93103448275862,Washington,0
2010-02-28,37.43333333333333,Washington,0
2010-03-01,44.51724137931034,Washington,0
2010-03-02,38.62068965517241,Washington,0
2010-03-03,33.3,Washington,0
2010-03-04,34.3448275862069,Washington,0
2010-03-05,41.642857142857146,Washington,0
2010-03-06,45.44827586206897,Washington,0
2010-03-07,45.32142857142857,Washington,0
2010-03-08,28.75,Washington,0
2010-03-09,31.79310344827586,Washington,0
2010-03-10,31.285714285714285,Washington,0
2010-03-11,24.571428571428573,Washington,0
2010-03-12,21.96551724137931,Washington,0
2010-03-13,24.035714285714285,Washington,0
2010-03-14,37.035714285714285,Washington,0
2010-03-15,33.827586206896555,Washington,0
2010-03-16,31.142857142857142,Washington,0
2010-03-17,24.071428571428573,Washington,0
2010-03-18,27.1,Washington,0
2010-03-19,32.62068965517241,Washington,0
2010-03-20,37.06896551724138,Washington,0
2010-03-21,28.0,Washington,0
2010-03-22,22.620689655172413,Washington,0
2010-03-23,31.035714285714285,Washington,0
2010-03-24,37.0,Washington,0
2010-03-25,26.071428571428573,Washington,0
2010-03-26,25.928571428571427,Washington,0
2010-03-27,42.41379310344828,Washington,0
2010-03-28,27.5,Washington,0
2010-03-29,17.428571428571427,Washington,0
2010-03-30,17.0,Washington,0
2010-03-31,21.035714285714285,Washington,0
2010-04-01,23.214285714285715,Washington,0
2010-04-02,20.448275862068964,Washington,0
2010-04-03,19.857142857142858,Washington,0
2010-04-04,24.107142857142858,Washington,0
2010-04-05,18.862068965517242,Washington,0
2010-04-06,18.857142857142858,Washington,0
2010-04-07,29.25,Washington,0
2010-04-08,20.310344827586206,Washington,0
2010-04-09,24.214285714285715,Washington,0
2010-04-10,28.5,Washington,0
2010-04-11,30.17241379310345,Washington,0
2010-04-12,32.035714285714285,Washington,0
2010-04-13,30.03448275862069,Washington,0
2010-04-14,32.333333333333336,Washington,0
2010-04-15,29.17241379310345,Washington,0
2010-04-16,33.48275862068966,Washington,0
2010-04-17,28.666666666666668,Washington,0
2010-04-18,26.551724137931036,Washington,0
2010-04-19,29.689655172413794,Washington,0
2010-04-20,27.433333333333334,Washington,0
2010-04-21,20.448275862068964,Washington,0
2010-04-22,25.620689655172413,Washington,0
2010-04-23,28.866666666666667,Washington,0
2010-04-24,18.137931034482758,Washington,0
2010-04-25,20.20689655172414,Washington,0
2010-04-26,27.166666666666668,Washington,0
2010-04-27,18.620689655172413,Washington,0
2010-04-28,14.379310344827585,Washington,0
2010-04-29,15.3,Washington,0
2010-04-30,16.586206896551722,Washington,0
2010-05-01,20.103448275862068,Washington,0
2010-05-02,20.133333333333333,Washington,0
2010-05-03,29.0,Washington,0
2010-05-04,19.785714285714285,Washington,0
2010-05-05,22.0,Washington,0
2010-05-06,22.620689655172413,Washington,0
2010-05-07,25.275862068965516,Washington,0
2010-05-08,27.066666666666666,Washington,0
2010-05-09,26.75862068965517,Washington,0
2010-05-10,23.82758620689655,Washington,0
2010-05-11,28.366666666666667,Washington,0
2010-05-12,29.517241379310345,Washington,0
2010-05-13,34.241379310344826,Washington,0
2010-05-14,36.43333333333333,Washington,0
2010-05-15,34.275862068965516,Washington,0
2010-05-16,34.37931034482759,Washington,0
2010-05-17,34.63333333333333,Washington,0
2010-05-18,22.06896551724138,Washington,0
2010-05-19,21.24137931034483,Washington,0
2010-05-20,21.1,Washington,0
2010-05-21,19.535714285714285,Washington,0
2010-05-22,20.107142857142858,Washington,0
2010-05-23,19.82758620689655,Washington,0
2010-05-24,20.357142857142858,Washington,0
2010-05-25,20.607142857142858,Washington,0
2010-05-26,23.03448275862069,Washington,0
2010-05-27,21.0,Washington,0
2010-05-28,18.517241379310345,Washington,0
2010-05-29,16.9,Washington,0
2010-05-30,23.137931034482758,Washington,0
2010-05-31,18.178571428571427,Washington,0
2010-06-01,19.866666666666667,Washington,0
2010-06-02,17.24137931034483,Washington,0
2010-06-03,18.79310344827586,Washington,0
2010-06-04,19.2,Washington,0
2010-06-05,21.689655172413794,Washington,0
2010-06-06,23.896551724137932,Washington,0
2010-06-07,19.9,Washington,0
2010-06-08,22.20689655172414,Washington,0
2010-06-09,19.0,Washington,0
2010-06-10,16.566666666666666,Washington,0
2010-06-11,17.714285714285715,Washington,0
2010-06-12,23.689655172413794,Washington,0
2010-06-13,25.266666666666666,Washington,0
2010-06-14,24.17241379310345,Washington,0
2010-06-15,20.310344827586206,Washington,0
2010-06-16,21.033333333333335,Washington,0
2010-06-17,20.655172413793103,Washington,0
2010-06-18,21.75862068965517,Washington,0
2010-06-19,22.466666666666665,Washington,0
2010-06-20,19.586206896551722,Washington,0
2010-06-21,19.517241379310345,Washington,0
2010-06-22,26.433333333333334,Washington,0
2010-06-23,32.172413793103445,Washington,0
2010-06-24,24.724137931034484,Washington,0
2010-06-25,21.233333333333334,Washington,0
2010-06-26,22.96551724137931,Washington,0
2010-06-27,21.20689655172414,Washington,0
2010-06-28,21.066666666666666,Washington,0
2010-06-29,20.724137931034484,Washington,0
2010-06-30,19.82758620689655,Washington,0
2010-07-01,22.633333333333333,Washington,0
2010-07-02,18.75862068965517,Washington,0
2010-07-03,20.724137931034484,Washington,0
2010-07-04,28.166666666666668,Washington,0
2010-07-05,23.0,Washington,0
2010-07-06,26.82758620689655,Washington,0
2010-07-07,33.2,Washington,0
2010-07-08,47.48275862068966,Washington,0
2010-07-09,48.42857142857143,Washington,0
2010-07-10,36.9,Washington,0
2010-07-11,32.41379310344828,Washington,0
2010-07-12,26.896551724137932,Washington,0
2010-07-13,23.833333333333332,Washington,0
2010-07-14,27.344827586206897,Washington,0
2010-07-15,31.24137931034483,Washington,0
2010-07-16,28.7,Washington,0
2010-07-17,28.392857142857142,Washington,0
2010-07-18,30.535714285714285,Washington,0
2010-07-19,35.55172413793103,Washington,0
2010-07-20,39.7037037037037,Washington,0
2010-07-21,37.758620689655174,Washington,0
2010-07-22,29.533333333333335,Washington,0
2010-07-23,26.344827586206897,Washington,0
2010-07-24,30.03448275862069,Washington,0
2010-07-25,31.933333333333334,Washington,0
2010-07-26,35.51724137931034,Washington,0
2010-07-27,37.96551724137931,Washington,0
2010-07-28,37.2,Washington,0
2010-07-29,37.25,Washington,0
2010-07-30,40.857142857142854,Washington,0
2010-07-31,41.241379310344826,Washington,0
2010-08-01,40.857142857142854,Washington,0
2010-08-02,50.92857142857143,Washington,0
2010-08-03,49.666666666666664,Washington,0
2010-08-04,58.724137931034484,Washington,0
2010-08-05,57.37931034482759,Washington,0
2010-08-06,60.43333333333333,Washington,0
2010-08-07,35.310344827586206,Washington,0
2010-08-08,18.0,Washington,0
2010-08-09,24.533333333333335,Washington,0
2010-08-10,24.96551724137931,Washington,0
2010-08-11,29.06896551724138,Washington,0
2010-08-12,32.0,Washington,0
2010-08-13,35.57142857142857,Washington,0
2010-08-14,34.793103448275865,Washington,0
2010-08-15,34.689655172413794,Washington,0
2010-08-16,44.82142857142857,Washington,0
2010-08-17,50.06896551724138,Washington,0
2010-08-18,44.3,Washington,0
2010-08-19,35.793103448275865,Washington,0
2010-08-20,33.06896551724138,Washington,0
2010-08-21,35.1,Washington,0
2010-08-22,28.448275862068964,Washington,0
2010-08-23,30.0,Washington,0
2010-08-24,33.4,Washington,0
2010-08-25,39.89655172413793,Washington,0
2010-08-26,34.96551724137931,Washington,0
2010-08-27,25.2,Washington,0
2010-08-28,22.310344827586206,Washington,0
2010-08-29,23.586206896551722,Washington,0
2010-08-30,29.533333333333335,Washington,0
2010-08-31,23.20689655172414,Washington,0
2010-09-01,20.20689655172414,Washington,0
2010-09-02,24.5,Washington,0
2010-09-03,28.586206896551722,Washington,0
2010-09-04,25.655172413793103,Washington,0
2010-09-05,22.866666666666667,Washington,0
2010-09-06,22.517241379310345,Washington,0
2010-09-07,23.379310344827587,Washington,0
2010-09-08,24.3,Washington,0
2010-09-09,21.379310344827587,Washington,0
2010-09-10,23.0,Washington,0
2010-09-11,24.233333333333334,Washington,0
2010-09-12,22.24137931034483,Washington,0
2010-09-13,23.310344827586206,Washington,0
2010-09-14,31.566666666666666,Washington,0
2010-09-15,34.3448275862069,Washington,0
2010-09-16,23.96551724137931,Washington,0
2010-09-17,26.133333333333333,Washington,0
2010-09-18,23.586206896551722,Washington,0
2010-09-19,17.620689655172413,Washington,0
2010-09-20,21.06896551724138,Washington,0
2010-09-21,26.821428571428573,Washington,0
2010-09-22,30.428571428571427,Washington,0
2010-09-23,35.172413793103445,Washington,0
2010-09-24,29.96551724137931,Washington,0
2010-09-25,33.58620689655172,Washington,0
2010-09-26,28.133333333333333,Washington,0
2010-09-27,21.620689655172413,Washington,0
2010-09-28,22.0,Washington,0
2010-09-29,26.066666666666666,Washington,0
2010-09-30,36.03448275862069,Washington,0
2010-10-01,40.241379310344826,Washington,0
2010-10-02,43.13333333333333,Washington,0
2010-10-03,40.44827586206897,Washington,0
2010-10-04,28.724137931034484,Washington,0
2010-10-05,30.166666666666668,Washington,0
2010-10-06,41.96551724137931,Washington,0
2010-10-07,44.758620689655174,Washington,0
2010-10-08,31.517241379310345,Washington,0
2010-10-09,33.964285714285715,Washington,0
2010-10-10,26.5,Washington,0
2010-10-11,24.79310344827586,Washington,0
2010-10-12,33.357142857142854,Washington,0
2010-10-13,44.25,Washington,0
2010-10-14,45.42857142857143,Washington,0
2010-10-15,26.79310344827586,Washington,0
2010-10-16,40.55172413793103,Washington,0
2010-10-17,50.86666666666667,Washington,0
2010-10-18,56.13793103448276,Washington,0
2010-10-19,56.6551724137931,Washington,0
2010-10-20,60.3,Washington,0
2010-10-21,60.93103448275862,Washington,0
2010-10-22,46.857142857142854,Washington,0
2010-10-23,43.89655172413793,Washington,0
2010-10-24,20.75,Washington,0
2010-10-25,20.535714285714285,Washington,0
2010-10-26,23.2,Washington,0
2010-10-27,32.93103448275862,Washington,0
2010-10-28,40.827586206896555,Washington,0
2010-10-29,46.7,Washington,0
2010-10-30,50.206896551724135,Washington,0
2010-10-31,33.206896551724135,Washington,0
2010-11-01,28.06896551724138,Washington,0
2010-11-02,31.379310344827587,Washington,0
2010-11-03,46.37931034482759,Washington,0
2010-11-04,57.53333333333333,Washington,0
2010-11-05,56.0,Washington,0
2010-11-06,54.758620689655174,Washington,0
2010-11-07,32.9,Washington,0
2010-11-08,29.142857142857142,Washington,0
2010-11-09,36.17857142857143,Washington,0
2010-11-10,47.266666666666666,Washington,0
2010-11-11,51.793103448275865,Washington,0
2010-11-12,47.96551724137931,Washington,0
2010-11-13,41.06666666666667,Washington,0
2010-11-14,36.172413793103445,Washington,0
2010-11-15,25.655172413793103,Washington,0
2010-11-16,25.2,Washington,0
2010-11-17,29.20689655172414,Washington,0
2010-11-18,22.620689655172413,Washington,0
2010-11-19,32.7,Washington,0
2010-11-20,41.03448275862069,Washington,0
2010-11-21,46.172413793103445,Washington,0
2010-11-22,36.93333333333333,Washington,0
2010-11-23,53.37931034482759,Washington,0
2010-11-24,59.241379310344826,Washington,0
2010-11-25,56.666666666666664,Washington,0
2010-11-26,44.206896551724135,Washington,0
2010-11-27,55.03448275862069,Washington,0
2010-11-28,53.0,Washington,0
2010-11-29,43.93103448275862,Washington,0
2010-11-30,37.51724137931034,Washington,0
2010-12-01,50.46666666666667,Washington,0
2010-12-02,50.82142857142857,Washington,0
2010-12-03,41.758620689655174,Washington,0
2010-12-04,40.96666666666667,Washington,0
2010-12-05,50.06896551724138,Washington,0
2010-12-06,53.241379310344826,Washington,0
2010-12-07,49.96666666666667,Washington,0
2010-12-08,42.13793103448276,Washington,0
2010-12-09,31.862068965517242,Washington,0
2010-12-10,34.2,Washington,0
2010-12-11,40.724137931034484,Washington,0
2010-12-12,29.620689655172413,Washington,0
2010-12-13,32.724137931034484,Washington,0
2010-12-14,21.928571428571427,Washington,0
2010-12-15,30.06896551724138,Washington,0
2010-12-16,43.266666666666666,Washington,0
2010-12-17,46.44827586206897,Washington,0
2010-12-18,36.724137931034484,Washington,0
2010-12-19,40.06666666666667,Washington,0
2010-12-20,35.86206896551724,Washington,0
2010-12-21,44.93103448275862,Washington,0
2010-12-22,45.4,Washington,0
2010-12-23,48.13793103448276,Washington,0
2010-12-24,43.310344827586206,Washington,0
2010-12-25,43.36666666666667,Washington,0
2010-12-26,29.24137931034483,Washington,0
2010-12-27,27.586206896551722,Washington,0
2010-12-28,27.4,Washington,0
2010-12-29,25.82758620689655,Washington,0
2010-12-30,43.41379310344828,Washington,0
2010-12-31,59.10344827586207,Washington,0
2011-01-01,75.67857142857143,Washington,0
2011-01-02,70.46428571428571,Washington,0
2011-01-03,74.20689655172414,Washington,0
2011-01-04,72.0,Washington,0
2011-01-05,62.17857142857143,Washington,0
2011-01-06,58.9,Washington,0
2011-01-07,54.51724137931034,Washington,0
2011-01-08,37.310344827586206,Washington,0
2011-01-09,39.46666666666667,Washington,0
2011-01-10,39.827586206896555,Washington,0
2011-01-11,36.758620689655174,Washington,0
2011-01-12,35.2,Washington,0
2011-01-13,33.06896551724138,Washington,0
2011-01-14,27.275862068965516,Washington,0
2011-01-15,29.133333333333333,Washington,0
2011-01-16,24.96551724137931,Washington,0
2011-01-17,18.862068965517242,Washington,0
2011-01-18,31.20689655172414,Washington,0
2011-01-19,46.0,Washington,0
2011-01-20,45.785714285714285,Washington,0
2011-01-21,36.8,Washington,0
2011-01-22,38.86206896551724,Washington,0
2011-01-23,45.310344827586206,Washington,0
2011-01-24,42.8,Washington,0
2011-01-25,40.96551724137931,Washington,0
2011-01-26,48.41379310344828,Washington,0
2011-01-27,50.46666666666667,Washington,0
2011-01-28,42.13793103448276,Washington,0
2011-01-29,38.793103448275865,Washington,0
2011-01-30,28.966666666666665,Washington,0
2011-01-31,36.793103448275865,Washington,0
2011-02-01,48.758620689655174,Washington,0
2011-02-02,54.7,Washington,0
2011-02-03,51.62068965517241,Washington,0
2011-02-04,44.0,Washington,0
2011-02-05,35.13333333333333,Washington,0
2011-02-06,34.172413793103445,Washington,0
2011-02-07,23.344827586206897,Washington,0
2011-02-08,30.733333333333334,Washington,0
2011-02-09,50.89655172413793,Washington,0
2011-02-10,54.62068965517241,Washington,0
2011-02-11,54.1,Washington,0
2011-02-12,37.689655172413794,Washington,0
2011-02-13,26.551724137931036,Washington,0
2011-02-14,31.733333333333334,Washington,0
2011-02-15,19.79310344827586,Washington,0
2011-02-16,23.620689655172413,Washington,0
2011-02-17,27.833333333333332,Washington,0
2011-02-18,35.241379310344826,Washington,0
2011-02-19,30.96551724137931,Washington,0
2011-02-20,41.333333333333336,Washington,0
2011-02-21,37.55172413793103,Washington,0
2011-02-22,29.896551724137932,Washington,0
2011-02-23,23.866666666666667,Washington,0
2011-02-24,26.724137931034484,Washington,0
2011-02-25,37.0,Washington,0
2011-02-26,42.833333333333336,Washington,0
2011-02-27,30.642857142857142,Washington,0
2011-02-28,24.25,Washington,0
2011-03-01,31.655172413793103,Washington,0
2011-03-02,31.642857142857142,Washington,0
2011-03-03,27.142857142857142,Washington,0
2011-03-04,34.758620689655174,Washington,0
2011-03-05,36.75,Washington,0
2011-03-06,41.285714285714285,Washington,0
2011-03-07,44.58620689655172,Washington,0
2011-03-08,35.07142857142857,Washington,0
2011-03-09,28.571428571428573,Washington,0
2011-03-10,21.275862068965516,Washington,0
2011-03-11,26.214285714285715,Washington,0
2011-03-12,29.178571428571427,Washington,0
2011-03-13,20.857142857142858,Washington,0
2011-03-14,21.0,Washington,0
2011-03-15,24.035714285714285,Washington,0
2011-03-16,22.03448275862069,Washington,0
2011-03-17,27.0,Washington,0
2011-03-18,28.821428571428573,Washington,0
2011-03-19,26.724137931034484,Washington,0
2011-03-20,29.785714285714285,Washington,0
2011-03-21,27.035714285714285,Washington,0
2011-03-22,25.433333333333334,Washington,0
2011-03-23,29.275862068965516,Washington,0
2011-03-24,25.689655172413794,Washington,0
2011-03-25,22.6,Washington,0
2011-03-26,22.896551724137932,Washington,0
2011-03-27,17.724137931034484,Washington,0
2011-03-28,19.166666666666668,Washington,0
2011-03-29,17.482758620689655,Washington,0
2011-03-30,16.344827586206897,Washington,0
2011-03-31,23.3,Washington,0
2011-04-01,21.06896551724138,Washington,0
2011-04-02,18.20689655172414,Washington,0
2011-04-03,23.7,Washington,0
2011-04-04,20.896551724137932,Washington,0
2011-04-05,18.862068965517242,Washington,0
2011-04-06,29.266666666666666,Washington,0
2011-04-07,32.37931034482759,Washington,0
2011-04-08,32.44827586206897,Washington,0
2011-04-09,32.63333333333333,Washington,0
2011-04-10,24.75862068965517,Washington,0
2011-04-11,19.448275862068964,Washington,0
2011-04-12,23.5,Washington,0
2011-04-13,25.586206896551722,Washington,0
2011-04-14,20.75862068965517,Washington,0
2011-04-15,25.4,Washington,0
2011-04-16,25.655172413793103,Washington,0
2011-04-17,27.0,Washington,0
2011-04-18,30.03448275862069,Washington,0
2011-04-19,25.357142857142858,Washington,0
2011-04-20,27.535714285714285,Washington,0
2011-04-21,22.4,Washington,0
2011-04-22,28.413793103448278,Washington,0
2011-04-23,35.724137931034484,Washington,0
2011-04-24,29.7,Washington,0
2011-04-25,17.137931034482758,Washington,0
2011-04-26,14.689655172413794,Washington,0
2011-04-27,21.0,Washington,0
2011-04-28,17.655172413793103,Washington,0
2011-04-29,19.96551724137931,Washington,0
2011-04-30,23.7,Washington,0
2011-05-01,31.689655172413794,Washington,0
2011-05-02,29.17241379310345,Washington,0
2011-05-03,21.666666666666668,Washington,0
2011-05-04,27.06896551724138,Washington,0
2011-05-05,27.03448275862069,Washington,0
2011-05-06,21.533333333333335,Washington,0
2011-05-07,18.96551724137931,Washington,0
2011-05-08,18.689655172413794,Washington,0
2011-05-09,21.733333333333334,Washington,0
2011-05-10,24.620689655172413,Washington,0
2011-05-11,26.517241379310345,Washington,0
2011-05-12,23.133333333333333,Washington,0
2011-05-13,29.413793103448278,Washington,0
2011-05-14,33.3448275862069,Washington,0
2011-05-15,22.666666666666668,Washington,0
2011-05-16,24.0,Washington,0
2011-05-17,30.275862068965516,Washington,0
2011-05-18,30.3,Washington,0
2011-05-19,29.724137931034484,Washington,0
2011-05-20,31.344827586206897,Washington,0
2011-05-21,28.733333333333334,Washington,0
2011-05-22,23.413793103448278,Washington,0
2011-05-23,29.379310344827587,Washington,0
2011-05-24,30.517241379310345,Washington,0
2011-05-25,28.964285714285715,Washington,0
2011-05-26,19.607142857142858,Washington,0
2011-05-27,19.96551724137931,Washington,0
2011-05-28,21.178571428571427,Washington,0
2011-05-29,37.67857142857143,Washington,0
2011-05-30,34.6551724137931,Washington,0
2011-05-31,33.5,Washington,0
2011-06-01,26.107142857142858,Washington,0
2011-06-02,18.379310344827587,Washington,0
2011-06-03,20.964285714285715,Washington,0
2011-06-04,27.0,Washington,0
2011-06-05,31.517241379310345,Washington,0
2011-06-06,36.464285714285715,Washington,0
2011-06-07,32.035714285714285,Washington,0
2011-06-08,30.379310344827587,Washington,0
2011-06-09,26.428571428571427,Washington,0
2011-06-10,31.642857142857142,Washington,0
2011-06-11,30.82758620689655,Washington,0
2011-06-12,31.037037037037038,Washington,0
2011-06-13,20.333333333333332,Washington,0
2011-06-14,18.03448275862069,Washington,0
2011-06-15,17.107142857142858,Washington,0
2011-06-16,21.214285714285715,Washington,0
2011-06-17,28.586206896551722,Washington,0
2011-06-18,22.25,Washington,0
2011-06-19,18.607142857142858,Washington,0
2011-06-20,22.344827586206897,Washington,0
2011-06-21,25.928571428571427,Washington,0
2011-06-22,25.357142857142858,Washington,0
2011-06-23,19.482758620689655,Washington,0
2011-06-24,17.821428571428573,Washington,0
2011-06-25,20.892857142857142,Washington,0
2011-06-26,27.310344827586206,Washington,0
2011-06-27,31.464285714285715,Washington,0
2011-06-28,30.607142857142858,Washington,0
2011-06-29,18.17241379310345,Washington,0
2011-06-30,14.964285714285714,Washington,0
2011-07-01,22.821428571428573,Washington,0
2011-07-02,31.448275862068964,Washington,0
2011-07-03,29.428571428571427,Washington,0
2011-07-04,39.464285714285715,Washington,0
2011-07-05,38.275862068965516,Washington,0
2011-07-06,27.571428571428573,Washington,0
2011-07-07,25.5,Washington,0
2011-07-08,18.724137931034484,Washington,0
2011-07-09,21.428571428571427,Washington,0
2011-07-10,24.321428571428573,Washington,0
2011-07-11,25.06896551724138,Washington,0
2011-07-12,25.821428571428573,Washington,0
2011-07-13,17.964285714285715,Washington,0
2011-07-14,17.82758620689655,Washington,0
2011-07-15,20.214285714285715,Washington,0
2011-07-16,21.357142857142858,Washington,0
2011-07-17,24.275862068965516,Washington,0
2011-07-18,22.607142857142858,Washington,0
2011-07-19,22.678571428571427,Washington,0
2011-07-20,19.20689655172414,Washington,0
2011-07-21,18.0,Washington,0
2011-07-22,21.714285714285715,Washington,0
2011-07-23,26.24137931034483,Washington,0
2011-07-24,30.714285714285715,Washington,0
2011-07-25,29.892857142857142,Washington,0
2011-07-26,17.862068965517242,Washington,0
2011-07-27,24.5,Washington,0
2011-07-28,35.25,Washington,0
2011-07-29,37.3448275862069,Washington,0
2011-07-30,33.77777777777778,Washington,0
2011-07-31,21.666666666666668,Washington,0
2011-08-01,25.17241379310345,Washington,0
2011-08-02,28.40740740740741,Washington,0
2011-08-03,27.642857142857142,Washington,0
2011-08-04,31.620689655172413,Washington,0
2011-08-05,28.821428571428573,Washington,0
2011-08-06,28.678571428571427,Washington,0
2011-08-07,34.51724137931034,Washington,0
2011-08-08,35.5,Washington,0
2011-08-09,35.75,Washington,0
2011-08-10,32.51724137931034,Washington,0
2011-08-11,35.535714285714285,Washington,0
2011-08-12,41.857142857142854,Washington,0
2011-08-13,35.793103448275865,Washington,0
2011-08-14,26.107142857142858,Washington,0
2011-08-15,26.392857142857142,Washington,0
2011-08-16,27.75862068965517,Washington,0
2011-08-17,28.535714285714285,Washington,0
2011-08-18,31.75,Washington,0
2011-08-19,35.41379310344828,Washington,0
2011-08-20,38.714285714285715,Washington,0
2011-08-21,40.535714285714285,Washington,0
2011-08-22,27.689655172413794,Washington,0
2011-08-23,23.37037037037037,Washington,0
2011-08-24,30.821428571428573,Washington,0
2011-08-25,34.241379310344826,Washington,0
2011-08-26,35.888888888888886,Washington,0
2011-08-27,38.074074074074076,Washington,0
2011-08-28,44.107142857142854,Washington,0
2011-08-29,40.642857142857146,Washington,0
2011-08-30,28.892857142857142,Washington,0
2011-08-31,32.275862068965516,Washington,0
2011-09-01,31.571428571428573,Washington,0
2011-09-02,27.178571428571427,Washington,0
2011-09-03,29.103448275862068,Washington,0
2011-09-04,35.535714285714285,Washington,0
2011-09-05,41.82142857142857,Washington,0
2011-09-06,42.10344827586207,Washington,0
2011-09-07,43.107142857142854,Washington,0
2011-09-08,48.25,Washington,0
2011-09-09,51.206896551724135,Washington,0
2011-09-10,54.535714285714285,Washington,0
2011-09-11,59.25,Washington,0
2011-09-12,56.41379310344828,Washington,0
2011-09-13,46.107142857142854,Washington,0
2011-09-14,43.285714285714285,Washington,0
2011-09-15,30.75862068965517,Washington,0
2011-09-16,24.178571428571427,Washington,0
2011-09-17,26.071428571428573,Washington,0
2011-09-18,22.379310344827587,Washington,0
2011-09-19,24.357142857142858,Washington,0
2011-09-20,29.964285714285715,Washington,0
2011-09-21,35.607142857142854,Washington,0
2011-09-22,33.7037037037037,Washington,0
2011-09-23,31.535714285714285,Washington,0
2011-09-24,36.06896551724138,Washington,0
2011-09-25,24.892857142857142,Washington,0
2011-09-26,22.785714285714285,Washington,0
2011-09-27,24.03448275862069,Washington,0
2011-09-28,24.214285714285715,Washington,0
2011-09-29,34.642857142857146,Washington,0
2011-09-30,44.48275862068966,Washington,0
2011-10-01,40.107142857142854,Washington,0
2011-10-02,31.357142857142858,Washington,0
2011-10-03,27.20689655172414,Washington,0
2011-10-04,23.678571428571427,Washington,0
2011-10-05,26.185185185185187,Washington,0
2011-10-06,28.517241379310345,Washington,0
2011-10-07,26.37037037037037,Washington,0
2011-10-08,29.666666666666668,Washington,0
2011-10-09,33.89655172413793,Washington,0
2011-10-10,33.333333333333336,Washington,0
2011-10-11,21.444444444444443,Washington,0
2011-10-12,29.535714285714285,Washington,0
2011-10-13,38.785714285714285,Washington,0
2011-10-14,44.107142857142854,Washington,0
2011-10-15,47.86206896551724,Washington,0
2011-10-16,54.92857142857143,Washington,0
2011-10-17,55.464285714285715,Washington,0
2011-10-18,59.275862068965516,Washington,0
2011-10-19,57.6551724137931,Washington,0
2011-10-20,41.689655172413794,Washington,0
2011-10-21,42.41379310344828,Washington,0
2011-10-22,24.482758620689655,Washington,0
2011-10-23,28.17241379310345,Washington,0
2011-10-24,34.689655172413794,Washington,0
2011-10-25,44.93103448275862,Washington,0
2011-10-26,51.758620689655174,Washington,0
2011-10-27,49.13793103448276,Washington,0
2011-10-28,50.724137931034484,Washington,0
2011-10-29,44.827586206896555,Washington,0
2011-10-30,38.6551724137931,Washington,0
2011-10-31,30.482758620689655,Washington,0
2011-11-01,45.41379310344828,Washington,0
2011-11-02,49.89655172413793,Washington,0
2011-11-03,46.37931034482759,Washington,0
2011-11-04,46.89655172413793,Washington,0
2011-11-05,56.758620689655174,Washington,0
2011-11-06,64.48275862068965,Washington,0
2011-11-07,63.55172413793103,Washington,0
2011-11-08,55.689655172413794,Washington,0
2011-11-09,59.10344827586207,Washington,0
2011-11-10,67.10344827586206,Washington,0
2011-11-11,57.689655172413794,Washington,0
2011-11-12,30.24137931034483,Washington,0
2011-11-13,31.275862068965516,Washington,0
2011-11-14,30.03448275862069,Washington,0
2011-11-15,45.86206896551724,Washington,0
2011-11-16,46.55172413793103,Washington,0
2011-11-17,27.448275862068964,Washington,0
2011-11-18,37.241379310344826,Washington,0
2011-11-19,52.3448275862069,Washington,0
2011-11-20,61.58620689655172,Washington,0
2011-11-21,44.93103448275862,Washington,0
2011-11-22,28.06896551724138,Washington,0
2011-11-23,25.448275862068964,Washington,0
2011-11-24,25.24137931034483,Washington,0
2011-11-25,31.20689655172414,Washington,0
2011-11-26,41.13793103448276,Washington,0
2011-11-27,34.48275862068966,Washington,0
2011-11-28,41.724137931034484,Washington,0
2011-11-29,49.3448275862069,Washington,0
2011-11-30,41.827586206896555,Washington,0
2011-12-01,50.93103448275862,Washington,0
2011-12-02,49.86206896551724,Washington,0
2011-12-03,58.44827586206897,Washington,0
2011-12-04,60.275862068965516,Washington,0
2011-12-05,63.58620689655172,Washington,0
2011-12-06,67.03448275862068,Washington,0
2011-12-07,68.24137931034483,Washington,0
2011-12-08,61.89655172413793,Washington,0
2011-12-09,70.37931034482759,Washington,0
2011-12-10,72.41379310344827,Washington,0
2011-12-11,66.58620689655173,Washington,0
2011-12-12,61.86206896551724,Washington,0
2011-12-13,66.62068965517241,Washington,0
2011-12-14,66.86206896551724,Washington,0
2011-12-15,65.6896551724138,Washington,0
2011-12-16,64.03448275862068,Washington,0
2011-12-17,55.06896551724138,Washington,0
2011-12-18,50.689655172413794,Washington,0
2011-12-19,48.37931034482759,Washington,0
2011-12-20,44.41379310344828,Washington,0
2011-12-21,50.5,Washington,0
2011-12-22,57.25,Washington,0
2011-12-23,57.310344827586206,Washington,0
2011-12-24,59.793103448275865,Washington,0
2011-12-25,51.93103448275862,Washington,0
2011-12-26,41.86206896551724,Washington,0
2011-12-27,31.689655172413794,Washington,0
2011-12-28,22.17241379310345,Washington,0
2011-12-29,29.344827586206897,Washington,0
2011-12-30,24.551724137931036,Washington,0
2011-12-31,41.03448275862069,Washington,0
2012-01-01,47.55172413793103,Washington,0
2012-01-02,47.758620689655174,Washington,0
2012-01-03,45.0,Washington,0
2012-01-04,41.58620689655172,Washington,0
2012-01-05,29.551724137931036,Washington,0
2012-01-06,43.724137931034484,Washington,0
2012-01-07,43.86206896551724,Washington,0
2012-01-08,51.51724137931034,Washington,0
2012-01-09,49.51724137931034,Washington,0
2012-01-10,40.6551724137931,Washington,0
2012-01-11,48.03448275862069,Washington,0
2012-01-12,61.13793103448276,Washington,0
2012-01-13,66.10344827586206,Washington,0
2012-01-14,49.41379310344828,Washington,0
2012-01-15,40.93103448275862,Washington,0
2012-01-16,38.275862068965516,Washington,0
2012-01-17,26.896551724137932,Washington,0
2012-01-18,26.862068965517242,Washington,0
2012-01-19,34.5,Washington,0
2012-01-20,54.793103448275865,Washington,0
2012-01-21,35.310344827586206,Washington,0
2012-01-22,33.310344827586206,Washington,0
2012-01-23,49.41379310344828,Washington,0
2012-01-24,44.55172413793103,Washington,0
2012-01-25,36.25,Washington,0
2012-01-26,32.17857142857143,Washington,0
2012-01-27,54.96551724137931,Washington,0
2012-01-28,62.13793103448276,Washington,0
2012-01-29,43.758620689655174,Washington,0
2012-01-30,25.96551724137931,Washington,0
2012-01-31,38.48275862068966,Washington,0
2012-02-01,37.3448275862069,Washington,0
2012-02-02,43.86206896551724,Washington,0
2012-02-03,50.41379310344828,Washington,0
2012-02-04,53.41379310344828,Washington,0
2012-02-05,57.758620689655174,Washington,0
2012-02-06,53.41379310344828,Washington,0
2012-02-07,51.37931034482759,Washington,0
2012-02-08,55.689655172413794,Washington,0
2012-02-09,55.96551724137931,Washington,0
2012-02-10,44.41379310344828,Washington,0
2012-02-11,38.10344827586207,Washington,0
2012-02-12,40.0,Washington,0
2012-02-13,40.758620689655174,Washington,0
2012-02-14,39.241379310344826,Washington,0
2012-02-15,45.3448275862069,Washington,0
2012-02-16,41.58620689655172,Washington,0
2012-02-17,38.793103448275865,Washington,0
2012-02-18,22.517241379310345,Washington,0
2012-02-19,27.96551724137931,Washington,0
2012-02-20,32.689655172413794,Washington,0
2012-02-21,26.551724137931036,Washington,0
2012-02-22,22.0,Washington,0
2012-02-23,30.655172413793103,Washington,0
2012-02-24,31.310344827586206,Washington,0
2012-02-25,23.79310344827586,Washington,0
2012-02-26,25.275862068965516,Washington,0
2012-02-27,38.37931034482759,Washington,0
2012-02-28,40.793103448275865,Washington,0
2012-02-29,22.310344827586206,Washington,0
2012-03-01,27.93103448275862,Washington,0
2012-03-02,28.413793103448278,Washington,0
2012-03-03,24.24137931034483,Washington,0
2012-03-04,29.79310344827586,Washington,0
2012-03-05,24.620689655172413,Washington,0
2012-03-06,30.06896551724138,Washington,0
2012-03-07,43.758620689655174,Washington,0
2012-03-08,46.55172413793103,Washington,0
2012-03-09,42.62068965517241,Washington,0
2012-03-10,30.20689655172414,Washington,0
2012-03-11,24.03448275862069,Washington,0
2012-03-12,23.620689655172413,Washington,0
2012-03-13,20.896551724137932,Washington,0
2012-03-14,25.93103448275862,Washington,0
2012-03-15,22.310344827586206,Washington,0
2012-03-16,21.448275862068964,Washington,0
2012-03-17,22.517241379310345,Washington,0
2012-03-18,27.17241379310345,Washington,0
2012-03-19,24.0,Washington,0
2012-03-20,19.79310344827586,Washington,0
2012-03-21,23.655172413793103,Washington,0
2012-03-22,27.96551724137931,Washington,0
2012-03-23,34.93103448275862,Washington,0
2012-03-24,34.310344827586206,Washington,0
2012-03-25,40.3448275862069,Washington,0
2012-03-26,26.448275862068964,Washington,0
2012-03-27,24.620689655172413,Washington,0
2012-03-28,19.482758620689655,Washington,0
2012-03-29,15.862068965517242,Washington,0
2012-03-30,15.96551724137931,Washington,0
2012-03-31,21.310344827586206,Washington,0
2012-04-01,17.896551724137932,Washington,0
2012-04-02,25.482758620689655,Washington,0
2012-04-03,24.448275862068964,Washington,0
2012-04-04,20.310344827586206,Washington,0
2012-04-05,23.724137931034484,Washington,0
2012-04-06,28.75862068965517,Washington,0
2012-04-07,32.48275862068966,Washington,0
2012-04-08,27.655172413793103,Washington,0
2012-04-09,37.58620689655172,Washington,0
2012-04-10,43.13793103448276,Washington,0
2012-04-11,36.0,Washington,0
2012-04-12,21.310344827586206,Washington,0
2012-04-13,26.482758620689655,Washington,0
2012-04-14,29.344827586206897,Washington,0
2012-04-15,27.655172413793103,Washington,0
2012-04-16,23.96551724137931,Washington,0
2012-04-17,28.103448275862068,Washington,0
2012-04-18,22.551724137931036,Washington,0
2012-04-19,25.535714285714285,Washington,0
2012-04-20,23.107142857142858,Washington,0
2012-04-21,33.535714285714285,Washington,0
2012-04-22,39.25,Washington,0
2012-04-23,39.25,Washington,0
2012-04-24,27.285714285714285,Washington,0
2012-04-25,19.137931034482758,Washington,0
2012-04-26,17.344827586206897,Washington,0
2012-04-27,17.620689655172413,Washington,0
2012-04-28,19.724137931034484,Washington,0
2012-04-29,21.586206896551722,Washington,0
2012-04-30,20.75862068965517,Washington,0
2012-05-01,19.892857142857142,Washington,0
2012-05-02,22.0,Washington,0
2012-05-03,23.379310344827587,Washington,0
2012-05-04,22.06896551724138,Washington,0
2012-05-05,23.310344827586206,Washington,0
2012-05-06,32.07142857142857,Washington,0
2012-05-07,36.75,Washington,0
2012-05-08,37.5,Washington,0
2012-05-09,29.93103448275862,Washington,0
2012-05-10,25.896551724137932,Washington,0
2012-05-11,35.44827586206897,Washington,0
2012-05-12,42.275862068965516,Washington,0
2012-05-13,48.96551724137931,Washington,0
2012-05-14,49.03448275862069,Washington,0
2012-05-15,46.724137931034484,Washington,0
2012-05-16,36.241379310344826,Washington,0
2012-05-17,35.07142857142857,Washington,0
2012-05-18,32.82142857142857,Washington,0
2012-05-19,38.55172413793103,Washington,0
2012-05-20,40.13793103448276,Washington,0
2012-05-21,33.55172413793103,Washington,0
2012-05-22,20.482758620689655,Washington,0
2012-05-23,16.482758620689655,Washington,0
2012-05-24,20.275862068965516,Washington,0
2012-05-25,27.448275862068964,Washington,0
2012-05-26,33.172413793103445,Washington,0
2012-05-27,30.551724137931036,Washington,0
2012-05-28,24.96551724137931,Washington,0
2012-05-29,23.448275862068964,Washington,0
2012-05-30,25.689655172413794,Washington,0
2012-05-31,26.821428571428573,Washington,0
2012-06-01,23.0,Washington,0
2012-06-02,24.310344827586206,Washington,0
2012-06-03,26.928571428571427,Washington,0
2012-06-04,31.25,Washington,0
2012-06-05,18.344827586206897,Washington,0
2012-06-06,18.964285714285715,Washington,0
2012-06-07,23.857142857142858,Washington,0
2012-06-08,19.137931034482758,Washington,0
2012-06-09,19.96551724137931,Washington,0
2012-06-10,23.551724137931036,Washington,0
2012-06-11,28.03448275862069,Washington,0
2012-06-12,22.379310344827587,Washington,0
2012-06-13,18.689655172413794,Washington,0
2012-06-14,23.0,Washington,0
2012-06-15,24.448275862068964,Washington,0
2012-06-16,21.17241379310345,Washington,0
2012-06-17,16.620689655172413,Washington,0
2012-06-18,14.827586206896552,Washington,0
2012-06-19,16.551724137931036,Washington,0
2012-06-20,23.071428571428573,Washington,0
2012-06-21,26.137931034482758,Washington,0
2012-06-22,26.896551724137932,Washington,0
2012-06-23,20.0,Washington,0
2012-06-24,20.551724137931036,Washington,0
2012-06-25,22.517241379310345,Washington,0
2012-06-26,18.689655172413794,Washington,0
2012-06-27,22.482758620689655,Washington,0
2012-06-28,24.24137931034483,Washington,0
2012-06-29,26.96551724137931,Washington,0
2012-06-30,24.689655172413794,Washington,0
2012-07-01,19.96551724137931,Washington,0
2012-07-02,26.896551724137932,Washington,0
2012-07-03,21.620689655172413,Washington,0
2012-07-04,39.41379310344828,Washington,0
2012-07-05,38.724137931034484,Washington,0
2012-07-06,32.93103448275862,Washington,0
2012-07-07,38.6551724137931,Washington,0
2012-07-08,49.827586206896555,Washington,0
2012-07-09,50.3448275862069,Washington,0
2012-07-10,54.92857142857143,Washington,0
2012-07-11,48.285714285714285,Washington,0
2012-07-12,44.142857142857146,Washington,0
2012-07-13,44.407407407407405,Washington,0
2012-07-14,47.44444444444444,Washington,0
2012-07-15,28.814814814814813,Washington,0
2012-07-16,34.48148148148148,Washington,0
2012-07-17,39.51851851851852,Washington,0
2012-07-18,36.69230769230769,Washington,0
2012-07-19,43.666666666666664,Washington,0
2012-07-20,30.142857142857142,Washington,0
2012-07-21,22.607142857142858,Washington,0
2012-07-22,24.214285714285715,Washington,0
2012-07-23,18.392857142857142,Washington,0
2012-07-24,28.071428571428573,Washington,0
2012-07-25,37.724137931034484,Washington,0
2012-07-26,40.3448275862069,Washington,0
2012-07-27,37.62068965517241,Washington,0
2012-07-28,29.379310344827587,Washington,0
2012-07-29,30.79310344827586,Washington,0
2012-07-30,26.448275862068964,Washington,0
2012-07-31,26.482758620689655,Washington,0
2012-08-01,30.5,Washington,0
2012-08-02,28.714285714285715,Washington,0
2012-08-03,31.785714285714285,Washington,0
2012-08-04,37.82142857142857,Washington,0
2012-08-05,42.857142857142854,Washington,0
2012-08-06,37.892857142857146,Washington,0
2012-08-07,40.07142857142857,Washington,0
2012-08-08,31.678571428571427,Washington,0
2012-08-09,28.357142857142858,Washington,0
2012-08-10,34.0,Washington,0
2012-08-11,45.607142857142854,Washington,0
2012-08-12,51.82142857142857,Washington,0
2012-08-13,58.25,Washington,0
2012-08-14,59.5,Washington,0
2012-08-15,41.17857142857143,Washington,0
2012-08-16,47.5,Washington,0
2012-08-17,55.57142857142857,Washington,0
2012-08-18,41.785714285714285,Washington,0
2012-08-19,43.107142857142854,Washington,0
2012-08-20,42.107142857142854,Washington,0
2012-08-21,36.81481481481482,Washington,0
2012-08-22,27.88888888888889,Washington,0
2012-08-23,26.275862068965516,Washington,0
2012-08-24,24.586206896551722,Washington,0
2012-08-25,33.13793103448276,Washington,0
2012-08-26,41.310344827586206,Washington,0
2012-08-27,37.0,Washington,0
2012-08-28,37.6551724137931,Washington,0
2012-08-29,23.620689655172413,Washington,0
2012-08-30,27.0,Washington,0
2012-08-31,30.75862068965517,Washington,0
2012-09-01,27.17241379310345,Washington,0
2012-09-02,26.321428571428573,Washington,0
2012-09-03,27.24137931034483,Washington,0
2012-09-04,27.93103448275862,Washington,0
2012-09-05,31.82758620689655,Washington,0
2012-09-06,30.06896551724138,Washington,0
2012-09-07,32.6551724137931,Washington,0
2012-09-08,41.172413793103445,Washington,0
2012-09-09,37.03448275862069,Washington,0
2012-09-10,30.0,Washington,0
2012-09-11,38.96551724137931,Washington,0
2012-09-12,55.827586206896555,Washington,0
2012-09-13,72.79310344827586,Washington,0
2012-09-14,85.10344827586206,Washington,0
2012-09-15,69.37931034482759,Washington,0
2012-09-16,53.44827586206897,Washington,0
2012-09-17,59.44827586206897,Washington,0
2012-09-18,72.72413793103448,Washington,0
2012-09-19,74.51724137931035,Washington,0
2012-09-20,79.51724137931035,Washington,0
2012-09-21,87.82758620689656,Washington,0
2012-09-22,67.27586206896552,Washington,0
2012-09-23,64.93103448275862,Washington,0
2012-09-24,69.55172413793103,Washington,0
2012-09-25,49.6551724137931,Washington,0
2012-09-26,58.55172413793103,Washington,0
2012-09-27,72.6896551724138,Washington,0
2012-09-28,81.3103448275862,Washington,0
2012-09-29,45.172413793103445,Washington,0
2012-09-30,41.55172413793103,Washington,0
2012-10-01,49.964285714285715,Washington,0
2012-10-02,32.37931034482759,Washington,0
2012-10-03,40.86206896551724,Washington,0
2012-10-04,47.62068965517241,Washington,0
2012-10-05,54.206896551724135,Washington,0
2012-10-06,60.758620689655174,Washington,0
2012-10-07,66.41379310344827,Washington,0
2012-10-08,68.20689655172414,Washington,0
2012-10-09,63.793103448275865,Washington,0
2012-10-10,63.07142857142857,Washington,0
2012-10-11,66.96428571428571,Washington,0
2012-10-12,50.25,Washington,0
2012-10-13,23.037037037037038,Washington,0
2012-10-14,21.40740740740741,Washington,0
2012-10-15,20.75,Washington,0
2012-10-16,22.115384615384617,Washington,0
2012-10-17,35.26923076923077,Washington,0
2012-10-18,49.464285714285715,Washington,0
2012-10-19,31.923076923076923,Washington,0
2012-10-20,19.23076923076923,Washington,0
2012-10-21,27.357142857142858,Washington,0
2012-10-22,35.92,Washington,0
2012-10-23,35.88461538461539,Washington,0
2012-10-24,39.0,Washington,0
2012-10-25,48.80769230769231,Washington,0
2012-10-26,45.370370370370374,Washington,0
2012-10-27,40.285714285714285,Washington,0
2012-10-28,31.77777777777778,Washington,0
2012-10-29,27.11111111111111,Washington,0
2012-10-30,37.074074074074076,Washington,0
2012-10-31,43.57692307692308,Washington,0
2012-11-01,30.703703703703702,Washington,0
2012-11-02,42.32142857142857,Washington,0
2012-11-03,42.370370370370374,Washington,0
2012-11-04,33.333333333333336,Washington,0
2012-11-05,36.67857142857143,Washington,0
2012-11-06,45.592592592592595,Washington,0
2012-11-07,33.22222222222222,Washington,0
2012-11-08,47.464285714285715,Washington,0
2012-11-09,56.81481481481482,Washington,0
2012-11-10,65.14814814814815,Washington,0
2012-11-11,58.714285714285715,Washington,0
2012-11-12,43.22222222222222,Washington,0
2012-11-13,50.18518518518518,Washington,0
2012-11-14,50.785714285714285,Washington,0
2012-11-15,49.96296296296296,Washington,0
2012-11-16,56.96153846153846,Washington,0
2012-11-17,44.275862068965516,Washington,0
2012-11-18,19.74074074074074,Washington,0
2012-11-19,21.384615384615383,Washington,0
2012-11-20,26.142857142857142,Washington,0
2012-11-21,24.115384615384617,Washington,0
2012-11-22,37.73076923076923,Washington,0
2012-11-23,35.214285714285715,Washington,0
2012-11-24,41.11538461538461,Washington,0
2012-11-25,46.96153846153846,Washington,0
2012-11-26,49.142857142857146,Washington,0
2012-11-27,59.03846153846154,Washington,0
2012-11-28,58.11538461538461,Washington,0
2012-11-29,47.724137931034484,Washington,0
2012-11-30,38.357142857142854,Washington,0
2012-12-01,25.857142857142858,Washington,0
2012-12-02,21.17241379310345,Washington,0
2012-12-03,25.464285714285715,Washington,0
2012-12-04,23.464285714285715,Washington,0
2012-12-05,29.96551724137931,Washington,0
2012-12-06,35.22222222222222,Washington,0
2012-12-07,28.85185185185185,Washington,0
2012-12-08,39.41379310344828,Washington,0
2012-12-09,39.17857142857143,Washington,0
2012-12-10,40.892857142857146,Washington,0
2012-12-11,34.58620689655172,Washington,0
2012-12-12,42.32142857142857,Washington,0
2012-12-13,43.785714285714285,Washington,0
2012-12-14,41.793103448275865,Washington,0
2012-12-15,38.464285714285715,Washington,0
2012-12-16,27.535714285714285,Washington,0
2012-12-17,21.25,Washington,0
2012-12-18,31.607142857142858,Washington,0
2012-12-19,26.321428571428573,Washington,0
2012-12-20,31.607142857142858,Washington,0
2012-12-21,44.51851851851852,Washington,0
2012-12-22,38.888888888888886,Washington,0
2012-12-23,32.357142857142854,Washington,0
2012-12-24,36.7037037037037,Washington,0
2012-12-25,38.592592592592595,Washington,0
2012-12-26,37.67857142857143,Washington,0
2012-12-27,44.48148148148148,Washington,0
2012-12-28,46.925925925925924,Washington,0
2012-12-29,48.17857142857143,Washington,0
2012-12-30,54.81481481481482,Washington,0
2012-12-31,59.03703703703704,Washington,0
2013-01-01,57.42857142857143,Washington,0
2013-01-02,55.25925925925926,Washington,0
2013-01-03,54.111111111111114,Washington,0
2013-01-04,52.06896551724138,Washington,0
2013-01-05,56.035714285714285,Washington,0
2013-01-06,53.07142857142857,Washington,0
2013-01-07,37.172413793103445,Washington,0
2013-01-08,29.857142857142858,Washington,0
2013-01-09,25.392857142857142,Washington,0
2013-01-10,33.310344827586206,Washington,0
2013-01-11,46.75,Washington,0
2013-01-12,61.214285714285715,Washington,0
2013-01-13,63.689655172413794,Washington,0
2013-01-14,62.111111111111114,Washington,0
2013-01-15,63.214285714285715,Washington,0
2013-01-16,63.51724137931034,Washington,0
2013-01-17,59.51851851851852,Washington,0
2013-01-18,62.592592592592595,Washington,0
2013-01-19,62.142857142857146,Washington,0
2013-01-20,62.77777777777778,Washington,0
2013-01-21,61.333333333333336,Washington,0
2013-01-22,63.0,Washington,0
2013-01-23,60.55555555555556,Washington,0
2013-01-24,55.22222222222222,Washington,0
2013-01-25,53.107142857142854,Washington,0
2013-01-26,44.407407407407405,Washington,0
2013-01-27,34.851851851851855,Washington,0
2013-01-28,32.785714285714285,Washington,0
2013-01-29,29.22222222222222,Washington,0
2013-01-30,28.77777777777778,Washington,0
2013-01-31,33.92857142857143,Washington,0
2013-02-01,38.42857142857143,Washington,0
2013-02-02,49.857142857142854,Washington,0
2013-02-03,55.03448275862069,Washington,0
2013-02-04,52.32142857142857,Washington,0
2013-02-05,40.25,Washington,0
2013-02-06,28.482758620689655,Washington,0
2013-02-07,31.25,Washington,0
2013-02-08,39.892857142857146,Washington,0
2013-02-09,45.206896551724135,Washington,0
2013-02-10,49.857142857142854,Washington,0
2013-02-11,48.81481481481482,Washington,0
2013-02-12,35.0,Washington,0
2013-02-13,31.571428571428573,Washington,0
2013-02-14,40.107142857142854,Washington,0
2013-02-15,43.206896551724135,Washington,0
2013-02-16,38.714285714285715,Washington,0
2013-02-17,28.5,Washington,0
2013-02-18,38.724137931034484,Washington,0
2013-02-19,37.892857142857146,Washington,0
2013-02-20,44.25,Washington,0
2013-02-21,30.413793103448278,Washington,0
2013-02-22,25.0,Washington,0
2013-02-23,26.62962962962963,Washington,0
2013-02-24,31.79310344827586,Washington,0
2013-02-25,26.296296296296298,Washington,0
2013-02-26,32.30769230769231,Washington,0
2013-02-27,35.67857142857143,Washington,0
2013-02-28,29.59259259259259,Washington,0
2013-03-01,25.75,Washington,0
2013-03-02,27.0,Washington,0
2013-03-03,21.392857142857142,Washington,0
2013-03-04,33.642857142857146,Washington,0
2013-03-05,37.51724137931034,Washington,0
2013-03-06,33.392857142857146,Washington,0
2013-03-07,28.857142857142858,Washington,0
2013-03-08,37.206896551724135,Washington,0
2013-03-09,44.714285714285715,Washington,0
2013-03-10,42.92857142857143,Washington,0
2013-03-11,41.172413793103445,Washington,0
2013-03-12,28.428571428571427,Washington,0
2013-03-13,29.178571428571427,Washington,0
2013-03-14,32.13793103448276,Washington,0
2013-03-15,22.392857142857142,Washington,0
2013-03-16,21.678571428571427,Washington,0
2013-03-17,18.379310344827587,Washington,0
2013-03-18,25.357142857142858,Washington,0
2013-03-19,38.607142857142854,Washington,0
2013-03-20,23.93103448275862,Washington,0
2013-03-21,21.892857142857142,Washington,0
2013-03-22,28.214285714285715,Washington,0
2013-03-23,41.51724137931034,Washington,0
2013-03-24,47.82142857142857,Washington,0
2013-03-25,44.392857142857146,Washington,0
2013-03-26,40.58620689655172,Washington,0
2013-03-27,44.785714285714285,Washington,0
2013-03-28,42.82142857142857,Washington,0
2013-03-29,38.10344827586207,Washington,0
2013-03-30,40.142857142857146,Washington,0
2013-03-31,39.32142857142857,Washington,0
2013-04-01,36.310344827586206,Washington,0
2013-04-02,25.607142857142858,Washington,0
2013-04-03,35.107142857142854,Washington,0
2013-04-04,39.793103448275865,Washington,0
2013-04-05,17.5,Washington,0
2013-04-06,17.678571428571427,Washington,0
2013-04-07,17.517241379310345,Washington,0
2013-04-08,24.642857142857142,Washington,0
2013-04-09,30.285714285714285,Washington,0
2013-04-10,24.862068965517242,Washington,0
2013-04-11,19.535714285714285,Washington,0
2013-04-12,24.642857142857142,Washington,0
2013-04-13,21.310344827586206,Washington,0
2013-04-14,20.928571428571427,Washington,0
2013-04-15,26.178571428571427,Washington,0
2013-04-16,28.82758620689655,Washington,0
2013-04-17,31.22222222222222,Washington,0
2013-04-18,24.357142857142858,Washington,0
2013-04-19,16.103448275862068,Washington,0
2013-04-20,14.821428571428571,Washington,0
2013-04-21,17.892857142857142,Washington,0
2013-04-22,26.17241379310345,Washington,0
2013-04-23,36.57142857142857,Washington,0
2013-04-24,34.464285714285715,Washington,0
2013-04-25,30.93103448275862,Washington,0
2013-04-26,28.107142857142858,Washington,0
2013-04-27,27.321428571428573,Washington,0
2013-04-28,19.448275862068964,Washington,0
2013-04-29,22.928571428571427,Washington,0
2013-04-30,22.11111111111111,Washington,0
2013-05-01,30.655172413793103,Washington,0
2013-05-02,36.357142857142854,Washington,0
2013-05-03,34.964285714285715,Washington,0
2013-05-04,34.55172413793103,Washington,0
2013-05-05,34.392857142857146,Washington,0
2013-05-06,41.32142857142857,Washington,0
2013-05-07,42.03448275862069,Washington,0
2013-05-08,45.57142857142857,Washington,0
2013-05-09,47.535714285714285,Washington,0
2013-05-10,47.96551724137931,Washington,0
2013-05-11,46.035714285714285,Washington,0
2013-05-12,32.464285714285715,Washington,0
2013-05-13,24.93103448275862,Washington,0
2013-05-14,27.821428571428573,Washington,0
2013-05-15,31.357142857142858,Washington,0
2013-05-16,26.517241379310345,Washington,0
2013-05-17,21.857142857142858,Washington,0
2013-05-18,19.642857142857142,Washington,0
2013-05-19,21.310344827586206,Washington,0
2013-05-20,28.85185185185185,Washington,0
2013-05-21,25.59259259259259,Washington,0
2013-05-22,19.75,Washington,0
2013-05-23,20.814814814814813,Washington,0
2013-05-24,19.555555555555557,Washington,0
2013-05-25,22.107142857142858,Washington,0
2013-05-26,23.555555555555557,Washington,0
2013-05-27,18.51851851851852,Washington,0
2013-05-28,17.571428571428573,Washington,0
2013-05-29,18.74074074074074,Washington,0
2013-05-30,19.153846153846153,Washington,0
2013-05-31,21.0,Washington,0
2013-06-01,24.73076923076923,Washington,0
2013-06-02,22.73076923076923,Washington,0
2013-06-03,26.074074074074073,Washington,0
2013-06-04,30.807692307692307,Washington,0
2013-06-05,29.0,Washington,0
2013-06-06,30.357142857142858,Washington,0
2013-06-07,26.0,Washington,0
2013-06-08,26.037037037037038,Washington,0
2013-06-09,24.785714285714285,Washington,0
2013-06-10,26.22222222222222,Washington,0
2013-06-11,23.85185185185185,Washington,0
2013-06-12,19.571428571428573,Washington,0
2013-06-13,19.296296296296298,Washington,0
2013-06-14,21.444444444444443,Washington,0
2013-06-15,28.862068965517242,Washington,0
2013-06-16,29.714285714285715,Washington,0
2013-06-17,25.85185185185185,Washington,0
2013-06-18,21.535714285714285,Washington,0
2013-06-19,19.807692307692307,Washington,0
2013-06-20,16.5,Washington,0
2013-06-21,17.928571428571427,Washington,0
2013-06-22,26.5,Washington,0
2013-06-23,29.615384615384617,Washington,0
2013-06-24,19.964285714285715,Washington,0
2013-06-25,20.73076923076923,Washington,0
2013-06-26,23.192307692307693,Washington,0
2013-06-27,24.071428571428573,Washington,0
2013-06-28,29.884615384615383,Washington,0
2013-06-29,32.76923076923077,Washington,0
2013-06-30,36.67857142857143,Washington,0
2013-07-01,39.84615384615385,Washington,0
2013-07-02,35.96,Washington,0
2013-07-03,27.5,Washington,0
2013-07-04,38.4,Washington,0
2013-07-05,35.04,Washington,0
2013-07-06,37.30769230769231,Washington,0
2013-07-07,38.68,Washington,0
2013-07-08,37.32,Washington,0
2013-07-09,37.46153846153846,Washington,0
2013-07-10,32.24,Washington,0
2013-07-11,25.2,Washington,0
2013-07-12,23.884615384615383,Washington,0
2013-07-13,27.44,Washington,0
2013-07-14,30.12,Washington,0
2013-07-15,28.0,Washington,0
2013-07-16,34.0,Washington,0
2013-07-17,35.925925925925924,Washington,0
2013-07-18,35.42857142857143,Washington,0
2013-07-19,38.925925925925924,Washington,0
2013-07-20,36.55555555555556,Washington,0
2013-07-21,32.892857142857146,Washington,0
2013-07-22,31.59259259259259,Washington,0
2013-07-23,31.925925925925927,Washington,0
2013-07-24,34.92857142857143,Washington,0
2013-07-25,36.629629629629626,Washington,0
2013-07-26,36.65384615384615,Washington,0
2013-07-27,31.14814814814815,Washington,0
2013-07-28,36.84615384615385,Washington,0
2013-07-29,46.92,Washington,0
2013-07-30,48.333333333333336,Washington,0
2013-07-31,47.03703703703704,Washington,0
2013-08-01,41.925925925925924,Washington,0
2013-08-02,31.071428571428573,Washington,0
2013-08-03,38.48148148148148,Washington,0
2013-08-04,42.81481481481482,Washington,0
2013-08-05,42.214285714285715,Washington,0
2013-08-06,40.25925925925926,Washington,0
2013-08-07,35.25925925925926,Washington,0
2013-08-08,32.2962962962963,Washington,0
2013-08-09,39.07692307692308,Washington,0
2013-08-10,40.76923076923077,Washington,0
2013-08-11,37.44444444444444,Washington,0
2013-08-12,37.88461538461539,Washington,0
2013-08-13,39.34615384615385,Washington,0
2013-08-14,45.7037037037037,Washington,0
2013-08-15,38.18518518518518,Washington,0
2013-08-16,32.48148148148148,Washington,0
2013-08-17,27.821428571428573,Washington,0
2013-08-18,23.85185185185185,Washington,0
2013-08-19,28.925925925925927,Washington,0
2013-08-20,33.214285714285715,Washington,0
2013-08-21,36.851851851851855,Washington,0
2013-08-22,46.333333333333336,Washington,0
2013-08-23,42.642857142857146,Washington,0
2013-08-24,32.51851851851852,Washington,0
2013-08-25,30.23076923076923,Washington,0
2013-08-26,28.88888888888889,Washington,0
2013-08-27,26.615384615384617,Washington,0
2013-08-28,30.5,Washington,0
2013-08-29,25.333333333333332,Washington,0
2013-08-30,24.814814814814813,Washington,0
2013-08-31,29.392857142857142,Washington,0
2013-09-01,31.896551724137932,Washington,0
2013-09-02,33.81481481481482,Washington,0
2013-09-03,35.48148148148148,Washington,0
2013-09-04,40.241379310344826,Washington,0
2013-09-05,38.0,Washington,0
2013-09-06,21.892857142857142,Washington,0
2013-09-07,25.24137931034483,Washington,0
2013-09-08,30.107142857142858,Washington,0
2013-09-09,32.15384615384615,Washington,0
2013-09-10,36.22222222222222,Washington,0
2013-09-11,42.958333333333336,Washington,0
2013-09-12,39.12,Washington,0
2013-09-13,42.75,Washington,0
2013-09-14,50.53846153846154,Washington,0
2013-09-15,50.68,Washington,0
2013-09-16,18.814814814814813,Washington,0
2013-09-17,21.4,Washington,0
2013-09-18,24.46153846153846,Washington,0
2013-09-19,30.142857142857142,Washington,0
2013-09-20,29.807692307692307,Washington,0
2013-09-21,23.26923076923077,Washington,0
2013-09-22,19.714285714285715,Washington,0
2013-09-23,21.384615384615383,Washington,0
2013-09-24,20.04,Washington,0
2013-09-25,20.925925925925927,Washington,0
2013-09-26,31.32,Washington,0
2013-09-27,26.88,Washington,0
2013-09-28,20.51851851851852,Washington,0
2013-09-29,17.24,Washington,0
2013-09-30,18.88,Washington,0
2013-10-01,18.107142857142858,Washington,0
2013-10-02,25.44,Washington,0
2013-10-03,33.0,Washington,0
2013-10-04,40.285714285714285,Washington,0
2013-10-05,45.0,Washington,0
2013-10-06,47.88461538461539,Washington,0
2013-10-07,29.785714285714285,Washington,0
2013-10-08,29.346153846153847,Washington,0
2013-10-09,41.57692307692308,Washington,0
2013-10-10,44.629629629629626,Washington,0
2013-10-11,44.81481481481482,Washington,0
2013-10-12,49.592592592592595,Washington,0
2013-10-13,52.851851851851855,Washington,0
2013-10-14,55.7037037037037,Washington,0
2013-10-15,60.55555555555556,Washington,0
2013-10-16,60.03703703703704,Washington,0
2013-10-17,58.51851851851852,Washington,0
2013-10-18,57.285714285714285,Washington,0
2013-10-19,58.06896551724138,Washington,0
2013-10-20,60.607142857142854,Washington,0
2013-10-21,57.642857142857146,Washington,0
2013-10-22,55.17857142857143,Washington,0
2013-10-23,56.964285714285715,Washington,0
2013-10-24,59.107142857142854,Washington,0
2013-10-25,61.37931034482759,Washington,0
2013-10-26,65.35714285714286,Washington,0
2013-10-27,54.07142857142857,Washington,0
2013-10-28,37.857142857142854,Washington,0
2013-10-29,55.44444444444444,Washington,0
2013-10-30,58.2962962962963,Washington,0
2013-10-31,49.82142857142857,Washington,0
2013-11-01,51.357142857142854,Washington,0
2013-11-02,52.535714285714285,Washington,0
2013-11-03,33.827586206896555,Washington,0
2013-11-04,45.785714285714285,Washington,0
2013-11-05,47.642857142857146,Washington,0
2013-11-06,57.67857142857143,Washington,0
2013-11-07,41.75,Washington,0
2013-11-08,36.666666666666664,Washington,0
2013-11-09,51.10344827586207,Washington,0
2013-11-10,49.42857142857143,Washington,0
2013-11-11,55.57142857142857,Washington,0
2013-11-12,57.793103448275865,Washington,0
2013-11-13,50.25,Washington,0
2013-11-14,49.535714285714285,Washington,0
2013-11-15,31.24137931034483,Washington,0
2013-11-16,27.357142857142858,Washington,0
2013-11-17,27.964285714285715,Washington,0
2013-11-18,28.93103448275862,Washington,0
2013-11-19,21.928571428571427,Washington,0
2013-11-20,40.32142857142857,Washington,0
2013-11-21,55.310344827586206,Washington,0
2013-11-22,63.82142857142857,Washington,0
2013-11-23,74.07142857142857,Washington,0
2013-11-24,78.37931034482759,Washington,0
2013-11-25,83.35714285714286,Washington,0
2013-11-26,80.78571428571429,Washington,0
2013-11-27,80.27586206896552,Washington,0
2013-11-28,84.03571428571429,Washington,0
2013-11-29,73.82142857142857,Washington,0
2013-11-30,70.10344827586206,Washington,0
2013-12-01,39.857142857142854,Washington,0
2013-12-02,26.107142857142858,Washington,0
2013-12-03,39.724137931034484,Washington,0
2013-12-04,56.964285714285715,Washington,0
2013-12-05,61.892857142857146,Washington,0
2013-12-06,45.58620689655172,Washington,0
2013-12-07,48.57142857142857,Washington,0
2013-12-08,60.142857142857146,Washington,0
2013-12-09,57.58620689655172,Washington,0
2013-12-10,62.57142857142857,Washington,0
2013-12-11,66.03571428571429,Washington,0
2013-12-12,66.34482758620689,Washington,0
2013-12-13,60.92857142857143,Washington,0
2013-12-14,59.5,Washington,0
2013-12-15,45.89655172413793,Washington,0
2013-12-16,49.148148148148145,Washington,0
2013-12-17,52.592592592592595,Washington,0
2013-12-18,40.96551724137931,Washington,0
2013-12-19,43.03703703703704,Washington,0
2013-12-20,41.888888888888886,Washington,0
2013-12-21,46.55172413793103,Washington,0
2013-12-22,50.2962962962963,Washington,0
2013-12-23,39.2962962962963,Washington,0
2013-12-24,44.206896551724135,Washington,0
2013-12-25,53.55555555555556,Washington,0
2013-12-26,61.77777777777778,Washington,0
2013-12-27,54.172413793103445,Washington,0
2013-12-28,56.03703703703704,Washington,0
2013-12-29,56.925925925925924,Washington,0
2013-12-30,56.275862068965516,Washington,0
2013-12-31,58.666666666666664,Washington,0
2014-01-01,57.18518518518518,Washington,0
2014-01-02,48.607142857142854,Washington,0
2014-01-03,39.38461538461539,Washington,0
2014-01-04,49.65384615384615,Washington,0
2014-01-05,54.035714285714285,Washington,0
2014-01-06,60.5,Washington,0
2014-01-07,53.73076923076923,Washington,0
2014-01-08,45.57142857142857,Washington,0
2014-01-09,34.03846153846154,Washington,0
2014-01-10,31.26923076923077,Washington,0
2014-01-11,24.77777777777778,Washington,0
2014-01-12,24.615384615384617,Washington,0
2014-01-13,32.23076923076923,Washington,0
2014-01-14,43.206896551724135,Washington,0
2014-01-15,55.0,Washington,0
2014-01-16,54.81481481481482,Washington,0
2014-01-17,52.48275862068966,Washington,0
2014-01-18,54.888888888888886,Washington,0
2014-01-19,56.55555555555556,Washington,0
2014-01-20,52.44827586206897,Washington,0
2014-01-21,52.74074074074074,Washington,0
2014-01-22,49.77777777777778,Washington,0
2014-01-23,51.58620689655172,Washington,0
2014-01-24,50.51851851851852,Washington,0
2014-01-25,50.333333333333336,Washington,0
2014-01-26,50.58620689655172,Washington,0
2014-01-27,51.074074074074076,Washington,0
2014-01-28,49.629629629629626,Washington,0
2014-01-29,33.44827586206897,Washington,0
2014-01-30,31.40740740740741,Washington,0
2014-01-31,38.370370370370374,Washington,0
2014-02-01,43.37931034482759,Washington,0
2014-02-02,43.48148148148148,Washington,0
2014-02-03,36.48148148148148,Washington,0
2014-02-04,32.25,Washington,0
2014-02-05,27.23076923076923,Washington,0
2014-02-06,32.80769230769231,Washington,0
2014-02-07,39.285714285714285,Washington,0
2014-02-08,37.57692307692308,Washington,0
2014-02-09,46.19230769230769,Washington,0
2014-02-10,49.074074074074076,Washington,0
2014-02-11,40.52,Washington,0
2014-02-12,24.8,Washington,0
2014-02-13,29.178571428571427,Washington,0
2014-02-14,30.846153846153847,Washington,0
2014-02-15,32.84615384615385,Washington,0
2014-02-16,17.964285714285715,Washington,0
2014-02-17,22.192307692307693,Washington,0
2014-02-18,22.384615384615383,Washington,0
2014-02-19,20.962962962962962,Washington,0
2014-02-20,25.23076923076923,Washington,0
2014-02-21,27.846153846153847,Washington,0
2014-02-22,34.148148148148145,Washington,0
2014-02-23,33.34615384615385,Washington,0
2014-02-24,25.884615384615383,Washington,0
2014-02-25,31.62962962962963,Washington,0
2014-02-26,42.42307692307692,Washington,0
2014-02-27,49.38461538461539,Washington,0
2014-02-28,47.07142857142857,Washington,0
2014-03-01,32.888888888888886,Washington,0
2014-03-02,29.962962962962962,Washington,0
2014-03-03,36.357142857142854,Washington,0
2014-03-04,35.22222222222222,Washington,0
2014-03-05,27.666666666666668,Washington,0
2014-03-06,20.571428571428573,Washington,0
2014-03-07,26.074074074074073,Washington,0
2014-03-08,33.592592592592595,Washington,0
2014-03-09,18.928571428571427,Washington,0
2014-03-10,20.962962962962962,Washington,0
2014-03-11,29.814814814814813,Washington,0
2014-03-12,39.642857142857146,Washington,0
2014-03-13,41.0,Washington,0
2014-03-14,30.22222222222222,Washington,0
2014-03-15,33.357142857142854,Washington,0
2014-03-16,22.814814814814813,Washington,0
2014-03-17,23.185185185185187,Washington,0
2014-03-18,27.0,Washington,0
2014-03-19,26.653846153846153,Washington,0
2014-03-20,23.576923076923077,Washington,0
2014-03-21,28.428571428571427,Washington,0
2014-03-22,38.03846153846154,Washington,0
2014-03-23,36.53846153846154,Washington,0
2014-03-24,40.464285714285715,Washington,0
2014-03-25,37.73076923076923,Washington,0
2014-03-26,21.96153846153846,Washington,0
2014-03-27,17.714285714285715,Washington,0
2014-03-28,21.53846153846154,Washington,0
2014-03-29,18.74074074074074,Washington,0
2014-03-30,21.862068965517242,Washington,0
2014-03-31,28.11111111111111,Washington,0
2014-04-01,29.22222222222222,Washington,0
2014-04-02,28.82758620689655,Washington,0
2014-04-03,27.555555555555557,Washington,0
2014-04-04,19.555555555555557,Washington,0
2014-04-05,21.06896551724138,Washington,0
2014-04-06,19.185185185185187,Washington,0
2014-04-07,26.555555555555557,Washington,0
2014-04-08,24.413793103448278,Washington,0
2014-04-09,20.22222222222222,Washington,0
2014-04-10,25.51851851851852,Washington,0
2014-04-11,29.310344827586206,Washington,0
2014-04-12,27.5,Washington,0
2014-04-13,32.82142857142857,Washington,0
2014-04-14,33.86206896551724,Washington,0
2014-04-15,25.821428571428573,Washington,0
2014-04-16,24.821428571428573,Washington,0
2014-04-17,25.103448275862068,Washington,0
2014-04-18,24.107142857142858,Washington,0
2014-04-19,29.678571428571427,Washington,0
2014-04-20,35.58620689655172,Washington,0
2014-04-21,41.464285714285715,Washington,0
2014-04-22,19.5,Washington,0
2014-04-23,15.586206896551724,Washington,0
2014-04-24,16.678571428571427,Washington,0
2014-04-25,20.214285714285715,Washington,0
2014-04-26,20.0,Washington,0
2014-04-27,19.321428571428573,Washington,0
2014-04-28,22.178571428571427,Washington,0
2014-04-29,26.137931034482758,Washington,0
2014-04-30,29.714285714285715,Washington,0
2014-05-01,39.333333333333336,Washington,0
2014-05-02,35.172413793103445,Washington,0
2014-05-03,23.071428571428573,Washington,0
2014-05-04,17.071428571428573,Washington,0
2014-05-05,16.482758620689655,Washington,0
2014-05-06,24.5,Washington,0
2014-05-07,35.2962962962963,Washington,0
2014-05-08,33.5,Washington,0
2014-05-09,18.925925925925927,Washington,0
2014-05-10,18.85185185185185,Washington,0
2014-05-11,24.607142857142858,Washington,0
2014-05-12,29.48148148148148,Washington,0
2014-05-13,34.07142857142857,Washington,0
2014-05-14,37.6551724137931,Washington,0
2014-05-15,38.0,Washington,0
2014-05-16,38.67857142857143,Washington,0
2014-05-17,28.857142857142858,Washington,0
2014-05-18,23.14814814814815,Washington,0
2014-05-19,19.178571428571427,Washington,0
2014-05-20,23.17241379310345,Washington,0
2014-05-21,27.464285714285715,Washington,0
2014-05-22,27.428571428571427,Washington,0
2014-05-23,23.862068965517242,Washington,0
2014-05-24,21.11111111111111,Washington,0
2014-05-25,24.85185185185185,Washington,0
2014-05-26,22.464285714285715,Washington,0
2014-05-27,25.535714285714285,Washington,0
2014-05-28,25.074074074074073,Washington,0
2014-05-29,31.857142857142858,Washington,0
2014-05-30,33.2962962962963,Washington,0
2014-05-31,37.592592592592595,Washington,0
2014-06-01,39.392857142857146,Washington,0
2014-06-02,40.964285714285715,Washington,0
2014-06-03,37.535714285714285,Washington,0
2014-06-04,37.0,Washington,0
2014-06-05,31.464285714285715,Washington,0
2014-06-06,29.357142857142858,Washington,0
2014-06-07,23.896551724137932,Washington,0
2014-06-08,21.857142857142858,Washington,0
2014-06-09,23.392857142857142,Washington,0
2014-06-10,23.25,Washington,0
2014-06-11,24.357142857142858,Washington,0
2014-06-12,25.321428571428573,Washington,0
2014-06-13,21.344827586206897,Washington,0
2014-06-14,31.464285714285715,Washington,0
2014-06-15,25.785714285714285,Washington,0
2014-06-16,19.75862068965517,Washington,0
2014-06-17,20.964285714285715,Washington,0
2014-06-18,23.392857142857142,Washington,0
2014-06-19,23.448275862068964,Washington,0
2014-06-20,20.74074074074074,Washington,0
2014-06-21,24.678571428571427,Washington,0
2014-06-22,28.862068965517242,Washington,0
2014-06-23,26.821428571428573,Washington,0
2014-06-24,21.5,Washington,0
2014-06-25,22.79310344827586,Washington,0
2014-06-26,21.25,Washington,0
2014-06-27,15.178571428571429,Washington,0
2014-06-28,13.0,Washington,0
2014-06-29,15.642857142857142,Washington,0
2014-06-30,21.74074074074074,Washington,0
2014-07-01,32.142857142857146,Washington,0
2014-07-02,33.370370370370374,Washington,0
2014-07-03,22.46153846153846,Washington,0
2014-07-04,36.03703703703704,Washington,0
2014-07-05,40.57692307692308,Washington,0
2014-07-06,28.384615384615383,Washington,0
2014-07-07,28.62962962962963,Washington,0
2014-07-08,30.26923076923077,Washington,0
2014-07-09,33.42307692307692,Washington,0
2014-07-10,39.333333333333336,Washington,0
2014-07-11,45.96153846153846,Washington,0
2014-07-12,53.23076923076923,Washington,0
2014-07-13,50.48148148148148,Washington,0
2014-07-14,44.0,Washington,0
2014-07-15,48.52,Washington,0
2014-07-16,54.592592592592595,Washington,0
2014-07-17,53.8,Washington,0
2014-07-18,52.72,Washington,0
2014-07-19,32.88461538461539,Washington,0
2014-07-20,25.16,Washington,0
2014-07-21,28.884615384615383,Washington,0
2014-07-22,38.666666666666664,Washington,0
2014-07-23,32.07692307692308,Washington,0
2014-07-24,18.88888888888889,Washington,0
2014-07-25,24.607142857142858,Washington,0
2014-07-26,27.666666666666668,Washington,0
2014-07-27,34.074074074074076,Washington,0
2014-07-28,43.407407407407405,Washington,0
2014-07-29,39.07692307692308,Washington,0
2014-07-30,36.03846153846154,Washington,0
2014-07-31,40.888888888888886,Washington,0
2014-08-01,47.46153846153846,Washington,0
2014-08-02,55.34615384615385,Washington,0
2014-08-03,56.592592592592595,Washington,0
2014-08-04,53.80769230769231,Washington,0
2014-08-05,40.46153846153846,Washington,0
2014-08-06,36.22222222222222,Washington,0
2014-08-07,42.23076923076923,Washington,0
2014-08-08,40.42307692307692,Washington,0
2014-08-09,45.925925925925924,Washington,0
2014-08-10,58.15384615384615,Washington,0
2014-08-11,86.72,Washington,0
2014-08-12,63.52,Washington,0
2014-08-13,37.68,Washington,0
2014-08-14,39.84615384615385,Washington,0
2014-08-15,38.206896551724135,Washington,0
2014-08-16,37.214285714285715,Washington,0
2014-08-17,43.57142857142857,Washington,0
2014-08-18,47.62068965517241,Washington,0
2014-08-19,39.32142857142857,Washington,0
2014-08-20,31.464285714285715,Washington,0
2014-08-21,34.206896551724135,Washington,0
2014-08-22,35.642857142857146,Washington,0
2014-08-23,39.392857142857146,Washington,0
2014-08-24,38.3448275862069,Washington,0
2014-08-25,42.22222222222222,Washington,0
2014-08-26,47.18518518518518,Washington,0
2014-08-27,37.17857142857143,Washington,0
2014-08-28,23.464285714285715,Washington,0
2014-08-29,22.321428571428573,Washington,0
2014-08-30,21.0,Washington,0
2014-08-31,22.62962962962963,Washington,0
2014-09-01,26.357142857142858,Washington,0
2014-09-02,22.655172413793103,Washington,0
2014-09-03,23.428571428571427,Washington,0
2014-09-04,26.392857142857142,Washington,0
2014-09-05,29.896551724137932,Washington,0
2014-09-06,37.714285714285715,Washington,0
2014-09-07,42.25,Washington,0
2014-09-08,31.689655172413794,Washington,0
2014-09-09,24.785714285714285,Washington,0
2014-09-10,26.392857142857142,Washington,0
2014-09-11,20.928571428571427,Washington,0
2014-09-12,30.333333333333332,Washington,0
2014-09-13,34.666666666666664,Washington,0
2014-09-14,39.42857142857143,Washington,0
2014-09-15,51.48148148148148,Washington,0
2014-09-16,56.714285714285715,Washington,0
2014-09-17,59.172413793103445,Washington,0
2014-09-18,47.714285714285715,Washington,0
2014-09-19,28.107142857142858,Washington,0
2014-09-20,31.24137931034483,Washington,0
2014-09-21,36.285714285714285,Washington,0
2014-09-22,37.0,Washington,0
2014-09-23,43.55172413793103,Washington,0
2014-09-24,34.42857142857143,Washington,0
2014-09-25,27.285714285714285,Washington,0
2014-09-26,26.448275862068964,Washington,0
2014-09-27,28.571428571428573,Washington,0
2014-09-28,35.035714285714285,Washington,0
2014-09-29,28.551724137931036,Washington,0
2014-09-30,22.071428571428573,Washington,0
2014-10-01,27.214285714285715,Washington,0
2014-10-02,38.0,Washington,0
2014-10-03,45.57142857142857,Washington,0
2014-10-04,48.392857142857146,Washington,0
2014-10-05,42.275862068965516,Washington,0
2014-10-06,34.357142857142854,Washington,0
2014-10-07,37.392857142857146,Washington,0
2014-10-08,36.689655172413794,Washington,0
2014-10-09,42.51851851851852,Washington,0
2014-10-10,39.074074074074076,Washington,0
2014-10-11,26.75862068965517,Washington,0
2014-10-12,30.14814814814815,Washington,0
2014-10-13,33.333333333333336,Washington,0
2014-10-14,23.689655172413794,Washington,0
2014-10-15,24.035714285714285,Washington,0
2014-10-16,26.22222222222222,Washington,0
2014-10-17,35.241379310344826,Washington,0
2014-10-18,38.607142857142854,Washington,0
2014-10-19,42.392857142857146,Washington,0
2014-10-20,34.535714285714285,Washington,0
2014-10-21,23.25925925925926,Washington,0
2014-10-22,23.62962962962963,Washington,0
2014-10-23,23.285714285714285,Washington,0
2014-10-24,34.25925925925926,Washington,0
2014-10-25,33.44444444444444,Washington,0
2014-10-26,19.928571428571427,Washington,0
2014-10-27,32.074074074074076,Washington,0
2014-10-28,37.111111111111114,Washington,0
2014-10-29,38.25,Washington,0
2014-10-30,45.96296296296296,Washington,0
2014-10-31,42.148148148148145,Washington,0
2014-11-01,37.392857142857146,Washington,0
2014-11-02,31.666666666666668,Washington,0
2014-11-03,29.2,Washington,0
2014-11-04,27.925925925925927,Washington,0
2014-11-05,38.26923076923077,Washington,0
2014-11-06,32.88461538461539,Washington,0
2014-11-07,37.2962962962963,Washington,0
2014-11-08,54.03846153846154,Washington,0
2014-11-09,42.84615384615385,Washington,0
2014-11-10,32.44444444444444,Washington,0
2014-11-11,31.153846153846153,Washington,0
2014-11-12,36.88461538461539,Washington,0
2014-11-13,49.851851851851855,Washington,0
2014-11-14,62.23076923076923,Washington,0
2014-11-15,70.1923076923077,Washington,0
2014-11-16,71.22222222222223,Washington,0
2014-11-17,76.46153846153847,Washington,0
2014-11-18,79.44,Washington,0
2014-11-19,78.73076923076923,Washington,0
2014-11-20,70.84,Washington,0
2014-11-21,58.36,Washington,0
2014-11-22,35.6,Washington,0
2014-11-23,30.72,Washington,0
2014-11-24,36.16,Washington,0
2014-11-25,27.115384615384617,Washington,0
2014-11-26,34.76,Washington,0
2014-11-27,24.56,Washington,0
2014-11-28,20.26923076923077,Washington,0
2014-11-29,33.291666666666664,Washington,0
2014-11-30,51.083333333333336,Washington,0
2014-12-01,60.57692307692308,Washington,0
2014-12-02,59.25,Washington,0
2014-12-03,58.75,Washington,0
2014-12-04,60.22222222222222,Washington,0
2014-12-05,60.34615384615385,Washington,0
2014-12-06,42.46153846153846,Washington,0
2014-12-07,46.44444444444444,Washington,0
2014-12-08,46.5,Washington,0
2014-12-09,39.03846153846154,Washington,0
2014-12-10,32.03703703703704,Washington,0
2014-12-11,29.153846153846153,Washington,0
2014-12-12,38.15384615384615,Washington,0
2014-12-13,47.18518518518518,Washington,0
2014-12-14,49.88461538461539,Washington,0
2014-12-15,47.48148148148148,Washington,0
2014-12-16,47.892857142857146,Washington,0
2014-12-17,53.74074074074074,Washington,0
2014-12-18,45.5,Washington,0
2014-12-19,34.86206896551724,Washington,0
2014-12-20,26.678571428571427,Washington,0
2014-12-21,26.444444444444443,Washington,0
2014-12-22,39.3448275862069,Washington,0
2014-12-23,35.607142857142854,Washington,0
2014-12-24,25.964285714285715,Washington,0
2014-12-25,37.357142857142854,Washington,0
2014-12-26,43.035714285714285,Washington,0
2014-12-27,34.57142857142857,Washington,0
2014-12-28,33.964285714285715,Washington,0
2014-12-29,26.74074074074074,Washington,0
2014-12-30,43.81481481481482,Washington,0
2014-12-31,58.0,Washington,0
2015-01-01,72.85714285714286,Washington,0
2015-01-02,62.964285714285715,Washington,0
2015-01-03,65.44827586206897,Washington,0
2015-01-04,52.392857142857146,Washington,0
2015-01-05,35.464285714285715,Washington,0
2015-01-06,47.333333333333336,Washington,0
2015-01-07,45.76,Washington,0
2015-01-08,44.44,Washington,0
2015-01-09,46.18518518518518,Washington,0
2015-01-10,58.92,Washington,0
2015-01-11,58.2,Washington,0
2015-01-12,52.25925925925926,Washington,0
2015-01-13,51.77777777777778,Washington,0
2015-01-14,48.285714285714285,Washington,0
2015-01-15,45.37931034482759,Washington,0
2015-01-16,43.285714285714285,Washington,0
2015-01-17,43.25,Washington,0
2015-01-18,26.482758620689655,Washington,0
2015-01-19,39.32142857142857,Washington,0
2015-01-20,45.92857142857143,Washington,0
2015-01-21,48.689655172413794,Washington,0
2015-01-22,49.857142857142854,Washington,0
2015-01-23,48.42857142857143,Washington,0
2015-01-24,45.44827586206897,Washington,0
2015-01-25,43.535714285714285,Washington,0
2015-01-26,40.57142857142857,Washington,0
2015-01-27,38.310344827586206,Washington,0
2015-01-28,39.07142857142857,Washington,0
2015-01-29,42.714285714285715,Washington,0
2015-01-30,43.827586206896555,Washington,0
2015-01-31,45.107142857142854,Washington,0
2015-02-01,47.0,Washington,0
2015-02-02,36.206896551724135,Washington,0
2015-02-03,42.607142857142854,Washington,0
2015-02-04,39.892857142857146,Washington,0
2015-02-05,32.06896551724138,Washington,0
2015-02-06,26.464285714285715,Washington,0
2015-02-07,22.178571428571427,Washington,0
2015-02-08,26.344827586206897,Washington,0
2015-02-09,25.5,Washington,0
2015-02-10,26.185185185185187,Washington,0
2015-02-11,43.111111111111114,Washington,0
2015-02-12,45.28,Washington,0
2015-02-13,50.92307692307692,Washington,0
2015-02-14,47.392857142857146,Washington,0
2015-02-15,41.88461538461539,Washington,0
2015-02-16,40.84615384615385,Washington,0
2015-02-17,46.629629629629626,Washington,0
2015-02-18,53.65384615384615,Washington,0
2015-02-19,45.73076923076923,Washington,0
2015-02-20,35.15384615384615,Washington,0
2015-02-21,31.5,Washington,0
2015-02-22,38.592592592592595,Washington,0
2015-02-23,47.111111111111114,Washington,0
2015-02-24,49.629629629629626,Washington,0
2015-02-25,43.285714285714285,Washington,0
2015-02-26,35.89655172413793,Washington,0
2015-02-27,30.714285714285715,Washington,0
2015-02-28,32.67857142857143,Washington,0
2015-03-01,43.82142857142857,Washington,0
2015-03-02,39.07692307692308,Washington,0
2015-03-03,36.38461538461539,Washington,0
2015-03-04,47.851851851851855,Washington,0
2015-03-05,54.84,Washington,0
2015-03-06,57.28,Washington,0
2015-03-07,55.22222222222222,Washington,0
2015-03-08,52.23076923076923,Washington,0
2015-03-09,45.03846153846154,Washington,0
2015-03-10,45.148148148148145,Washington,0
2015-03-11,36.44444444444444,Washington,0
2015-03-12,29.666666666666668,Washington,0
2015-03-13,34.241379310344826,Washington,0
2015-03-14,27.0,Washington,0
2015-03-15,19.48148148148148,Washington,0
2015-03-16,19.862068965517242,Washington,0
2015-03-17,30.40740740740741,Washington,0
2015-03-18,30.074074074074073,Washington,0
2015-03-19,30.551724137931036,Washington,0
2015-03-20,38.592592592592595,Washington,0
2015-03-21,24.703703703703702,Washington,0
2015-03-22,28.79310344827586,Washington,0
2015-03-23,25.40740740740741,Washington,0
2015-03-24,19.11111111111111,Washington,0
2015-03-25,19.24137931034483,Washington,0
2015-03-26,28.962962962962962,Washington,0
2015-03-27,30.962962962962962,Washington,0
2015-03-28,17.413793103448278,Washington,0
2015-03-29,24.22222222222222,Washington,0
2015-03-30,27.925925925925927,Washington,0
2015-03-31,19.482758620689655,Washington,0
2015-04-01,20.14814814814815,Washington,0
2015-04-02,25.333333333333332,Washington,0
2015-04-03,33.758620689655174,Washington,0
2015-04-04,30.22222222222222,Washington,0
2015-04-05,32.96296296296296,Washington,0
2015-04-06,21.607142857142858,Washington,0
2015-04-07,23.76923076923077,Washington,0
2015-04-08,26.884615384615383,Washington,0
2015-04-09,28.964285714285715,Washington,0
2015-04-10,26.576923076923077,Washington,0
2015-04-11,19.384615384615383,Washington,0
2015-04-12,21.535714285714285,Washington,0
2015-04-13,27.46153846153846,Washington,0
2015-04-14,20.346153846153847,Washington,0
2015-04-15,21.964285714285715,Washington,0
2015-04-16,29.25925925925926,Washington,0
2015-04-17,31.814814814814813,Washington,0
2015-04-18,34.0,Washington,0
2015-04-19,38.407407407407405,Washington,0
2015-04-20,38.148148148148145,Washington,0
2015-04-21,34.964285714285715,Washington,0
2015-04-22,22.46153846153846,Washington,0
2015-04-23,30.73076923076923,Washington,0
2015-04-24,17.0,Washington,0
2015-04-25,18.814814814814813,Washington,0
2015-04-26,22.62962962962963,Washington,0
2015-04-27,20.379310344827587,Washington,0
2015-04-28,17.166666666666668,Washington,0
2015-04-29,26.0,Washington,0
2015-04-30,23.916666666666668,Washington,0
2015-05-01,40.32142857142857,Washington,0
2015-05-02,30.964285714285715,Washington,0
2015-05-03,34.06896551724138,Washington,0
2015-05-04,33.285714285714285,Washington,0
2015-05-05,22.214285714285715,Washington,0
2015-05-06,21.620689655172413,Washington,0
2015-05-07,24.071428571428573,Washington,0
2015-05-08,32.857142857142854,Washington,0
2015-05-09,40.10344827586207,Washington,0
2015-05-10,38.857142857142854,Washington,0
2015-05-11,34.67857142857143,Washington,0
2015-05-12,29.96551724137931,Washington,0
2015-05-13,22.964285714285715,Washington,0
2015-05-14,24.964285714285715,Washington,0
2015-05-15,26.655172413793103,Washington,0
2015-05-16,29.857142857142858,Washington,0
2015-05-17,28.857142857142858,Washington,0
2015-05-18,30.24137931034483,Washington,0
2015-05-19,30.357142857142858,Washington,0
2015-05-20,33.857142857142854,Washington,0
2015-05-21,36.241379310344826,Washington,0
2015-05-22,30.928571428571427,Washington,0
2015-05-23,28.25,Washington,0
2015-05-24,26.448275862068964,Washington,0
2015-05-25,26.571428571428573,Washington,0
2015-05-26,27.607142857142858,Washington,0
2015-05-27,30.413793103448278,Washington,0
2015-05-28,33.857142857142854,Washington,0
2015-05-29,35.92857142857143,Washington,0
2015-05-30,36.172413793103445,Washington,0
2015-05-31,40.392857142857146,Washington,0
2015-06-01,36.107142857142854,Washington,0
2015-06-02,19.586206896551722,Washington,0
2015-06-03,18.571428571428573,Washington,0
2015-06-04,21.607142857142858,Washington,0
2015-06-05,27.517241379310345,Washington,0
2015-06-06,35.17857142857143,Washington,0
2015-06-07,40.57142857142857,Washington,0
2015-06-08,37.03448275862069,Washington,0
2015-06-09,35.214285714285715,Washington,0
2015-06-10,39.07142857142857,Washington,0
2015-06-11,34.172413793103445,Washington,0
2015-06-12,28.0,Washington,0
2015-06-13,28.678571428571427,Washington,0
2015-06-14,30.93103448275862,Washington,0
2015-06-15,34.214285714285715,Washington,0
2015-06-16,34.0,Washington,0
2015-06-17,31.0,Washington,0
2015-06-18,26.678571428571427,Washington,0
2015-06-19,22.821428571428573,Washington,0
2015-06-20,28.620689655172413,Washington,0
2015-06-21,32.67857142857143,Washington,0
2015-06-22,32.92857142857143,Washington,0
2015-06-23,34.3448275862069,Washington,0
2015-06-24,29.928571428571427,Washington,0
2015-06-25,31.178571428571427,Washington,0
2015-06-26,36.241379310344826,Washington,0
2015-06-27,43.142857142857146,Washington,0
2015-06-28,46.464285714285715,Washington,0
2015-06-29,49.55172413793103,Washington,0
2015-06-30,36.75,Washington,0
2015-07-01,39.07142857142857,Washington,0
2015-07-02,46.724137931034484,Washington,0
2015-07-03,48.035714285714285,Washington,0
2015-07-04,58.785714285714285,Washington,0
2015-07-05,68.44827586206897,Washington,0
2015-07-06,56.285714285714285,Washington,0
2015-07-07,50.035714285714285,Washington,0
2015-07-08,68.82758620689656,Washington,0
2015-07-09,68.60714285714286,Washington,0
2015-07-10,55.964285714285715,Washington,0
2015-07-11,42.275862068965516,Washington,0
2015-07-12,34.75,Washington,0
2015-07-13,22.821428571428573,Washington,0
2015-07-14,25.178571428571427,Washington,0
2015-07-15,25.14814814814815,Washington,0
2015-07-16,24.88888888888889,Washington,0
2015-07-17,26.571428571428573,Washington,0
2015-07-18,31.74074074074074,Washington,0
2015-07-19,33.851851851851855,Washington,0
2015-07-20,29.285714285714285,Washington,0
2015-07-21,25.428571428571427,Washington,0
2015-07-22,27.678571428571427,Washington,0
2015-07-23,28.96551724137931,Washington,0
2015-07-24,29.25,Washington,0
2015-07-25,19.178571428571427,Washington,0
2015-07-26,17.310344827586206,Washington,0
2015-07-27,18.925925925925927,Washington,0
2015-07-28,22.666666666666668,Washington,0
2015-07-29,26.785714285714285,Washington,0
2015-07-30,36.111111111111114,Washington,0
2015-07-31,39.074074074074076,Washington,0
2015-08-01,50.107142857142854,Washington,0
2015-08-02,56.48148148148148,Washington,0
2015-08-03,41.666666666666664,Washington,0
2015-08-04,29.214285714285715,Washington,0
2015-08-05,26.59259259259259,Washington,0
2015-08-06,23.88888888888889,Washington,0
2015-08-07,28.296296296296298,Washington,0
2015-08-08,23.185185185185187,Washington,0
2015-08-09,25.666666666666668,Washington,0
2015-08-10,40.035714285714285,Washington,0
2015-08-11,51.333333333333336,Washington,0
2015-08-12,59.18518518518518,Washington,0
2015-08-13,65.60714285714286,Washington,0
2015-08-14,61.48148148148148,Washington,0
2015-08-15,35.96296296296296,Washington,0
2015-08-16,61.857142857142854,Washington,0
2015-08-17,69.74074074074075,Washington,0
2015-08-18,74.11111111111111,Washington,0
2015-08-19,74.6923076923077,Washington,0
2015-08-20,48.03846153846154,Washington,0
2015-08-21,56.0,Washington,0
2015-08-22,106.64285714285714,Washington,0
2015-08-23,139.14814814814815,Washington,0
2015-08-24,110.25925925925925,Washington,0
2015-08-25,64.64285714285714,Washington,0
2015-08-26,91.62962962962963,Washington,0
2015-08-27,71.11111111111111,Washington,0
2015-08-28,46.642857142857146,Washington,0
2015-08-29,44.72,Washington,0
2015-08-30,23.333333333333332,Washington,0
2015-08-31,28.571428571428573,Washington,0
2015-09-01,24.814814814814813,Washington,0
2015-09-02,20.40740740740741,Washington,0
2015-09-03,17.785714285714285,Washington,0
2015-09-04,22.59259259259259,Washington,0
2015-09-05,23.703703703703702,Washington,0
2015-09-06,22.75,Washington,0
2015-09-07,24.77777777777778,Washington,0
2015-09-08,22.74074074074074,Washington,0
2015-09-09,24.464285714285715,Washington,0
2015-09-10,30.74074074074074,Washington,0
2015-09-11,41.0,Washington,0
2015-09-12,43.785714285714285,Washington,0
2015-09-13,33.44444444444444,Washington,0
2015-09-14,29.51851851851852,Washington,0
2015-09-15,26.40740740740741,Washington,0
2015-09-16,26.36,Washington,0
2015-09-17,24.8,Washington,0
2015-09-18,22.185185185185187,Washington,0
2015-09-19,22.846153846153847,Washington,0
2015-09-20,21.115384615384617,Washington,0
2015-09-21,20.962962962962962,Washington,0
2015-09-22,26.92,Washington,0
2015-09-23,30.653846153846153,Washington,0
2015-09-24,33.925925925925924,Washington,0
2015-09-25,28.73076923076923,Washington,0
2015-09-26,22.25925925925926,Washington,0
2015-09-27,25.0,Washington,0
2015-09-28,34.18518518518518,Washington,0
2015-09-29,45.25925925925926,Washington,0
2015-09-30,49.666666666666664,Washington,0
2015-10-01,52.30769230769231,Washington,0
2015-10-02,42.96296296296296,Washington,0
2015-10-03,30.857142857142858,Washington,0
2015-10-04,35.96296296296296,Washington,0
2015-10-05,44.370370370370374,Washington,0
2015-10-06,50.892857142857146,Washington,0
2015-10-07,48.074074074074076,Washington,0
2015-10-08,50.55555555555556,Washington,0
2015-10-09,47.357142857142854,Washington,0
2015-10-10,29.962962962962962,Washington,0
2015-10-11,25.51851851851852,Washington,0
2015-10-12,26.857142857142858,Washington,0
2015-10-13,28.74074074074074,Washington,0
2015-10-14,32.92857142857143,Washington,0
2015-10-15,38.44827586206897,Washington,0
2015-10-16,46.75,Washington,0
2015-10-17,51.92857142857143,Washington,0
2015-10-18,42.86206896551724,Washington,0
2015-10-19,34.285714285714285,Washington,0
2015-10-20,33.714285714285715,Washington,0
2015-10-21,38.689655172413794,Washington,0
2015-10-22,40.857142857142854,Washington,0
2015-10-23,47.17857142857143,Washington,0
2015-10-24,52.3448275862069,Washington,0
2015-10-25,45.642857142857146,Washington,0
2015-10-26,31.074074074074073,Washington,0
2015-10-27,40.75,Washington,0
2015-10-28,52.34615384615385,Washington,0
2015-10-29,37.7037037037037,Washington,0
2015-10-30,27.964285714285715,Washington,0
2015-10-31,22.185185185185187,Washington,0
2015-11-01,17.62962962962963,Washington,0
2015-11-02,25.142857142857142,Washington,0
2015-11-03,40.77777777777778,Washington,0
2015-11-04,52.81481481481482,Washington,0
2015-11-05,54.172413793103445,Washington,0
2015-11-06,56.111111111111114,Washington,0
2015-11-07,49.22222222222222,Washington,0
2015-11-08,36.25,Washington,0
2015-11-09,36.22222222222222,Washington,0
2015-11-10,47.42857142857143,Washington,0
2015-11-11,33.37931034482759,Washington,0
2015-11-12,38.142857142857146,Washington,0
2015-11-13,27.285714285714285,Washington,0
2015-11-14,28.551724137931036,Washington,0
2015-11-15,28.5,Washington,0
2015-11-16,25.464285714285715,Washington,0
2015-11-17,31.214285714285715,Washington,0
2015-11-18,28.25,Washington,0
2015-11-19,37.714285714285715,Washington,0
2015-11-20,48.689655172413794,Washington,0
2015-11-21,57.82142857142857,Washington,0
2015-11-22,68.25,Washington,0
2015-11-23,65.86206896551724,Washington,0
2015-11-24,47.607142857142854,Washington,0
2015-11-25,44.07142857142857,Washington,0
2015-11-26,58.55172413793103,Washington,0
2015-11-27,66.64285714285714,Washington,0
2015-11-28,71.67857142857143,Washington,0
2015-11-29,69.96551724137932,Washington,0
2015-11-30,61.81481481481482,Washington,0
2015-12-01,54.77777777777778,Washington,0
2015-12-02,51.793103448275865,Washington,0
2015-12-03,44.67857142857143,Washington,0
2015-12-04,38.92857142857143,Washington,0
2015-12-05,36.51724137931034,Washington,0
2015-12-06,27.035714285714285,Washington,0
2015-12-07,26.785714285714285,Washington,0
2015-12-08,26.896551724137932,Washington,0
2015-12-09,26.964285714285715,Washington,0
2015-12-10,26.11111111111111,Washington,0
2015-12-11,32.758620689655174,Washington,0
2015-12-12,32.214285714285715,Washington,0
2015-12-13,25.464285714285715,Washington,0
2015-12-14,36.58620689655172,Washington,0
2015-12-15,40.07142857142857,Washington,0
2015-12-16,36.82142857142857,Washington,0
2015-12-17,28.17241379310345,Washington,0
2015-12-18,33.42857142857143,Washington,0
2015-12-19,39.964285714285715,Washington,0
2015-12-20,28.20689655172414,Washington,0
2015-12-21,24.535714285714285,Washington,0
2015-12-22,30.285714285714285,Washington,0
2015-12-23,27.93103448275862,Washington,0
2015-12-24,34.607142857142854,Washington,0
2015-12-25,49.785714285714285,Washington,0
2015-12-26,45.827586206896555,Washington,0
2015-12-27,42.07142857142857,Washington,0
2015-12-28,50.107142857142854,Washington,0
2015-12-29,53.25,Washington,0
2015-12-30,50.74074074074074,Washington,0
2015-12-31,55.370370370370374,Washington,0
2016-01-01,63.17857142857143,Washington,0
2016-01-02,55.55555555555556,Washington,0
2016-01-03,55.81481481481482,Washington,0
2016-01-04,56.607142857142854,Washington,0
2016-01-05,64.03703703703704,Washington,0
2016-01-06,71.11111111111111,Washington,0
2016-01-07,69.32142857142857,Washington,0
2016-01-08,68.33333333333333,Washington,0
2016-01-09,57.851851851851855,Washington,0
2016-01-10,50.75,Washington,0
2016-01-11,46.888888888888886,Washington,0
2016-01-12,43.7037037037037,Washington,0
2016-01-13,35.793103448275865,Washington,0
2016-01-14,37.285714285714285,Washington,0
2016-01-15,45.107142857142854,Washington,0
2016-01-16,36.48275862068966,Washington,0
2016-01-17,38.035714285714285,Washington,0
2016-01-18,35.07142857142857,Washington,0
2016-01-19,33.62068965517241,Washington,0
2016-01-20,30.535714285714285,Washington,0
2016-01-21,33.964285714285715,Washington,0
2016-01-22,34.275862068965516,Washington,0
2016-01-23,35.392857142857146,Washington,0
2016-01-24,33.857142857142854,Washington,0
2016-01-25,38.206896551724135,Washington,0
2016-01-26,39.714285714285715,Washington,0
2016-01-27,43.07142857142857,Washington,0
2016-01-28,37.3448275862069,Washington,0
2016-01-29,28.785714285714285,Washington,0
2016-01-30,26.785714285714285,Washington,0
2016-01-31,34.51724137931034,Washington,0
2016-02-01,34.535714285714285,Washington,0
2016-02-02,39.642857142857146,Washington,0
2016-02-03,36.6551724137931,Washington,0
2016-02-04,35.82142857142857,Washington,0
2016-02-05,38.714285714285715,Washington,0
2016-02-06,34.758620689655174,Washington,0
2016-02-07,45.32142857142857,Washington,0
2016-02-08,50.285714285714285,Washington,0
2016-02-09,50.310344827586206,Washington,0
2016-02-10,54.892857142857146,Washington,0
2016-02-11,51.535714285714285,Washington,0
2016-02-12,46.44827586206897,Washington,0
2016-02-13,24.928571428571427,Washington,0
2016-02-14,21.642857142857142,Washington,0
2016-02-15,20.551724137931036,Washington,0
2016-02-16,26.642857142857142,Washington,0
2016-02-17,32.785714285714285,Washington,0
2016-02-18,18.517241379310345,Washington,0
2016-02-19,19.678571428571427,Washington,0
2016-02-20,26.785714285714285,Washington,0
2016-02-21,38.03448275862069,Washington,0
2016-02-22,35.357142857142854,Washington,0
2016-02-23,38.714285714285715,Washington,0
2016-02-24,41.310344827586206,Washington,0
2016-02-25,48.0,Washington,0
2016-02-26,50.857142857142854,Washington,0
2016-02-27,40.3448275862069,Washington,0
2016-02-28,27.642857142857142,Washington,0
2016-02-29,23.857142857142858,Washington,0
2016-03-01,25.137931034482758,Washington,0
2016-03-02,26.571428571428573,Washington,0
2016-03-03,26.77777777777778,Washington,0
2016-03-04,32.206896551724135,Washington,0
2016-03-05,27.59259259259259,Washington,0
2016-03-06,18.571428571428573,Washington,0
2016-03-07,19.285714285714285,Washington,0
2016-03-08,22.571428571428573,Washington,0
2016-03-09,22.25,Washington,0
2016-03-10,21.821428571428573,Washington,0
2016-03-11,28.428571428571427,Washington,0
2016-03-12,22.285714285714285,Washington,0
2016-03-13,18.555555555555557,Washington,0
2016-03-14,18.59259259259259,Washington,0
2016-03-15,20.85185185185185,Washington,0
2016-03-16,25.035714285714285,Washington,0
2016-03-17,25.192307692307693,Washington,0
2016-03-18,27.74074074074074,Washington,0
2016-03-19,33.48275862068966,Washington,0
2016-03-20,39.67857142857143,Washington,0
2016-03-21,25.40740740740741,Washington,0
2016-03-22,16.448275862068964,Washington,0
2016-03-23,17.392857142857142,Washington,0
2016-03-24,16.535714285714285,Washington,0
2016-03-25,21.517241379310345,Washington,0
2016-03-26,28.037037037037038,Washington,0
2016-03-27,18.857142857142858,Washington,0
2016-03-28,21.0,Washington,0
2016-03-29,26.962962962962962,Washington,0
2016-03-30,31.25925925925926,Washington,0
2016-03-31,35.758620689655174,Washington,0
2016-04-01,36.77777777777778,Washington,0
2016-04-02,32.74074074074074,Washington,0
2016-04-03,32.44827586206897,Washington,0
2016-04-04,19.076923076923077,Washington,0
2016-04-05,21.296296296296298,Washington,0
2016-04-06,27.642857142857142,Washington,0
2016-04-07,33.07692307692308,Washington,0
2016-04-08,36.57692307692308,Washington,0
2016-04-09,33.107142857142854,Washington,0
2016-04-10,30.46153846153846,Washington,0
2016-04-11,28.423076923076923,Washington,0
2016-04-12,25.428571428571427,Washington,0
2016-04-13,24.192307692307693,Washington,0
2016-04-14,22.14814814814815,Washington,0
2016-04-15,26.892857142857142,Washington,0
2016-04-16,33.333333333333336,Washington,0
2016-04-17,37.111111111111114,Washington,0
2016-04-18,39.57142857142857,Washington,0
2016-04-19,45.51851851851852,Washington,0
2016-04-20,49.148148148148145,Washington,0
2016-04-21,37.58620689655172,Washington,0
2016-04-22,31.428571428571427,Washington,0
2016-04-23,21.964285714285715,Washington,0
2016-04-24,20.75862068965517,Washington,0
2016-04-25,23.0,Washington,0
2016-04-26,26.928571428571427,Washington,0
2016-04-27,29.896551724137932,Washington,0
2016-04-28,29.214285714285715,Washington,0
2016-04-29,25.035714285714285,Washington,0
2016-04-30,28.20689655172414,Washington,0
2016-05-01,32.892857142857146,Washington,0
2016-05-02,34.142857142857146,Washington,0
2016-05-03,34.310344827586206,Washington,0
2016-05-04,28.321428571428573,Washington,0
2016-05-05,28.75,Washington,0
2016-05-06,33.89655172413793,Washington,0
2016-05-07,40.42857142857143,Washington,0
2016-05-08,30.928571428571427,Washington,0
2016-05-09,25.82758620689655,Washington,0
2016-05-10,25.392857142857142,Washington,0
2016-05-11,30.107142857142858,Washington,0
2016-05-12,33.96551724137931,Washington,0
2016-05-13,34.464285714285715,Washington,0
2016-05-14,36.642857142857146,Washington,0
2016-05-15,29.0,Washington,0
2016-05-16,27.571428571428573,Washington,0
2016-05-17,31.285714285714285,Washington,0
2016-05-18,30.25,Washington,0
2016-05-19,21.11111111111111,Washington,0
2016-05-20,24.14814814814815,Washington,0
2016-05-21,24.892857142857142,Washington,0
2016-05-22,20.814814814814813,Washington,0
2016-05-23,21.62962962962963,Washington,0
2016-05-24,25.724137931034484,Washington,0
2016-05-25,28.821428571428573,Washington,0
2016-05-26,31.464285714285715,Washington,0
2016-05-27,25.96551724137931,Washington,0
2016-05-28,26.464285714285715,Washington,0
2016-05-29,27.678571428571427,Washington,0
2016-05-30,27.0,Washington,0
2016-05-31,32.03703703703704,Washington,0
2016-06-01,29.962962962962962,Washington,0
2016-06-02,21.107142857142858,Washington,0
2016-06-03,27.555555555555557,Washington,0
2016-06-04,32.7037037037037,Washington,0
2016-06-05,39.57142857142857,Washington,0
2016-06-06,42.333333333333336,Washington,0
2016-06-07,40.148148148148145,Washington,0
2016-06-08,35.535714285714285,Washington,0
2016-06-09,27.11111111111111,Washington,0
2016-06-10,20.22222222222222,Washington,0
2016-06-11,18.535714285714285,Washington,0
2016-06-12,21.814814814814813,Washington,0
2016-06-13,21.37037037037037,Washington,0
2016-06-14,17.25,Washington,0
2016-06-15,20.0,Washington,0
2016-06-16,21.48148148148148,Washington,0
2016-06-17,23.535714285714285,Washington,0
2016-06-18,22.444444444444443,Washington,0
2016-06-19,22.59259259259259,Washington,0
2016-06-20,23.892857142857142,Washington,0
2016-06-21,23.59259259259259,Washington,0
2016-06-22,27.51851851851852,Washington,0
2016-06-23,20.035714285714285,Washington,0
2016-06-24,17.88888888888889,Washington,0
2016-06-25,21.25925925925926,Washington,0
2016-06-26,27.285714285714285,Washington,0
2016-06-27,32.370370370370374,Washington,0
2016-06-28,32.77777777777778,Washington,0
2016-06-29,34.32142857142857,Washington,0
2016-06-30,26.62962962962963,Washington,0
2016-07-01,27.925925925925927,Washington,0
2016-07-02,24.535714285714285,Washington,0
2016-07-03,22.653846153846153,Washington,0
2016-07-04,27.53846153846154,Washington,0
2016-07-05,21.48148148148148,Washington,0
2016-07-06,21.962962962962962,Washington,0
2016-07-07,21.807692307692307,Washington,0
2016-07-08,18.40740740740741,Washington,0
2016-07-09,19.807692307692307,Washington,0
2016-07-10,19.576923076923077,Washington,0
2016-07-11,19.076923076923077,Washington,0
2016-07-12,21.46153846153846,Washington,0
2016-07-13,22.53846153846154,Washington,0
2016-07-14,27.40740740740741,Washington,0
2016-07-15,25.615384615384617,Washington,0
2016-07-16,25.884615384615383,Washington,0
2016-07-17,28.25925925925926,Washington,0
2016-07-18,25.23076923076923,Washington,0
2016-07-19,23.384615384615383,Washington,0
2016-07-20,27.48148148148148,Washington,0
2016-07-21,32.30769230769231,Washington,0
2016-07-22,23.074074074074073,Washington,0
2016-07-23,22.785714285714285,Washington,0
2016-07-24,28.25925925925926,Washington,0
2016-07-25,30.96,Washington,0
2016-07-26,31.346153846153847,Washington,0
2016-07-27,30.807692307692307,Washington,0
2016-07-28,33.03846153846154,Washington,0
2016-07-29,39.74074074074074,Washington,0
2016-07-30,34.57692307692308,Washington,0
2016-07-31,39.07692307692308,Washington,0
2016-08-01,41.81481481481482,Washington,0
2016-08-02,31.423076923076923,Washington,0
2016-08-03,33.0,Washington,0
2016-08-04,37.407407407407405,Washington,0
2016-08-05,40.15384615384615,Washington,0
2016-08-06,34.96153846153846,Washington,0
2016-08-07,29.296296296296298,Washington,0
2016-08-08,21.076923076923077,Washington,0
2016-08-09,20.03846153846154,Washington,0
2016-08-10,25.074074074074073,Washington,0
2016-08-11,31.0,Washington,0
2016-08-12,35.82142857142857,Washington,0
2016-08-13,37.89655172413793,Washington,0
2016-08-14,28.892857142857142,Washington,0
2016-08-15,27.428571428571427,Washington,0
2016-08-16,34.44827586206897,Washington,0
2016-08-17,36.074074074074076,Washington,0
2016-08-18,39.2962962962963,Washington,0
2016-08-19,37.93103448275862,Washington,0
2016-08-20,48.07142857142857,Washington,0
2016-08-21,34.67857142857143,Washington,0
2016-08-22,31.607142857142858,Washington,0
2016-08-23,36.25925925925926,Washington,0
2016-08-24,34.81481481481482,Washington,0
2016-08-25,40.035714285714285,Washington,0
2016-08-26,48.0,Washington,0
2016-08-27,37.44444444444444,Washington,0
2016-08-28,29.107142857142858,Washington,0
2016-08-29,36.407407407407405,Washington,0
2016-08-30,35.96296296296296,Washington,0
2016-08-31,32.214285714285715,Washington,0
2016-09-01,22.666666666666668,Washington,0
2016-09-02,20.51851851851852,Washington,0
2016-09-03,19.928571428571427,Washington,0
2016-09-04,21.925925925925927,Washington,0
2016-09-05,21.555555555555557,Washington,0
2016-09-06,21.25,Washington,0
2016-09-07,23.037037037037038,Washington,0
2016-09-08,22.51851851851852,Washington,0
2016-09-09,25.896551724137932,Washington,0
2016-09-10,27.5,Washington,0
2016-09-11,26.535714285714285,Washington,0
2016-09-12,21.482758620689655,Washington,0
2016-09-13,24.035714285714285,Washington,0
2016-09-14,35.107142857142854,Washington,0
2016-09-15,39.206896551724135,Washington,0
2016-09-16,37.67857142857143,Washington,0
2016-09-17,23.571428571428573,Washington,0
2016-09-18,21.517241379310345,Washington,0
2016-09-19,24.071428571428573,Washington,0
2016-09-20,26.535714285714285,Washington,0
2016-09-21,26.413793103448278,Washington,0
2016-09-22,28.642857142857142,Washington,0
2016-09-23,27.678571428571427,Washington,0
2016-09-24,29.517241379310345,Washington,0
2016-09-25,29.464285714285715,Washington,0
2016-09-26,29.5,Washington,0
2016-09-27,28.137931034482758,Washington,0
2016-09-28,33.035714285714285,Washington,0
2016-09-29,43.92857142857143,Washington,0
2016-09-30,45.51724137931034,Washington,0
2016-10-01,30.107142857142858,Washington,0
2016-10-02,25.5,Washington,0
2016-10-03,25.642857142857142,Washington,0
2016-10-04,26.14814814814815,Washington,0
2016-10-05,23.423076923076923,Washington,0
2016-10-06,26.185185185185187,Washington,0
2016-10-07,22.88888888888889,Washington,0
2016-10-08,26.037037037037038,Washington,0
2016-10-09,21.071428571428573,Washington,0
2016-10-10,26.962962962962962,Washington,0
2016-10-11,34.592592592592595,Washington,0
2016-10-12,43.5,Washington,0
2016-10-13,42.333333333333336,Washington,0
2016-10-14,24.88888888888889,Washington,0
2016-10-15,19.607142857142858,Washington,0
2016-10-16,17.62962962962963,Washington,0
2016-10-17,19.40740740740741,Washington,0
2016-10-18,24.392857142857142,Washington,0
2016-10-19,34.51851851851852,Washington,0
2016-10-20,31.333333333333332,Washington,0
2016-10-21,36.86206896551724,Washington,0
2016-10-22,37.82142857142857,Washington,0
2016-10-23,44.32142857142857,Washington,0
2016-10-24,42.13793103448276,Washington,0
2016-10-25,31.785714285714285,Washington,0
2016-10-26,36.785714285714285,Washington,0
2016-10-27,30.96551724137931,Washington,0
2016-10-28,35.0,Washington,0
2016-10-29,46.5,Washington,0
2016-10-30,42.758620689655174,Washington,0
2016-10-31,24.035714285714285,Washington,0
2016-11-01,27.678571428571427,Washington,0
2016-11-02,36.48275862068966,Washington,0
2016-11-03,43.44444444444444,Washington,0
2016-11-04,53.55555555555556,Washington,0
2016-11-05,51.10344827586207,Washington,0
2016-11-06,32.32142857142857,Washington,0
2016-11-07,37.785714285714285,Washington,0
2016-11-08,45.86206896551724,Washington,0
2016-11-09,48.82142857142857,Washington,0
2016-11-10,50.857142857142854,Washington,0
2016-11-11,60.96551724137931,Washington,0
2016-11-12,44.5,Washington,0
2016-11-13,31.535714285714285,Washington,0
2016-11-14,27.689655172413794,Washington,0
2016-11-15,21.75,Washington,0
2016-11-16,29.678571428571427,Washington,0
2016-11-17,42.96551724137931,Washington,0
2016-11-18,46.785714285714285,Washington,0
2016-11-19,40.357142857142854,Washington,0
2016-11-20,37.206896551724135,Washington,0
2016-11-21,36.964285714285715,Washington,0
2016-11-22,33.857142857142854,Washington,0
2016-11-23,26.655172413793103,Washington,0
2016-11-24,19.214285714285715,Washington,0
2016-11-25,26.178571428571427,Washington,0
2016-11-26,34.93103448275862,Washington,0
2016-11-27,27.321428571428573,Washington,0
2016-11-28,27.25925925925926,Washington,0
2016-11-29,38.964285714285715,Washington,0
2016-11-30,29.925925925925927,Washington,0
2016-12-01,35.44444444444444,Washington,0
2016-12-02,33.17857142857143,Washington,0
2016-12-03,32.44444444444444,Washington,0
2016-12-04,23.59259259259259,Washington,0
2016-12-05,33.25,Washington,0
2016-12-06,38.851851851851855,Washington,0
2016-12-07,42.407407407407405,Washington,0
2016-12-08,35.07142857142857,Washington,0
2016-12-09,38.333333333333336,Washington,0
2016-12-10,43.407407407407405,Washington,0
2016-12-11,40.92857142857143,Washington,0
2016-12-12,42.888888888888886,Washington,0
2016-12-13,41.7037037037037,Washington,0
2016-12-14,40.5,Washington,0
2016-12-15,49.44444444444444,Washington,0
2016-12-16,53.30769230769231,Washington,0
2016-12-17,62.370370370370374,Washington,0
2016-12-18,65.38461538461539,Washington,0
2016-12-19,47.19230769230769,Washington,0
2016-12-20,39.357142857142854,Washington,0
2016-12-21,50.03703703703704,Washington,0
2016-12-22,50.407407407407405,Washington,0
2016-12-23,45.142857142857146,Washington,0
2016-12-24,52.2962962962963,Washington,0
2016-12-25,54.07692307692308,Washington,0
2016-12-26,46.074074074074076,Washington,0
2016-12-27,29.73076923076923,Washington,0
2016-12-28,38.55555555555556,Washington,0
2016-12-29,39.464285714285715,Washington,0
2016-12-30,48.148148148148145,Washington,0
2016-12-31,46.81481481481482,Washington,0
2017-01-01,37.714285714285715,Washington,0
2017-01-02,31.074074074074073,Washington,0
2017-01-03,33.03703703703704,Washington,0
2017-01-04,39.964285714285715,Washington,0
2017-01-05,58.44444444444444,Washington,0
2017-01-06,58.925925925925924,Washington,0
2017-01-07,56.107142857142854,Washington,0
2017-01-08,48.96296296296296,Washington,0
2017-01-09,45.38461538461539,Washington,0
2017-01-10,36.111111111111114,Washington,0
2017-01-11,37.61538461538461,Washington,0
2017-01-12,61.5,Washington,0
2017-01-13,67.55555555555556,Washington,0
2017-01-14,71.34615384615384,Washington,0
2017-01-15,73.96153846153847,Washington,0
2017-01-16,65.55555555555556,Washington,0
2017-01-17,54.73076923076923,Washington,0
2017-01-18,40.57692307692308,Washington,0
2017-01-19,40.44444444444444,Washington,0
2017-01-20,44.370370370370374,Washington,0
2017-01-21,48.148148148148145,Washington,0
2017-01-22,41.535714285714285,Washington,0
2017-01-23,42.0,Washington,0
2017-01-24,55.892857142857146,Washington,0
2017-01-25,61.0,Washington,0
2017-01-26,59.25,Washington,0
2017-01-27,52.035714285714285,Washington,0
2017-01-28,55.10344827586207,Washington,0
2017-01-29,53.892857142857146,Washington,0
2017-01-30,50.142857142857146,Washington,0
2017-01-31,38.689655172413794,Washington,0
2017-02-01,34.392857142857146,Washington,0
2017-02-02,36.2962962962963,Washington,0
2017-02-03,41.03448275862069,Washington,0
2017-02-04,43.18518518518518,Washington,0
2017-02-05,41.2962962962963,Washington,0
2017-02-06,28.178571428571427,Washington,0
2017-02-07,41.92307692307692,Washington,0
2017-02-08,42.80769230769231,Washington,0
2017-02-09,37.2962962962963,Washington,0
2017-02-10,28.555555555555557,Washington,0
2017-02-11,35.96296296296296,Washington,0
2017-02-12,46.42857142857143,Washington,0
2017-02-13,52.925925925925924,Washington,0
2017-02-14,57.666666666666664,Washington,0
2017-02-15,47.48275862068966,Washington,0
2017-02-16,38.925925925925924,Washington,0
2017-02-17,32.81481481481482,Washington,0
2017-02-18,34.758620689655174,Washington,0
2017-02-19,28.925925925925927,Washington,0
2017-02-20,30.85185185185185,Washington,0
2017-02-21,28.79310344827586,Washington,0
2017-02-22,32.74074074074074,Washington,0
2017-02-23,37.18518518518518,Washington,0
2017-02-24,38.06896551724138,Washington,0
2017-02-25,40.17857142857143,Washington,0
2017-02-26,30.75,Washington,0
2017-02-27,31.862068965517242,Washington,0
2017-02-28,30.107142857142858,Washington,0
2017-03-01,24.607142857142858,Washington,0
2017-03-02,32.58620689655172,Washington,0
2017-03-03,23.857142857142858,Washington,0
2017-03-04,20.25,Washington,0
2017-03-05,19.655172413793103,Washington,0
2017-03-06,20.75,Washington,0
2017-03-07,24.428571428571427,Washington,0
2017-03-08,24.03448275862069,Washington,0
2017-03-09,33.17857142857143,Washington,0
2017-03-10,27.928571428571427,Washington,0
2017-03-11,28.689655172413794,Washington,0
2017-03-12,24.892857142857142,Washington,0
2017-03-13,32.464285714285715,Washington,0
2017-03-14,26.620689655172413,Washington,0
2017-03-15,20.964285714285715,Washington,0
2017-03-16,21.714285714285715,Washington,0
2017-03-17,34.03448275862069,Washington,0
2017-03-18,24.5,Washington,0
2017-03-19,25.892857142857142,Washington,0
2017-03-20,28.551724137931036,Washington,0
2017-03-21,32.25,Washington,0
2017-03-22,28.607142857142858,Washington,0
2017-03-23,21.82758620689655,Washington,0
2017-03-24,23.392857142857142,Washington,0
2017-03-25,21.785714285714285,Washington,0
2017-03-26,24.482758620689655,Washington,0
2017-03-27,18.555555555555557,Washington,0
2017-03-28,20.703703703703702,Washington,0
2017-03-29,19.310344827586206,Washington,0
2017-03-30,19.464285714285715,Washington,0
2017-03-31,26.285714285714285,Washington,0
2017-04-01,26.275862068965516,Washington,0
2017-04-02,23.178571428571427,Washington,0
2017-04-03,24.392857142857142,Washington,0
2017-04-04,32.172413793103445,Washington,0
2017-04-05,32.392857142857146,Washington,0
2017-04-06,27.607142857142858,Washington,0
2017-04-07,20.0,Washington,0
2017-04-08,20.535714285714285,Washington,0
2017-04-09,23.928571428571427,Washington,0
2017-04-10,22.275862068965516,Washington,0
2017-04-11,23.392857142857142,Washington,0
2017-04-12,24.321428571428573,Washington,0
2017-04-13,17.75862068965517,Washington,0
2017-04-14,18.357142857142858,Washington,0
2017-04-15,24.285714285714285,Washington,0
2017-04-16,25.655172413793103,Washington,0
2017-04-17,21.142857142857142,Washington,0
2017-04-18,23.178571428571427,Washington,0
2017-04-19,30.620689655172413,Washington,0
2017-04-20,24.14814814814815,Washington,0
2017-04-21,22.62962962962963,Washington,0
2017-04-22,23.678571428571427,Washington,0
2017-04-23,18.925925925925927,Washington,0
2017-04-24,14.962962962962964,Washington,0
2017-04-25,16.571428571428573,Washington,0
2017-04-26,17.035714285714285,Washington,0
2017-04-27,18.214285714285715,Washington,0
2017-04-28,20.75862068965517,Washington,0
2017-04-29,24.428571428571427,Washington,0
2017-04-30,19.535714285714285,Washington,0
2017-05-01,23.82758620689655,Washington,0
2017-05-02,24.285714285714285,Washington,0
2017-05-03,22.857142857142858,Washington,0
2017-05-04,26.862068965517242,Washington,0
2017-05-05,24.77777777777778,Washington,0
2017-05-06,24.357142857142858,Washington,0
2017-05-07,24.689655172413794,Washington,0
2017-05-08,28.714285714285715,Washington,0
2017-05-09,33.285714285714285,Washington,0
2017-05-10,37.37931034482759,Washington,0
2017-05-11,32.07142857142857,Washington,0
2017-05-12,19.571428571428573,Washington,0
2017-05-13,19.689655172413794,Washington,0
2017-05-14,20.107142857142858,Washington,0
2017-05-15,22.214285714285715,Washington,0
2017-05-16,20.655172413793103,Washington,0
2017-05-17,19.928571428571427,Washington,0
2017-05-18,23.666666666666668,Washington,0
2017-05-19,25.392857142857142,Washington,0
2017-05-20,26.74074074074074,Washington,0
2017-05-21,32.22222222222222,Washington,0
2017-05-22,37.357142857142854,Washington,0
2017-05-23,35.03703703703704,Washington,0
2017-05-24,26.444444444444443,Washington,0
2017-05-25,27.428571428571427,Washington,0
2017-05-26,31.85185185185185,Washington,0
2017-05-27,37.18518518518518,Washington,0
2017-05-28,37.82142857142857,Washington,0
2017-05-29,35.73076923076923,Washington,0
2017-05-30,33.80769230769231,Washington,0
2017-05-31,25.25925925925926,Washington,0
2017-06-01,21.346153846153847,Washington,0
2017-06-02,21.40740740740741,Washington,0
2017-06-03,25.5,Washington,0
2017-06-04,28.40740740740741,Washington,0
2017-06-05,32.851851851851855,Washington,0
2017-06-06,35.785714285714285,Washington,0
2017-06-07,36.925925925925924,Washington,0
2017-06-08,25.185185185185187,Washington,0
2017-06-09,21.178571428571427,Washington,0
2017-06-10,19.962962962962962,Washington,0
2017-06-11,22.85185185185185,Washington,0
2017-06-12,25.857142857142858,Washington,0
2017-06-13,20.925925925925927,Washington,0
2017-06-14,24.11111111111111,Washington,0
2017-06-15,22.214285714285715,Washington,0
2017-06-16,20.074074074074073,Washington,0
2017-06-17,25.814814814814813,Washington,0
2017-06-18,19.535714285714285,Washington,0
2017-06-19,24.703703703703702,Washington,0
2017-06-20,23.11111111111111,Washington,0
2017-06-21,25.892857142857142,Washington,0
2017-06-22,27.307692307692307,Washington,0
2017-06-23,33.36,Washington,0
2017-06-24,37.785714285714285,Washington,0
2017-06-25,46.38461538461539,Washington,0
2017-06-26,36.03846153846154,Washington,0
2017-06-27,33.357142857142854,Washington,0
2017-06-28,35.642857142857146,Washington,0
2017-06-29,33.206896551724135,Washington,0
2017-06-30,35.166666666666664,Washington,0
2017-07-01,34.03448275862069,Washington,0
2017-07-02,29.620689655172413,Washington,0
2017-07-03,27.7,Washington,0
2017-07-04,44.206896551724135,Washington,0
2017-07-05,51.89655172413793,Washington,0
2017-07-06,44.0,Washington,0
2017-07-07,36.51724137931034,Washington,0
2017-07-08,34.689655172413794,Washington,0
2017-07-09,29.933333333333334,Washington,0
2017-07-10,27.379310344827587,Washington,0
2017-07-11,29.344827586206897,Washington,0
2017-07-12,30.366666666666667,Washington,0
2017-07-13,29.620689655172413,Washington,0
2017-07-14,35.6551724137931,Washington,0
2017-07-15,32.9,Washington,0
2017-07-16,24.344827586206897,Washington,0
2017-07-17,29.24137931034483,Washington,0
2017-07-18,40.43333333333333,Washington,0
2017-07-19,35.51724137931034,Washington,0
2017-07-20,24.689655172413794,Washington,0
2017-07-21,28.4,Washington,0
2017-07-22,30.96551724137931,Washington,0
2017-07-23,27.82758620689655,Washington,0
2017-07-24,33.51724137931034,Washington,0
2017-07-25,36.5,Washington,0
2017-07-26,34.07142857142857,Washington,0
2017-07-27,26.607142857142858,Washington,0
2017-07-28,29.285714285714285,Washington,0
2017-07-29,30.24137931034483,Washington,0
2017-07-30,24.566666666666666,Washington,0
2017-07-31,33.62068965517241,Washington,0
2017-08-01,68.82758620689656,Washington,0
2017-08-02,127.73333333333333,Washington,0
2017-08-03,126.6896551724138,Washington,0
2017-08-04,126.06896551724138,Washington,0
2017-08-05,102.03333333333333,Washington,0
2017-08-06,85.51724137931035,Washington,0
2017-08-07,97.17241379310344,Washington,0
2017-08-08,107.56666666666666,Washington,0
2017-08-09,111.20689655172414,Washington,0
2017-08-10,105.13793103448276,Washington,0
2017-08-11,88.33333333333333,Washington,0
2017-08-12,57.41379310344828,Washington,0
2017-08-13,29.862068965517242,Washington,0
2017-08-14,32.96666666666667,Washington,0
2017-08-15,38.96551724137931,Washington,0
2017-08-16,34.275862068965516,Washington,0
2017-08-17,29.433333333333334,Washington,0
2017-08-18,28.24137931034483,Washington,0
2017-08-19,31.448275862068964,Washington,0
2017-08-20,35.0,Washington,0
2017-08-21,37.48275862068966,Washington,0
2017-08-22,42.758620689655174,Washington,0
2017-08-23,40.793103448275865,Washington,0
2017-08-24,39.629629629629626,Washington,0
2017-08-25,42.2962962962963,Washington,0
2017-08-26,43.13793103448276,Washington,0
2017-08-27,47.57142857142857,Washington,0
2017-08-28,60.357142857142854,Washington,0
2017-08-29,79.26666666666667,Washington,0
2017-08-30,55.51724137931034,Washington,0
2017-08-31,40.793103448275865,Washington,0
2017-09-01,48.6,Washington,0
2017-09-02,54.13793103448276,Washington,0
2017-09-03,61.6551724137931,Washington,0
2017-09-04,101.46666666666667,Washington,0
2017-09-05,163.48275862068965,Washington,0
2017-09-06,166.20689655172413,Washington,0
2017-09-07,150.20689655172413,Washington,0
2017-09-08,104.79310344827586,Washington,0
2017-09-09,51.89655172413793,Washington,0
2017-09-10,41.53333333333333,Washington,0
2017-09-11,49.275862068965516,Washington,0
2017-09-12,48.241379310344826,Washington,0
2017-09-13,51.53333333333333,Washington,0
2017-09-14,52.206896551724135,Washington,0
2017-09-15,59.464285714285715,Washington,0
2017-09-16,69.06666666666666,Washington,0
2017-09-17,60.48275862068966,Washington,0
2017-09-18,32.074074074074076,Washington,0
2017-09-19,20.724137931034484,Washington,0
2017-09-20,19.964285714285715,Washington,0
2017-09-21,24.379310344827587,Washington,0
2017-09-22,29.866666666666667,Washington,0
2017-09-23,33.41379310344828,Washington,0
2017-09-24,35.44827586206897,Washington,0
2017-09-25,35.46666666666667,Washington,0
2017-09-26,32.41379310344828,Washington,0
2017-09-27,36.689655172413794,Washington,0
2017-09-28,41.2,Washington,0
2017-09-29,36.58620689655172,Washington,0
2017-09-30,21.724137931034484,Washington,0
2017-10-01,17.862068965517242,Washington,0
2017-10-02,23.571428571428573,Washington,0
2017-10-03,25.517241379310345,Washington,0
2017-10-04,35.56666666666667,Washington,0
2017-10-05,46.37931034482759,Washington,0
2017-10-06,39.3448275862069,Washington,0
2017-10-07,20.666666666666668,Washington,0
2017-10-08,23.448275862068964,Washington,0
2017-10-09,31.724137931034484,Washington,0
2017-10-10,31.586206896551722,Washington,0
2017-10-11,22.413793103448278,Washington,0
2017-10-12,24.551724137931036,Washington,0
2017-10-13,27.133333333333333,Washington,0
2017-10-14,37.06896551724138,Washington,0
2017-10-15,42.107142857142854,Washington,0
2017-10-16,42.96551724137931,Washington,0
2017-10-17,40.535714285714285,Washington,0
2017-10-18,36.06896551724138,Washington,0
2017-10-19,28.0,Washington,0
2017-10-20,20.75,Washington,0
2017-10-21,19.607142857142858,Washington,0
2017-10-22,25.0,Washington,0
2017-10-23,39.75,Washington,0
2017-10-24,44.206896551724135,Washington,0
2017-10-25,49.46666666666667,Washington,0
2017-10-26,50.55172413793103,Washington,0
2017-10-27,56.62068965517241,Washington,0
2017-10-28,65.46666666666667,Washington,0
2017-10-29,65.6896551724138,Washington,0
2017-10-30,45.892857142857146,Washington,0
2017-10-31,52.06896551724138,Washington,0
2017-11-01,37.964285714285715,Washington,0
2017-11-02,29.035714285714285,Washington,0
2017-11-03,35.233333333333334,Washington,0
2017-11-04,50.724137931034484,Washington,0
2017-11-05,45.310344827586206,Washington,0
2017-11-06,57.166666666666664,Washington,0
2017-11-07,57.89655172413793,Washington,0
2017-11-08,56.44827586206897,Washington,0
2017-11-09,48.46666666666667,Washington,0
2017-11-10,52.06896551724138,Washington,0
2017-11-11,46.48275862068966,Washington,0
2017-11-12,39.96666666666667,Washington,0
2017-11-13,25.517241379310345,Washington,0
2017-11-14,23.275862068965516,Washington,0
2017-11-15,26.166666666666668,Washington,0
2017-11-16,23.137931034482758,Washington,0
2017-11-17,25.96551724137931,Washington,0
2017-11-18,40.833333333333336,Washington,0
2017-11-19,38.10344827586207,Washington,0
2017-11-20,29.75862068965517,Washington,0
2017-11-21,36.43333333333333,Washington,0
2017-11-22,40.48275862068966,Washington,0
2017-11-23,24.137931034482758,Washington,0
2017-11-24,24.333333333333332,Washington,0
2017-11-25,34.51724137931034,Washington,0
2017-11-26,28.103448275862068,Washington,0
2017-11-27,26.1,Washington,0
2017-11-28,28.482758620689655,Washington,0
2017-11-29,35.44827586206897,Washington,0
2017-11-30,38.3,Washington,0
2017-12-01,37.793103448275865,Washington,0
2017-12-02,38.6551724137931,Washington,0
2017-12-03,36.53333333333333,Washington,0
2017-12-04,43.41379310344828,Washington,0
2017-12-05,47.6551724137931,Washington,0
2017-12-06,51.266666666666666,Washington,0
2017-12-07,56.51724137931034,Washington,0
2017-12-08,54.6551724137931,Washington,0
2017-12-09,56.43333333333333,Washington,0
2017-12-10,57.58620689655172,Washington,0
2017-12-11,59.03448275862069,Washington,0
2017-12-12,58.46666666666667,Washington,0
2017-12-13,60.58620689655172,Washington,0
2017-12-14,58.724137931034484,Washington,0
2017-12-15,49.5,Washington,0
2017-12-16,48.44827586206897,Washington,0
2017-12-17,34.86206896551724,Washington,0
2017-12-18,24.366666666666667,Washington,0
2017-12-19,24.551724137931036,Washington,0
2017-12-20,30.357142857142858,Washington,0
2017-12-21,44.233333333333334,Washington,0
2017-12-22,42.172413793103445,Washington,0
2017-12-23,41.206896551724135,Washington,0
2017-12-24,45.56666666666667,Washington,0
2017-12-25,48.6551724137931,Washington,0
2017-12-26,52.689655172413794,Washington,0
2017-12-27,57.666666666666664,Washington,0
2017-12-28,52.275862068965516,Washington,0
2017-12-29,37.96551724137931,Washington,0
2017-12-30,29.866666666666667,Washington,0
2017-12-31,39.93103448275862,Washington,0
2018-01-01,47.407407407407405,Washington,0
2018-01-02,42.206896551724135,Washington,0
2018-01-03,51.642857142857146,Washington,0
2018-01-04,58.75,Washington,0
2018-01-05,52.44827586206897,Washington,0
2018-01-06,44.607142857142854,Washington,0
2018-01-07,44.5,Washington,0
2018-01-08,43.62068965517241,Washington,0
2018-01-09,34.629629629629626,Washington,0
2018-01-10,28.62962962962963,Washington,0
2018-01-11,28.714285714285715,Washington,0
2018-01-12,36.407407407407405,Washington,0
2018-01-13,39.7037037037037,Washington,0
2018-01-14,42.0,Washington,0
2018-01-15,39.7037037037037,Washington,0
2018-01-16,34.55555555555556,Washington,0
2018-01-17,34.714285714285715,Washington,0
2018-01-18,27.0,Washington,0
2018-01-19,25.25,Washington,0
2018-01-20,26.862068965517242,Washington,0
2018-01-21,24.0,Washington,0
2018-01-22,29.678571428571427,Washington,0
2018-01-23,29.7,Washington,0
2018-01-24,25.24137931034483,Washington,0
2018-01-25,19.689655172413794,Washington,0
2018-01-26,22.366666666666667,Washington,0
2018-01-27,20.93103448275862,Washington,0
2018-01-28,29.448275862068964,Washington,0
2018-01-29,31.333333333333332,Washington,0
2018-01-30,21.482758620689655,Washington,0
2018-01-31,32.55172413793103,Washington,0
2018-02-01,31.866666666666667,Washington,0
2018-02-02,27.724137931034484,Washington,0
2018-02-03,20.137931034482758,Washington,0
2018-02-04,17.066666666666666,Washington,0
2018-02-05,16.448275862068964,Washington,0
2018-02-06,23.06896551724138,Washington,0
2018-02-07,26.966666666666665,Washington,0
2018-02-08,22.82758620689655,Washington,0
2018-02-09,22.517241379310345,Washington,0
2018-02-10,38.56666666666667,Washington,0
2018-02-11,41.89655172413793,Washington,0
2018-02-12,35.82142857142857,Washington,0
2018-02-13,46.62068965517241,Washington,0
2018-02-14,37.07142857142857,Washington,0
2018-02-15,32.285714285714285,Washington,0
2018-02-16,21.413793103448278,Washington,0
2018-02-17,21.035714285714285,Washington,0
2018-02-18,14.678571428571429,Washington,0
2018-02-19,26.607142857142858,Washington,0
2018-02-20,34.51851851851852,Washington,0
2018-02-21,36.77777777777778,Washington,0
2018-02-22,30.689655172413794,Washington,0
2018-02-23,36.074074074074076,Washington,0
2018-02-24,26.703703703703702,Washington,0
2018-02-25,20.413793103448278,Washington,0
2018-02-26,28.333333333333332,Washington,0
2018-02-27,25.310344827586206,Washington,0
2018-02-28,21.833333333333332,Washington,0
2018-03-01,22.24137931034483,Washington,0
2018-03-02,22.862068965517242,Washington,0
2018-03-03,29.433333333333334,Washington,0
2018-03-04,34.44827586206897,Washington,0
2018-03-05,26.551724137931036,Washington,0
2018-03-06,29.766666666666666,Washington,0
2018-03-07,34.55172413793103,Washington,0
2018-03-08,28.0,Washington,0
2018-03-09,22.766666666666666,Washington,0
2018-03-10,35.689655172413794,Washington,0
2018-03-11,37.0,Washington,0
2018-03-12,33.333333333333336,Washington,0
2018-03-13,28.586206896551722,Washington,0
2018-03-14,19.689655172413794,Washington,0
2018-03-15,23.0,Washington,0
2018-03-16,27.448275862068964,Washington,0
2018-03-17,27.551724137931036,Washington,0
2018-03-18,20.033333333333335,Washington,0
2018-03-19,26.17241379310345,Washington,0
2018-03-20,30.620689655172413,Washington,0
2018-03-21,33.766666666666666,Washington,0
2018-03-22,19.20689655172414,Washington,0
2018-03-23,15.827586206896552,Washington,0
2018-03-24,17.066666666666666,Washington,0
2018-03-25,19.75862068965517,Washington,0
2018-03-26,17.517241379310345,Washington,0
2018-03-27,20.0,Washington,0
2018-03-28,20.344827586206897,Washington,0
2018-03-29,23.655172413793103,Washington,0
2018-03-30,20.0,Washington,0
2018-03-31,24.20689655172414,Washington,0
2018-04-01,23.379310344827587,Washington,0
2018-04-02,20.620689655172413,Washington,0
2018-04-03,29.892857142857142,Washington,0
2018-04-04,28.928571428571427,Washington,0
2018-04-05,32.6551724137931,Washington,0
2018-04-06,25.464285714285715,Washington,0
2018-04-07,21.357142857142858,Washington,0
2018-04-08,13.206896551724139,Washington,0
2018-04-09,21.714285714285715,Washington,0
2018-04-10,24.571428571428573,Washington,0
2018-04-11,19.20689655172414,Washington,0
2018-04-12,14.928571428571429,Washington,0
2018-04-13,20.428571428571427,Washington,0
2018-04-14,24.310344827586206,Washington,0
2018-04-15,20.571428571428573,Washington,0
2018-04-16,16.107142857142858,Washington,0
2018-04-17,17.137931034482758,Washington,0
2018-04-18,19.178571428571427,Washington,0
2018-04-19,21.642857142857142,Washington,0
2018-04-20,24.82758620689655,Washington,0
2018-04-21,22.321428571428573,Washington,0
2018-04-22,25.88888888888889,Washington,0
2018-04-23,29.20689655172414,Washington,0
2018-04-24,32.214285714285715,Washington,0
2018-04-25,38.535714285714285,Washington,0
2018-04-26,42.275862068965516,Washington,0
2018-04-27,44.535714285714285,Washington,0
2018-04-28,22.571428571428573,Washington,0
2018-04-29,19.93103448275862,Washington,0
2018-04-30,22.857142857142858,Washington,0
2018-05-01,30.5,Washington,0
2018-05-02,36.44827586206897,Washington,0
2018-05-03,39.964285714285715,Washington,0
2018-05-04,32.357142857142854,Washington,0
2018-05-05,34.13793103448276,Washington,0
2018-05-06,35.964285714285715,Washington,0
2018-05-07,30.321428571428573,Washington,0
2018-05-08,33.67857142857143,Washington,0
2018-05-09,24.77777777777778,Washington,0
2018-05-10,22.0,Washington,0
2018-05-11,21.821428571428573,Washington,0
2018-05-12,29.59259259259259,Washington,0
2018-05-13,39.111111111111114,Washington,0
2018-05-14,41.392857142857146,Washington,0
2018-05-15,34.925925925925924,Washington,0
2018-05-16,25.137931034482758,Washington,0
2018-05-17,26.6,Washington,0
2018-05-18,26.79310344827586,Washington,0
2018-05-19,27.275862068965516,Washington,0
2018-05-20,26.166666666666668,Washington,0
2018-05-21,30.482758620689655,Washington,0
2018-05-22,37.689655172413794,Washington,0
2018-05-23,33.36666666666667,Washington,0
2018-05-24,28.586206896551722,Washington,0
2018-05-25,30.103448275862068,Washington,0
2018-05-26,26.3,Washington,0
2018-05-27,29.571428571428573,Washington,0
2018-05-28,25.678571428571427,Washington,0
2018-05-29,24.93103448275862,Washington,0
2018-05-30,23.035714285714285,Washington,0
2018-05-31,23.25,Washington,0
2018-06-01,19.655172413793103,Washington,0
2018-06-02,23.964285714285715,Washington,0
2018-06-03,25.142857142857142,Washington,0
2018-06-04,21.482758620689655,Washington,0
2018-06-05,23.071428571428573,Washington,0
2018-06-06,25.178571428571427,Washington,0
2018-06-07,32.766666666666666,Washington,0
2018-06-08,43.53333333333333,Washington,0
2018-06-09,19.4,Washington,0
2018-06-10,15.466666666666667,Washington,0
2018-06-11,17.7,Washington,0
2018-06-12,20.4,Washington,0
2018-06-13,19.033333333333335,Washington,0
2018-06-14,15.2,Washington,0
2018-06-15,18.8,Washington,0
2018-06-16,24.133333333333333,Washington,0
2018-06-17,28.8,Washington,0
2018-06-18,34.03333333333333,Washington,0
2018-06-19,31.666666666666668,Washington,0
2018-06-20,30.266666666666666,Washington,0
2018-06-21,27.3,Washington,0
2018-06-22,25.666666666666668,Washington,0
2018-06-23,19.233333333333334,Washington,0
2018-06-24,27.033333333333335,Washington,0
2018-06-25,19.3,Washington,0
2018-06-26,20.4,Washington,0
2018-06-27,24.533333333333335,Washington,0
2018-06-28,24.266666666666666,Washington,0
2018-06-29,21.533333333333335,Washington,0
2018-06-30,17.2,Washington,0
2018-07-01,15.7,Washington,0
2018-07-02,17.333333333333332,Washington,0
2018-07-03,20.3,Washington,0
2018-07-04,33.93333333333333,Washington,0
2018-07-05,37.53333333333333,Washington,0
2018-07-06,28.866666666666667,Washington,0
2018-07-07,18.466666666666665,Washington,0
2018-07-08,23.733333333333334,Washington,0
2018-07-09,28.833333333333332,Washington,0
2018-07-10,19.551724137931036,Washington,0
2018-07-11,22.310344827586206,Washington,0
2018-07-12,30.566666666666666,Washington,0
2018-07-13,36.86666666666667,Washington,0
2018-07-14,33.7,Washington,0
2018-07-15,37.8,Washington,0
2018-07-16,45.5,Washington,0
2018-07-17,45.1,Washington,0
2018-07-18,32.3,Washington,0
2018-07-19,33.166666666666664,Washington,0
2018-07-20,36.666666666666664,Washington,0
2018-07-21,32.166666666666664,Washington,0
2018-07-22,33.206896551724135,Washington,0
2018-07-23,39.48275862068966,Washington,0
2018-07-24,44.55172413793103,Washington,0
2018-07-25,45.48275862068966,Washington,0
2018-07-26,51.58620689655172,Washington,0
2018-07-27,50.206896551724135,Washington,0
2018-07-28,50.241379310344826,Washington,0
2018-07-29,60.172413793103445,Washington,0
2018-07-30,56.214285714285715,Washington,0
2018-07-31,53.206896551724135,Washington,0
2018-08-01,43.10344827586207,Washington,0
2018-08-02,38.13333333333333,Washington,0
2018-08-03,35.166666666666664,Washington,0
2018-08-04,44.5,Washington,0
2018-08-05,52.5,Washington,0
2018-08-06,59.75,Washington,0
2018-08-07,70.89285714285714,Washington,0
2018-08-08,80.96551724137932,Washington,0
2018-08-09,77.0,Washington,0
2018-08-10,68.62068965517241,Washington,0
2018-08-11,46.06666666666667,Washington,0
2018-08-12,43.46666666666667,Washington,0
2018-08-13,115.7,Washington,0
2018-08-14,153.3,Washington,0
2018-08-15,140.21428571428572,Washington,0
2018-08-16,99.79310344827586,Washington,0
2018-08-17,73.8,Washington,0
2018-08-18,94.9,Washington,0
2018-08-19,162.7,Washington,0
2018-08-20,179.66666666666666,Washington,0
2018-08-21,143.1,Washington,0
2018-08-22,144.63333333333333,Washington,0
2018-08-23,113.1,Washington,0
2018-08-24,90.16666666666667,Washington,0
2018-08-25,95.73333333333333,Washington,0
2018-08-26,56.13333333333333,Washington,0
2018-08-27,44.96551724137931,Washington,0
2018-08-28,51.793103448275865,Washington,0
2018-08-29,46.793103448275865,Washington,0
2018-08-30,32.06896551724138,Washington,0
2018-08-31,26.7,Washington,0
2018-09-01,34.36666666666667,Washington,0
2018-09-02,43.6,Washington,0
2018-09-03,36.266666666666666,Washington,0
2018-09-04,59.63333333333333,Washington,0
2018-09-05,72.13333333333334,Washington,0
2018-09-06,71.23333333333333,Washington,0
2018-09-07,48.2,Washington,0
2018-09-08,30.5,Washington,0
2018-09-09,27.133333333333333,Washington,0
2018-09-10,24.866666666666667,Washington,0
2018-09-11,22.666666666666668,Washington,0
2018-09-12,22.466666666666665,Washington,0
2018-09-13,25.333333333333332,Washington,0
2018-09-14,28.7,Washington,0
2018-09-15,31.1,Washington,0
2018-09-16,22.137931034482758,Washington,0
2018-09-17,22.0,Washington,0
2018-09-18,25.7,Washington,0
2018-09-19,28.766666666666666,Washington,0
2018-09-20,24.133333333333333,Washington,0
2018-09-21,26.9,Washington,0
2018-09-22,22.4,Washington,0
2018-09-23,26.266666666666666,Washington,0
2018-09-24,29.366666666666667,Washington,0
2018-09-25,30.4,Washington,0
2018-09-26,36.0,Washington,0
2018-09-27,34.5,Washington,0
2018-09-28,31.566666666666666,Washington,0
2018-09-29,38.43333333333333,Washington,0
2018-09-30,31.766666666666666,Washington,0
2018-10-01,29.7,Washington,0
2018-10-02,31.233333333333334,Washington,0
2018-10-03,26.266666666666666,Washington,0
2018-10-04,35.36666666666667,Washington,0
2018-10-05,39.3,Washington,0
2018-10-06,39.2,Washington,0
2018-10-07,46.733333333333334,Washington,0
2018-10-08,41.06666666666667,Washington,0
2018-10-09,26.862068965517242,Washington,0
2018-10-10,36.55172413793103,Washington,0
2018-10-11,45.51724137931034,Washington,0
2018-10-12,43.37931034482759,Washington,0
2018-10-13,33.0,Washington,0
2018-10-14,33.6551724137931,Washington,0
2018-10-15,40.41379310344828,Washington,0
2018-10-16,48.172413793103445,Washington,0
2018-10-17,56.96551724137931,Washington,0
2018-10-18,60.266666666666666,Washington,0
2018-10-19,62.03333333333333,Washington,0
2018-10-20,64.83333333333333,Washington,0
2018-10-21,66.6,Washington,0
2018-10-22,64.96666666666667,Washington,0
2018-10-23,65.56666666666666,Washington,0
2018-10-24,49.266666666666666,Washington,0
2018-10-25,39.333333333333336,Washington,0
2018-10-26,32.86206896551724,Washington,0
2018-10-27,33.0,Washington,0
2018-10-28,21.862068965517242,Washington,0
2018-10-29,25.103448275862068,Washington,0
2018-10-30,37.793103448275865,Washington,0
2018-10-31,30.033333333333335,Washington,0
2018-11-01,30.0,Washington,0
2018-11-02,23.766666666666666,Washington,0
2018-11-03,29.933333333333334,Washington,0
2018-11-04,25.8,Washington,0
2018-11-05,24.966666666666665,Washington,0
2018-11-06,27.6,Washington,0
2018-11-07,37.5,Washington,0
2018-11-08,50.86666666666667,Washington,0
2018-11-09,56.9,Washington,0
2018-11-10,59.03333333333333,Washington,0
2018-11-11,59.666666666666664,Washington,0
2018-11-12,63.1,Washington,0
2018-11-13,64.76666666666667,Washington,0
2018-11-14,72.2,Washington,0
2018-11-15,63.6,Washington,0
2018-11-16,48.1,Washington,0
2018-11-17,49.766666666666666,Washington,0
2018-11-18,61.63333333333333,Washington,0
2018-11-19,66.0,Washington,0
2018-11-20,68.46666666666667,Washington,0
2018-11-21,63.51724137931034,Washington,0
2018-11-22,45.793103448275865,Washington,0
2018-11-23,24.655172413793103,Washington,0
2018-11-24,38.793103448275865,Washington,0
2018-11-25,44.41379310344828,Washington,0
2018-11-26,41.10344827586207,Washington,0
2018-11-27,34.3,Washington,0
2018-11-28,37.86666666666667,Washington,0
2018-11-29,43.8,Washington,0
2018-11-30,38.36666666666667,Washington,0
2018-12-01,40.333333333333336,Washington,0
2018-12-02,50.86666666666667,Washington,0
2018-12-03,48.63333333333333,Washington,0
2018-12-04,46.36666666666667,Washington,0
2018-12-05,49.36666666666667,Washington,0
2018-12-06,53.36666666666667,Washington,0
2018-12-07,56.9,Washington,0
2018-12-08,60.333333333333336,Washington,0
2018-12-09,53.9,Washington,0
2018-12-10,49.333333333333336,Washington,0
2018-12-11,32.333333333333336,Washington,0
2018-12-12,24.689655172413794,Washington,0
2018-12-13,30.93103448275862,Washington,0
2018-12-14,33.48275862068966,Washington,0
2018-12-15,27.551724137931036,Washington,0
2018-12-16,27.448275862068964,Washington,0
2018-12-17,26.413793103448278,Washington,0
2018-12-18,20.133333333333333,Washington,0
2018-12-19,32.93103448275862,Washington,0
2018-12-20,25.4,Washington,0
2018-12-21,33.733333333333334,Washington,0
2018-12-22,35.666666666666664,Washington,0
2018-12-23,28.8,Washington,0
2018-12-24,32.46666666666667,Washington,0
2018-12-25,35.06666666666667,Washington,0
2018-12-26,31.233333333333334,Washington,0
2018-12-27,40.733333333333334,Washington,0
2018-12-28,34.766666666666666,Washington,0
2018-12-29,19.6,Washington,0
2018-12-30,24.4,Washington,0
2018-12-31,45.06666666666667,Washington,0
2019-01-01,59.43333333333333,Washington,0
2019-01-02,44.8,Washington,0
2019-01-03,29.833333333333332,Washington,0
2019-01-04,29.666666666666668,Washington,0
2019-01-05,40.5,Washington,0
2019-01-06,22.2,Washington,0
2019-01-07,30.933333333333334,Washington,0
2019-01-08,28.066666666666666,Washington,0
2019-01-09,32.6,Washington,0
2019-01-10,40.266666666666666,Washington,0
2019-01-11,42.333333333333336,Washington,0
2019-01-12,48.3,Washington,0
2019-01-13,48.7,Washington,0
2019-01-14,45.06666666666667,Washington,0
2019-01-15,49.96666666666667,Washington,0
2019-01-16,52.333333333333336,Washington,0
2019-01-17,37.03333333333333,Washington,0
2019-01-18,31.1,Washington,0
2019-01-19,31.5,Washington,0
2019-01-20,36.1,Washington,0
2019-01-21,38.4,Washington,0
2019-01-22,29.166666666666668,Washington,0
2019-01-23,25.133333333333333,Washington,0
2019-01-24,40.56666666666667,Washington,0
2019-01-25,50.666666666666664,Washington,0
2019-01-26,54.53333333333333,Washington,0
2019-01-27,48.333333333333336,Washington,0
2019-01-28,41.46666666666667,Washington,0
2019-01-29,49.56666666666667,Washington,0
2019-01-30,54.83870967741935,Washington,0
2019-01-31,58.43333333333333,Washington,0
2019-02-01,50.9,Washington,0
2019-02-02,39.32258064516129,Washington,0
2019-02-03,24.580645161290324,Washington,0
2019-02-04,28.0,Washington,0
2019-02-05,37.41935483870968,Washington,0
2019-02-06,46.225806451612904,Washington,0
2019-02-07,51.70967741935484,Washington,0
2019-02-08,49.96774193548387,Washington,0
2019-02-09,31.93548387096774,Washington,0
2019-02-10,36.516129032258064,Washington,0
2019-02-11,31.29032258064516,Washington,0
2019-02-12,34.36666666666667,Washington,0
2019-02-13,39.13333333333333,Washington,0
2019-02-14,35.766666666666666,Washington,0
2019-02-15,40.6,Washington,0
2019-02-16,41.13333333333333,Washington,0
2019-02-17,39.666666666666664,Washington,0
2019-02-18,45.6,Washington,0
2019-02-19,44.333333333333336,Washington,0
2019-02-20,43.46666666666667,Washington,0
2019-02-21,47.0,Washington,0
2019-02-22,42.16129032258065,Washington,0
2019-02-23,40.483870967741936,Washington,0
2019-02-24,34.096774193548384,Washington,0
2019-02-25,30.838709677419356,Washington,0
2019-02-26,31.096774193548388,Washington,0
2019-02-27,26.838709677419356,Washington,0
2019-02-28,38.354838709677416,Washington,0
2019-03-01,43.87096774193548,Washington,0
2019-03-02,39.25806451612903,Washington,0
2019-03-03,28.741935483870968,Washington,0
2019-03-04,36.67741935483871,Washington,0
2019-03-05,45.58064516129032,Washington,0
2019-03-06,51.03225806451613,Washington,0
2019-03-07,39.83870967741935,Washington,0
2019-03-08,40.935483870967744,Washington,0
2019-03-09,43.41935483870968,Washington,0
2019-03-10,46.25806451612903,Washington,0
2019-03-11,44.483870967741936,Washington,0
2019-03-12,37.774193548387096,Washington,0
2019-03-13,32.806451612903224,Washington,0
2019-03-14,34.1,Washington,0
2019-03-15,41.8,Washington,0
2019-03-16,46.935483870967744,Washington,0
2019-03-17,46.193548387096776,Washington,0
2019-03-18,42.70967741935484,Washington,0
2019-03-19,40.70967741935484,Washington,0
2019-03-20,36.935483870967744,Washington,0
2019-03-21,36.806451612903224,Washington,0
2019-03-22,32.483870967741936,Washington,0
2019-03-23,28.333333333333332,Washington,0
2019-03-24,32.36666666666667,Washington,0
2019-03-25,32.0,Washington,0
2019-03-26,19.466666666666665,Washington,0
2019-03-27,23.96551724137931,Washington,0
2019-03-28,25.266666666666666,Washington,0
2019-03-29,32.666666666666664,Washington,0
2019-03-30,34.0,Washington,0
2019-03-31,35.333333333333336,Washington,0
2019-04-01,32.233333333333334,Washington,0
2019-04-02,29.9,Washington,0
2019-04-03,23.0,Washington,0
2019-04-04,24.366666666666667,Washington,0
2019-04-05,20.8,Washington,0
2019-04-06,20.766666666666666,Washington,0
2019-04-07,16.9,Washington,0
2019-04-08,20.666666666666668,Washington,0
2019-04-09,17.612903225806452,Washington,0
2019-04-10,14.806451612903226,Washington,0
2019-04-11,15.451612903225806,Washington,0
2019-04-12,17.333333333333332,Washington,0
2019-04-13,18.733333333333334,Washington,0
2019-04-14,19.066666666666666,Washington,0
2019-04-15,20.3,Washington,0
2019-04-16,21.741935483870968,Washington,0
2019-04-17,16.032258064516128,Washington,0
2019-04-18,19.838709677419356,Washington,0
2019-04-19,18.870967741935484,Washington,0
2019-04-20,22.466666666666665,Washington,0
2019-04-21,28.4,Washington,0
2019-04-22,29.633333333333333,Washington,0
2019-04-23,21.161290322580644,Washington,0
2019-04-24,26.483870967741936,Washington,0
2019-04-25,33.333333333333336,Washington,0
2019-04-26,33.4,Washington,0
2019-04-27,23.3,Washington,0
2019-04-28,19.6,Washington,0
2019-04-29,21.733333333333334,Washington,0
2019-04-30,24.096774193548388,Washington,0
2019-05-01,30.70967741935484,Washington,0
2019-05-02,29.161290322580644,Washington,0
2019-05-03,27.193548387096776,Washington,0
2019-05-04,29.129032258064516,Washington,0
2019-05-05,28.580645161290324,Washington,0
2019-05-06,30.258064516129032,Washington,0
2019-05-07,30.322580645161292,Washington,0
2019-05-08,31.419354838709676,Washington,0
2019-05-09,28.677419354838708,Washington,0
2019-05-10,36.16129032258065,Washington,0
2019-05-11,38.16129032258065,Washington,0
2019-05-12,31.548387096774192,Washington,0
2019-05-13,33.4,Washington,0
2019-05-14,28.066666666666666,Washington,0
2019-05-15,23.1,Washington,0
2019-05-16,26.533333333333335,Washington,0
2019-05-17,19.733333333333334,Washington,0
2019-05-18,21.4,Washington,0
2019-05-19,20.633333333333333,Washington,0
2019-05-20,21.766666666666666,Washington,0
2019-05-21,23.5,Washington,0
2019-05-22,26.066666666666666,Washington,0
2019-05-23,31.566666666666666,Washington,0
2019-05-24,28.566666666666666,Washington,0
2019-05-25,23.466666666666665,Washington,0
2019-05-26,26.1,Washington,0
2019-05-27,36.1,Washington,0
2019-05-28,43.333333333333336,Washington,0
2019-05-29,40.43333333333333,Washington,0
2019-05-30,41.6,Washington,0
2019-05-31,47.36666666666667,Washington,0
2019-06-01,42.8,Washington,0
2019-06-02,37.3,Washington,0
2019-06-03,27.566666666666666,Washington,0
2019-06-04,30.866666666666667,Washington,0
2019-06-05,24.2,Washington,0
2019-06-06,18.433333333333334,Washington,0
2019-06-07,15.466666666666667,Washington,0
2019-06-08,15.8,Washington,0
2019-06-09,19.233333333333334,Washington,0
2019-06-10,20.166666666666668,Washington,0
2019-06-11,24.066666666666666,Washington,0
2019-06-12,31.6,Washington,0
2019-06-13,30.6,Washington,0
2019-06-14,23.266666666666666,Washington,0
2019-06-15,26.275862068965516,Washington,0
2019-06-16,26.20689655172414,Washington,0
2019-06-17,23.06896551724138,Washington,0
2019-06-18,20.9,Washington,0
2019-06-19,21.433333333333334,Washington,0
2019-06-20,19.766666666666666,Washington,0
2019-06-21,22.966666666666665,Washington,0
2019-06-22,22.833333333333332,Washington,0
2019-06-23,21.133333333333333,Washington,0
2019-06-24,23.233333333333334,Washington,0
2019-06-25,25.666666666666668,Washington,0
2019-06-26,23.896551724137932,Washington,0
2019-06-27,18.413793103448278,Washington,0
2019-06-28,19.0,Washington,0
2019-06-29,23.75862068965517,Washington,0
2019-06-30,26.0,Washington,0
2019-07-01,27.03448275862069,Washington,0
2019-07-02,23.482758620689655,Washington,0
2019-07-03,21.344827586206897,Washington,0
2019-07-04,36.13793103448276,Washington,0
2019-07-05,40.689655172413794,Washington,0
2019-07-06,31.413793103448278,Washington,0
2019-07-07,24.79310344827586,Washington,0
2019-07-08,25.892857142857142,Washington,0
2019-07-09,31.310344827586206,Washington,0
2019-07-10,23.79310344827586,Washington,0
2019-07-11,18.17241379310345,Washington,0
2019-07-12,21.620689655172413,Washington,0
2019-07-13,22.233333333333334,Washington,0
2019-07-14,23.433333333333334,Washington,0
2019-07-15,23.733333333333334,Washington,0
2019-07-16,21.0,Washington,0
2019-07-17,17.966666666666665,Washington,0
2019-07-18,20.266666666666666,Washington,0
2019-07-19,25.166666666666668,Washington,0
2019-07-20,28.366666666666667,Washington,0
2019-07-21,28.833333333333332,Washington,0
2019-07-22,31.0,Washington,0
2019-07-23,30.033333333333335,Washington,0
2019-07-24,24.766666666666666,Washington,0
2019-07-25,32.36666666666667,Washington,0
2019-07-26,33.733333333333334,Washington,0
2019-07-27,24.7,Washington,0
2019-07-28,30.033333333333335,Washington,0
2019-07-29,32.53333333333333,Washington,0
2019-07-30,28.8,Washington,0
2019-07-31,27.766666666666666,Washington,0
2019-08-01,29.133333333333333,Washington,0
2019-08-02,25.4,Washington,0
2019-08-03,46.6,Washington,0
2019-08-04,55.4,Washington,0
2019-08-05,55.93103448275862,Washington,0
2019-08-06,50.93103448275862,Washington,0
2019-08-07,46.37931034482759,Washington,0
2019-08-08,38.96551724137931,Washington,0
2019-08-09,40.06896551724138,Washington,0
2019-08-10,38.689655172413794,Washington,0
2019-08-11,27.06896551724138,Washington,0
2019-08-12,25.0,Washington,0
2019-08-13,32.310344827586206,Washington,0
2019-08-14,32.275862068965516,Washington,0
2019-08-15,29.82758620689655,Washington,0
2019-08-16,35.55172413793103,Washington,0
2019-08-17,29.413793103448278,Washington,0
2019-08-18,26.06896551724138,Washington,0
2019-08-19,27.482758620689655,Washington,0
2019-08-20,32.733333333333334,Washington,0
2019-08-21,29.9,Washington,0
2019-08-22,25.133333333333333,Washington,0
2019-08-23,30.689655172413794,Washington,0
2019-08-24,28.379310344827587,Washington,0
2019-08-25,28.482758620689655,Washington,0
2019-08-26,34.06896551724138,Washington,0
2019-08-27,36.1,Washington,0
2019-08-28,37.56666666666667,Washington,0
2019-08-29,36.233333333333334,Washington,0
2019-08-30,31.666666666666668,Washington,0
2019-08-31,29.8,Washington,0
2019-09-01,22.966666666666665,Washington,0
2019-09-02,25.266666666666666,Washington,0
2019-09-03,28.8,Washington,0
2019-09-04,29.1,Washington,0
2019-09-05,36.8,Washington,0
2019-09-06,35.06666666666667,Washington,0
2019-09-07,30.633333333333333,Washington,0
2019-09-08,21.0,Washington,0
2019-09-09,17.633333333333333,Washington,0
2019-09-10,19.033333333333335,Washington,0
2019-09-11,22.6,Washington,0
2019-09-12,23.9,Washington,0
2019-09-13,22.433333333333334,Washington,0
2019-09-14,20.966666666666665,Washington,0
2019-09-15,21.7,Washington,0
2019-09-16,19.133333333333333,Washington,0
2019-09-17,18.0,Washington,0
2019-09-18,18.633333333333333,Washington,0
2019-09-19,22.266666666666666,Washington,0
2019-09-20,23.733333333333334,Washington,0
2019-09-21,25.766666666666666,Washington,0
2019-09-22,24.233333333333334,Washington,0
2019-09-23,21.4,Washington,0
2019-09-24,25.666666666666668,Washington,0
2019-09-25,36.36666666666667,Washington,0
2019-09-26,24.266666666666666,Washington,0
2019-09-27,21.933333333333334,Washington,0
2019-09-28,18.1,Washington,0
2019-09-29,16.833333333333332,Washington,0
2019-09-30,23.066666666666666,Washington,0
2019-10-01,29.566666666666666,Washington,0
2019-10-02,35.666666666666664,Washington,0
2019-10-03,30.5,Washington,0
2019-10-04,26.1,Washington,0
2019-10-05,27.933333333333334,Washington,0
2019-10-06,31.466666666666665,Washington,0
2019-10-07,27.22222222222222,Washington,0
2019-10-08,18.133333333333333,Washington,0
2019-10-09,25.633333333333333,Washington,0
2019-10-10,38.333333333333336,Washington,0
2019-10-11,46.53333333333333,Washington,0
2019-10-12,53.53333333333333,Washington,0
2019-10-13,53.63333333333333,Washington,0
2019-10-14,47.233333333333334,Washington,0
2019-10-15,53.833333333333336,Washington,0
2019-10-16,49.46666666666667,Washington,0
2019-10-17,27.7,Washington,0
2019-10-18,25.266666666666666,Washington,0
2019-10-19,20.666666666666668,Washington,0
2019-10-20,25.366666666666667,Washington,0
2019-10-21,30.896551724137932,Washington,0
2019-10-22,28.8,Washington,0
2019-10-23,35.9,Washington,0
2019-10-24,46.733333333333334,Washington,0
2019-10-25,41.53333333333333,Washington,0
2019-10-26,30.3,Washington,0
2019-10-27,36.8,Washington,0
2019-10-28,38.93333333333333,Washington,0
2019-10-29,30.6,Washington,0
2019-10-30,49.8,Washington,0
2019-10-31,59.63333333333333,Washington,0
2019-11-01,59.666666666666664,Washington,0
2019-11-02,62.63333333333333,Washington,0
2019-11-03,63.43333333333333,Washington,0
2019-11-04,60.63333333333333,Washington,0
2019-11-05,59.53333333333333,Washington,0
2019-11-06,57.9,Washington,0
2019-11-07,58.266666666666666,Washington,0
2019-11-08,62.3,Washington,0
2019-11-09,64.86666666666666,Washington,0
2019-11-10,57.96666666666667,Washington,0
2019-11-11,53.43333333333333,Washington,0
2019-11-12,55.06666666666667,Washington,0
2019-11-13,56.1,Washington,0
2019-11-14,58.4,Washington,0
2019-11-15,50.46666666666667,Washington,0
2019-11-16,47.8,Washington,0
2019-11-17,39.89655172413793,Washington,0
2019-11-18,39.62068965517241,Washington,0
2019-11-19,31.82758620689655,Washington,0
2019-11-20,39.63333333333333,Washington,0
2019-11-21,58.03333333333333,Washington,0
2019-11-22,63.0,Washington,0
2019-11-23,63.03333333333333,Washington,0
2019-11-24,41.766666666666666,Washington,0
2019-11-25,32.56666666666667,Washington,0
2019-11-26,33.8,Washington,0
2019-11-27,27.333333333333332,Washington,0
2019-11-28,35.53333333333333,Washington,0
2019-11-29,50.733333333333334,Washington,0
2019-11-30,57.0,Washington,0
2019-12-01,49.93333333333333,Washington,0
2019-12-02,58.4,Washington,0
2019-12-03,59.86666666666667,Washington,0
2019-12-04,58.53333333333333,Washington,0
2019-12-05,61.6,Washington,0
2019-12-06,60.2,Washington,0
2019-12-07,52.03333333333333,Washington,0
2019-12-08,45.3,Washington,0
2019-12-09,44.13333333333333,Washington,0
2019-12-10,41.166666666666664,Washington,0
2019-12-11,42.333333333333336,Washington,0
2019-12-12,35.53333333333333,Washington,0
2019-12-13,36.93333333333333,Washington,0
2019-12-14,43.333333333333336,Washington,0
2019-12-15,39.2,Washington,0
2019-12-16,41.6,Washington,0
2019-12-17,46.166666666666664,Washington,0
2019-12-18,50.43333333333333,Washington,0
2019-12-19,40.4,Washington,0
2019-12-20,27.9,Washington,0
2019-12-21,27.933333333333334,Washington,0
2019-12-22,34.833333333333336,Washington,0
2019-12-23,39.733333333333334,Washington,0
2019-12-24,40.86666666666667,Washington,0
2019-12-25,45.666666666666664,Washington,0
2019-12-26,44.1,Washington,0
2019-12-27,45.41379310344828,Washington,0
2019-12-28,49.48275862068966,Washington,0
2019-12-29,47.827586206896555,Washington,0
2019-12-30,44.758620689655174,Washington,0
2019-12-31,30.466666666666665,Washington,0
2020-01-01,22.3,Washington,0
2020-01-02,22.3,Washington,0
2020-01-03,26.6,Washington,0
2020-01-04,23.310344827586206,Washington,0
2020-01-05,23.103448275862068,Washington,0
2020-01-06,19.75862068965517,Washington,0
2020-01-07,19.2,Washington,0
2020-01-08,19.666666666666668,Washington,0
2020-01-09,31.733333333333334,Washington,0
2020-01-10,26.866666666666667,Washington,0
2020-01-11,24.5,Washington,0
2020-01-12,18.266666666666666,Washington,0
2020-01-13,22.266666666666666,Washington,0
2020-01-14,27.25,Washington,0
2020-01-15,27.166666666666668,Washington,0
2020-01-16,38.86666666666667,Washington,0
2020-01-17,45.56666666666667,Washington,0
2020-01-18,37.833333333333336,Washington,0
2020-01-19,40.06666666666667,Washington,0
2020-01-20,45.5,Washington,0
2020-01-21,36.06666666666667,Washington,0
2020-01-22,27.9,Washington,0
2020-01-23,28.6,Washington,0
2020-01-24,28.1,Washington,0
2020-01-25,31.366666666666667,Washington,0
2020-01-26,29.6,Washington,0
2020-01-27,25.766666666666666,Washington,0
2020-01-28,27.066666666666666,Washington,0
2020-01-29,30.066666666666666,Washington,0
2020-01-30,32.46666666666667,Washington,0
2020-01-31,22.133333333333333,Washington,0
2020-02-01,16.366666666666667,Washington,0
2020-02-02,30.966666666666665,Washington,0
2020-02-03,36.166666666666664,Washington,0
2020-02-04,36.36666666666667,Washington,0
2020-02-05,29.4,Washington,0
2020-02-06,27.566666666666666,Washington,0
2020-02-07,24.2,Washington,0
2020-02-08,24.833333333333332,Washington,0
2020-02-09,32.86666666666667,Washington,0
2020-02-10,40.9,Washington,0
2020-02-11,35.03333333333333,Washington,0
2020-02-12,35.06666666666667,Washington,0
2020-02-13,32.6,Washington,0
2020-02-14,22.2,Washington,0
2020-02-15,20.633333333333333,Washington,0
2020-02-16,21.8,Washington,0
2020-02-17,28.033333333333335,Washington,0
2020-02-18,34.4,Washington,0
2020-02-19,38.4,Washington,0
2020-02-20,42.9,Washington,0
2020-02-21,47.36666666666667,Washington,0
2020-02-22,42.0,Washington,0
2020-02-23,30.533333333333335,Washington,0
2020-02-24,30.1,Washington,0
2020-02-25,38.03333333333333,Washington,0
2020-02-26,36.46666666666667,Washington,0
2020-02-27,35.333333333333336,Washington,0
2020-02-28,30.666666666666668,Washington,0
2020-02-29,20.533333333333335,Washington,0
2020-03-01,27.2,Washington,0
2020-03-02,23.1,Washington,0
2020-03-03,20.133333333333333,Washington,0
2020-03-04,26.966666666666665,Washington,0
2020-03-05,32.86666666666667,Washington,0
2020-03-06,29.2,Washington,0
2020-03-07,25.166666666666668,Washington,0
2020-03-08,26.233333333333334,Washington,0
2020-03-09,34.13333333333333,Washington,0
2020-03-10,31.3,Washington,0
2020-03-11,24.8,Washington,0
2020-03-12,29.7,Washington,0
2020-03-13,28.066666666666666,Washington,0
2020-03-14,24.133333333333333,Washington,0
2020-03-15,26.9,Washington,0
2020-03-16,37.333333333333336,Washington,0
2020-03-17,46.3,Washington,0
2020-03-18,47.333333333333336,Washington,0
2020-03-19,50.833333333333336,Washington,0
2020-03-20,47.86666666666667,Washington,0
2020-03-21,45.43333333333333,Washington,0
2020-03-22,44.0,Washington,0
2020-03-23,24.4,Washington,0
2020-03-24,18.666666666666668,Washington,0
2020-03-25,22.266666666666666,Washington,0
2020-03-26,31.166666666666668,Washington,0
2020-03-27,30.633333333333333,Washington,0
2020-03-28,18.03448275862069,Washington,0
2020-03-29,14.379310344827585,Washington,0
2020-03-30,15.310344827586206,Washington,0
2020-03-31,15.482758620689655,Washington,0
2020-04-01,19.3,Washington,0
2020-04-02,24.733333333333334,Washington,0
2020-04-03,22.533333333333335,Washington,0
2020-04-04,23.533333333333335,Washington,0
2020-04-05,25.366666666666667,Washington,0
2020-04-06,30.0,Washington,0
2020-04-07,34.36666666666667,Washington,0
2020-04-08,40.36666666666667,Washington,0
2020-04-09,40.4,Washington,0
2020-04-10,32.666666666666664,Washington,0
2020-04-11,30.833333333333332,Washington,0
2020-04-12,28.466666666666665,Washington,0
2020-04-13,31.733333333333334,Washington,0
2020-04-14,29.966666666666665,Washington,0
2020-04-15,23.517241379310345,Washington,0
2020-04-16,25.6,Washington,0
2020-04-17,29.166666666666668,Washington,0
2020-04-18,27.866666666666667,Washington,0
2020-04-19,22.033333333333335,Washington,0
2020-04-20,26.633333333333333,Washington,0
2020-04-21,21.733333333333334,Washington,0
2020-04-22,21.333333333333332,Washington,0
2020-04-23,16.366666666666667,Washington,0
2020-04-24,24.6,Washington,0
2020-04-25,26.133333333333333,Washington,0
2020-04-26,26.6,Washington,0
2020-04-27,21.6,Washington,0
2020-04-28,27.413793103448278,Washington,0
2020-04-29,26.413793103448278,Washington,0
2020-04-30,18.766666666666666,Washington,0
2020-05-01,25.166666666666668,Washington,0
2020-05-02,27.533333333333335,Washington,0
2020-05-03,20.233333333333334,Washington,0
2020-05-04,25.466666666666665,Washington,0
2020-05-05,27.3,Washington,0
2020-05-06,21.666666666666668,Washington,0
2020-05-07,23.066666666666666,Washington,0
2020-05-08,24.366666666666667,Washington,0
2020-05-09,28.033333333333335,Washington,0
2020-05-10,28.9,Washington,0
2020-05-11,30.3,Washington,0
2020-05-12,23.7,Washington,0
2020-05-13,19.2,Washington,0
2020-05-14,20.566666666666666,Washington,0
2020-05-15,21.633333333333333,Washington,0
2020-05-16,24.5,Washington,0
2020-05-17,22.133333333333333,Washington,0
2020-05-18,22.933333333333334,Washington,0
2020-05-19,19.0,Washington,0
2020-05-20,18.266666666666666,Washington,0
2020-05-21,15.866666666666667,Washington,0
2020-05-22,16.7,Washington,0
2020-05-23,19.20689655172414,Washington,0
2020-05-24,24.620689655172413,Washington,0
2020-05-25,23.17241379310345,Washington,0
2020-05-26,19.724137931034484,Washington,0
2020-05-27,26.896551724137932,Washington,0
2020-05-28,34.6551724137931,Washington,0
2020-05-29,36.89655172413793,Washington,0
2020-05-30,34.25,Washington,0
2020-05-31,21.142857142857142,Washington,0
2020-06-01,25.666666666666668,Washington,0
2020-06-02,25.11111111111111,Washington,0
2020-06-03,23.392857142857142,Washington,0
2020-06-04,24.620689655172413,Washington,0
2020-06-05,27.379310344827587,Washington,0
2020-06-06,21.482758620689655,Washington,0
2020-06-07,17.482758620689655,Washington,0
2020-06-08,19.0,Washington,0
2020-06-09,16.655172413793103,Washington,0
2020-06-10,18.379310344827587,Washington,0
2020-06-11,25.344827586206897,Washington,0
2020-06-12,22.366666666666667,Washington,0
2020-06-13,15.366666666666667,Washington,0
2020-06-14,15.466666666666667,Washington,0
2020-06-15,17.4,Washington,0
2020-06-16,16.966666666666665,Washington,0
2020-06-17,19.7,Washington,0
2020-06-18,23.266666666666666,Washington,0
2020-06-19,26.9,Washington,0
2020-06-20,21.5,Washington,0
2020-06-21,16.933333333333334,Washington,0
2020-06-22,21.133333333333333,Washington,0
2020-06-23,25.4,Washington,0
2020-06-24,22.4,Washington,0
2020-06-25,27.633333333333333,Washington,0
2020-06-26,25.166666666666668,Washington,0
2020-06-27,18.333333333333332,Washington,0
2020-06-28,16.633333333333333,Washington,0
2020-06-29,25.8,Washington,0
2020-06-30,19.933333333333334,Washington,0
2020-07-01,16.233333333333334,Washington,0
2020-07-02,31.233333333333334,Washington,0
2020-07-03,40.7,Washington,0
2020-07-04,49.03333333333333,Washington,0
2020-07-05,43.833333333333336,Washington,0
2020-07-06,30.862068965517242,Washington,0
2020-07-07,18.448275862068964,Washington,0
2020-07-08,19.75862068965517,Washington,0
2020-07-09,22.59259259259259,Washington,0
2020-07-10,24.48148148148148,Washington,0
2020-07-11,29.107142857142858,Washington,0
2020-07-12,22.428571428571427,Washington,0
2020-07-13,24.607142857142858,Washington,0
2020-07-14,27.310344827586206,Washington,0
2020-07-15,26.344827586206897,Washington,0
2020-07-16,21.896551724137932,Washington,0
2020-07-17,22.785714285714285,Washington,0
2020-07-18,25.464285714285715,Washington,0
2020-07-19,27.285714285714285,Washington,0
2020-07-20,30.379310344827587,Washington,0
2020-07-21,29.517241379310345,Washington,0
2020-07-22,22.689655172413794,Washington,0
2020-07-23,22.0,Washington,0
2020-07-24,23.06896551724138,Washington,0
2020-07-25,27.20689655172414,Washington,0
2020-07-26,30.82758620689655,Washington,0
2020-07-27,39.03448275862069,Washington,0
2020-07-28,38.0,Washington,0
2020-07-29,40.37931034482759,Washington,0
2020-07-30,48.62068965517241,Washington,0
2020-07-31,44.62068965517241,Washington,0
2020-08-01,31.0,Washington,0
2020-08-02,27.448275862068964,Washington,0
2020-08-03,28.551724137931036,Washington,0
2020-08-04,38.13793103448276,Washington,0
2020-08-05,38.724137931034484,Washington,0
2020-08-06,29.24137931034483,Washington,0
2020-08-07,24.82758620689655,Washington,0
2020-08-08,25.655172413793103,Washington,0
2020-08-09,23.75862068965517,Washington,0
2020-08-10,27.607142857142858,Washington,0
2020-08-11,37.357142857142854,Washington,0
2020-08-12,34.82142857142857,Washington,0
2020-08-13,46.67857142857143,Washington,0
2020-08-14,44.92857142857143,Washington,0
2020-08-15,40.25,Washington,0
2020-08-16,46.357142857142854,Washington,0
2020-08-17,41.67857142857143,Washington,0
2020-08-18,33.535714285714285,Washington,0
2020-08-19,34.25,Washington,0
2020-08-20,25.928571428571427,Washington,0
2020-08-21,27.892857142857142,Washington,0
2020-08-22,22.071428571428573,Washington,0
2020-08-23,32.67857142857143,Washington,0
2020-08-24,39.857142857142854,Washington,0
2020-08-25,36.96551724137931,Washington,0
2020-08-26,33.86206896551724,Washington,0
2020-08-27,30.06896551724138,Washington,0
2020-08-28,33.58620689655172,Washington,0
2020-08-29,34.06896551724138,Washington,0
2020-08-30,26.689655172413794,Washington,0
2020-08-31,19.103448275862068,Washington,0
2020-09-01,27.821428571428573,Washington,0
2020-09-02,33.32142857142857,Washington,0
2020-09-03,35.6551724137931,Washington,0
2020-09-04,45.285714285714285,Washington,0
2020-09-05,53.357142857142854,Washington,0
2020-09-06,42.10344827586207,Washington,0
2020-09-07,128.60714285714286,Washington,0
2020-09-08,93.57142857142857,Washington,0
2020-09-09,96.10344827586206,Washington,0
2020-09-10,105.85714285714286,Washington,0
2020-09-11,227.64285714285714,Washington,0
2020-09-12,359.7586206896552,Washington,0
2020-09-13,423.75,Washington,0
2020-09-14,400.32142857142856,Washington,0
2020-09-15,287.39285714285717,Washington,0
2020-09-16,206.5,Washington,0
2020-09-17,179.53571428571428,Washington,0
2020-09-18,144.92857142857142,Washington,0
2020-09-19,52.0,Washington,0
2020-09-20,30.40740740740741,Washington,0
2020-09-21,40.25925925925926,Washington,0
2020-09-22,38.142857142857146,Washington,0
2020-09-23,42.714285714285715,Washington,0
2020-09-24,26.103448275862068,Washington,0
2020-09-25,26.464285714285715,Washington,0
2020-09-26,21.428571428571427,Washington,0
2020-09-27,22.413793103448278,Washington,0
2020-09-28,26.535714285714285,Washington,0
2020-09-29,32.82142857142857,Washington,0
2020-09-30,43.3,Washington,0
2020-10-01,49.357142857142854,Washington,0
2020-10-02,56.07142857142857,Washington,0
2020-10-03,56.10344827586207,Washington,0
2020-10-04,49.857142857142854,Washington,0
2020-10-05,50.535714285714285,Washington,0
2020-10-06,44.6551724137931,Washington,0
2020-10-07,45.6551724137931,Washington,0
2020-10-08,41.172413793103445,Washington,0
2020-10-09,30.6,Washington,0
2020-10-10,28.035714285714285,Washington,0
2020-10-11,15.285714285714286,Washington,0
2020-10-12,20.20689655172414,Washington,0
2020-10-13,26.785714285714285,Washington,0
2020-10-14,21.79310344827586,Washington,0
2020-10-15,29.586206896551722,Washington,0
2020-10-16,29.655172413793103,Washington,0
2020-10-17,23.103448275862068,Washington,0
2020-10-18,29.0,Washington,0
2020-10-19,21.275862068965516,Washington,0
2020-10-20,26.275862068965516,Washington,0
2020-10-21,27.82758620689655,Washington,0
2020-10-22,42.67857142857143,Washington,0
2020-10-23,43.86206896551724,Washington,0
2020-10-24,33.733333333333334,Washington,0
2020-10-25,47.6551724137931,Washington,0
2020-10-26,54.17857142857143,Washington,0
2020-10-27,53.89655172413793,Washington,0
2020-10-28,51.32142857142857,Washington,0
2020-10-29,49.035714285714285,Washington,0
2020-10-30,42.6551724137931,Washington,0
2020-10-31,47.82142857142857,Washington,0
2020-11-01,57.67857142857143,Washington,0
2020-11-02,59.758620689655174,Washington,0
2020-11-03,59.357142857142854,Washington,0
2020-11-04,34.25,Washington,0
2020-11-05,27.448275862068964,Washington,0
2020-11-06,33.48275862068966,Washington,0
2020-11-07,42.37931034482759,Washington,0
2020-11-08,38.233333333333334,Washington,0
2020-11-09,42.857142857142854,Washington,0
2020-11-10,37.10344827586207,Washington,0
2020-11-11,43.4,Washington,0
2020-11-12,48.5,Washington,0
2020-11-13,25.620689655172413,Washington,0
2020-11-14,22.066666666666666,Washington,0
2020-11-15,26.20689655172414,Washington,0
2020-11-16,32.48275862068966,Washington,0
2020-11-17,32.666666666666664,Washington,0
2020-11-18,25.0,Washington,0
2020-11-19,26.103448275862068,Washington,0
2020-11-20,38.833333333333336,Washington,0
2020-11-21,49.689655172413794,Washington,0
2020-11-22,54.03448275862069,Washington,0
2020-11-23,46.6551724137931,Washington,0
2020-11-24,40.92857142857143,Washington,0
2020-11-25,36.57142857142857,Washington,0
2020-11-26,32.96551724137931,Washington,0
2020-11-27,35.214285714285715,Washington,0
2020-11-28,44.785714285714285,Washington,0
2020-11-29,49.310344827586206,Washington,0
2020-11-30,36.142857142857146,Washington,0
2020-12-01,43.714285714285715,Washington,0
2020-12-02,51.55172413793103,Washington,0
2020-12-03,61.642857142857146,Washington,0
2020-12-04,64.07142857142857,Washington,0
2020-12-05,58.206896551724135,Washington,0
2020-12-06,51.82142857142857,Washington,0
2020-12-07,50.77777777777778,Washington,0
2020-12-08,44.74074074074074,Washington,0
2020-12-09,36.629629629629626,Washington,0
2020-12-10,38.629629629629626,Washington,0
2020-12-11,40.724137931034484,Washington,0
2020-12-12,45.5,Washington,0
2020-12-13,38.36666666666667,Washington,0
2020-12-14,43.46666666666667,Washington,0
2020-12-15,34.37931034482759,Washington,0
2020-12-16,30.20689655172414,Washington,0
2020-12-17,27.516129032258064,Washington,0
2020-12-18,28.733333333333334,Washington,0
2020-12-19,22.133333333333333,Washington,0
2020-12-20,24.483870967741936,Washington,0
2020-12-21,23.6,Washington,0
2020-12-22,31.1,Washington,0
2020-12-23,43.516129032258064,Washington,0
2020-12-24,52.766666666666666,Washington,0
2020-12-25,48.36666666666667,Washington,0
2020-12-26,34.38709677419355,Washington,0
2020-12-27,40.5,Washington,0
2020-12-28,41.13793103448276,Washington,0
2020-12-29,41.70967741935484,Washington,0
2020-12-30,33.37931034482759,Washington,0
2020-12-31,38.275862068965516,Washington,0
2021-01-01,38.2,Washington,0
2021-01-02,22.75,Washington,0
2021-01-03,24.392857142857142,Washington,0
2021-01-04,23.333333333333332,Washington,0
2021-01-05,26.333333333333332,Washington,0
2021-01-06,30.633333333333333,Washington,0
2021-01-07,37.774193548387096,Washington,0
2021-01-08,37.310344827586206,Washington,0
2021-01-09,42.89655172413793,Washington,0
2021-01-10,38.333333333333336,Washington,0
2021-01-11,34.724137931034484,Washington,0
2021-01-12,24.310344827586206,Washington,0
2021-01-13,29.766666666666666,Washington,0
2021-01-14,40.666666666666664,Washington,0
2021-01-15,48.10344827586207,Washington,0
2021-01-16,50.38709677419355,Washington,0
2021-01-17,51.9,Washington,0
2021-01-18,48.36666666666667,Washington,0
2021-01-19,50.96774193548387,Washington,0
2021-01-20,57.5,Washington,0
2021-01-21,55.333333333333336,Washington,0
2021-01-22,42.16129032258065,Washington,0
2021-01-23,54.1,Washington,0
2021-01-24,44.7,Washington,0
2021-01-25,44.645161290322584,Washington,0
2021-01-26,38.43333333333333,Washington,0
2021-01-27,32.666666666666664,Washington,0
2021-01-28,41.03225806451613,Washington,0
2021-01-29,48.48275862068966,Washington,0
2021-01-30,37.37931034482759,Washington,0
2021-01-31,32.666666666666664,Washington,0
2021-02-01,31.551724137931036,Washington,0
2021-02-02,20.448275862068964,Washington,0
2021-02-03,27.413793103448278,Washington,0
2021-02-04,29.392857142857142,Washington,0
2021-02-05,21.321428571428573,Washington,0
2021-02-06,26.392857142857142,Washington,0
2021-02-07,22.962962962962962,Washington,0
2021-02-08,28.59259259259259,Washington,0
2021-02-09,35.41379310344828,Washington,0
2021-02-10,42.642857142857146,Washington,0
2021-02-11,31.607142857142858,Washington,0
2021-02-12,26.733333333333334,Washington,0
2021-02-13,26.724137931034484,Washington,0
2021-02-14,34.689655172413794,Washington,0
2021-02-15,33.193548387096776,Washington,0
2021-02-16,40.92857142857143,Washington,0
2021-02-17,46.964285714285715,Washington,0
2021-02-18,41.774193548387096,Washington,0
2021-02-19,42.285714285714285,Washington,0
2021-02-20,40.57142857142857,Washington,0
2021-02-21,20.266666666666666,Washington,0
2021-02-22,16.448275862068964,Washington,0
2021-02-23,20.571428571428573,Washington,0
2021-02-24,29.0,Washington,0
2021-02-25,25.85185185185185,Washington,0
2021-02-26,21.571428571428573,Washington,0
2021-02-27,28.5,Washington,0
2021-02-28,32.214285714285715,Washington,0
2021-03-01,35.107142857142854,Washington,0
2021-03-02,36.96551724137931,Washington,0
2021-03-03,44.142857142857146,Washington,0
2021-03-04,45.0,Washington,0
2021-03-05,35.75,Washington,0
2021-03-06,23.586206896551722,Washington,0
2021-03-07,24.344827586206897,Washington,0
2021-03-08,30.6,Washington,0
2021-03-09,33.89655172413793,Washington,0
2021-03-10,35.67857142857143,Washington,0
2021-03-11,36.93333333333333,Washington,0
2021-03-12,44.51724137931034,Washington,0
2021-03-13,50.689655172413794,Washington,0
2021-03-14,42.7,Washington,0
2021-03-15,25.896551724137932,Washington,0
2021-03-16,34.41379310344828,Washington,0
2021-03-17,42.333333333333336,Washington,0
2021-03-18,38.55172413793103,Washington,0
2021-03-19,18.551724137931036,Washington,0
2021-03-20,19.533333333333335,Washington,0
2021-03-21,19.93103448275862,Washington,0
2021-03-22,18.96551724137931,Washington,0
2021-03-23,24.633333333333333,Washington,0
2021-03-24,23.20689655172414,Washington,0
2021-03-25,21.607142857142858,Washington,0
2021-03-26,29.344827586206897,Washington,0
2021-03-27,36.55172413793103,Washington,0
2021-03-28,39.724137931034484,Washington,0
2021-03-29,23.1,Washington,0
2021-03-30,36.41379310344828,Washington,0
2021-03-31,41.44827586206897,Washington,0
2021-04-01,42.29032258064516,Washington,0
2021-04-02,36.3,Washington,0
2021-04-03,35.8,Washington,0
2021-04-04,25.0,Washington,0
2021-04-05,25.266666666666666,Washington,0
2021-04-06,34.6,Washington,0
2021-04-07,30.774193548387096,Washington,0
2021-04-08,20.933333333333334,Washington,0
2021-04-09,28.033333333333335,Washington,0
2021-04-10,23.548387096774192,Washington,0
2021-04-11,25.344827586206897,Washington,0
2021-04-12,25.655172413793103,Washington,0
2021-04-13,27.733333333333334,Washington,0
2021-04-14,26.6,Washington,0
2021-04-15,28.466666666666665,Washington,0
2021-04-16,35.70967741935484,Washington,0
2021-04-17,41.06666666666667,Washington,0
2021-04-18,42.4,Washington,0
2021-04-19,33.806451612903224,Washington,0
2021-04-20,38.37931034482759,Washington,0
2021-04-21,38.166666666666664,Washington,0
2021-04-22,38.58064516129032,Washington,0
2021-04-23,36.06666666666667,Washington,0
2021-04-24,29.166666666666668,Washington,0
2021-04-25,22.870967741935484,Washington,0
2021-04-26,21.7,Washington,0
2021-04-27,22.533333333333335,Washington,0
2021-04-28,25.387096774193548,Washington,0
2021-04-29,29.533333333333335,Washington,0
2021-04-30,23.566666666666666,Washington,0
2021-05-01,24.29032258064516,Washington,0
2021-05-02,22.0,Washington,0
2021-05-03,23.966666666666665,Washington,0
2021-05-04,24.419354838709676,Washington,0
2021-05-05,33.46666666666667,Washington,0
2021-05-06,35.2,Washington,0
2021-05-07,22.133333333333333,Washington,0
2021-05-08,24.896551724137932,Washington,0
2021-05-09,25.0,Washington,0
2021-05-10,24.5,Washington,0
2021-05-11,28.133333333333333,Washington,0
2021-05-12,27.8,Washington,0
2021-05-13,26.161290322580644,Washington,0
2021-05-14,28.333333333333332,Washington,0
2021-05-15,32.833333333333336,Washington,0
2021-05-16,32.83870967741935,Washington,0
2021-05-17,29.766666666666666,Washington,0
2021-05-18,21.666666666666668,Washington,0
2021-05-19,24.806451612903224,Washington,0
2021-05-20,23.6,Washington,0
2021-05-21,25.6,Washington,0
2021-05-22,27.0,Washington,0
2021-05-23,27.3,Washington,0
2021-05-24,18.482758620689655,Washington,0
2021-05-25,17.433333333333334,Washington,0
2021-05-26,20.8,Washington,0
2021-05-27,27.333333333333332,Washington,0
2021-05-28,18.516129032258064,Washington,0
2021-05-29,23.6,Washington,0
2021-05-30,29.566666666666666,Washington,0
2021-05-31,30.70967741935484,Washington,0
2021-06-01,29.933333333333334,Washington,0
2021-06-02,33.43333333333333,Washington,0
2021-06-03,30.2,Washington,0
2021-06-04,27.1,Washington,0
2021-06-05,24.233333333333334,Washington,0
2021-06-06,18.233333333333334,Washington,0
2021-06-07,19.266666666666666,Washington,0
2021-06-08,21.733333333333334,Washington,0
2021-06-09,20.93548387096774,Washington,0
2021-06-10,20.533333333333335,Washington,0
2021-06-11,22.724137931034484,Washington,0
2021-06-12,24.033333333333335,Washington,0
2021-06-13,25.275862068965516,Washington,0
2021-06-14,21.482758620689655,Washington,0
2021-06-15,20.870967741935484,Washington,0
2021-06-16,20.4,Washington,0
2021-06-17,25.633333333333333,Washington,0
2021-06-18,29.838709677419356,Washington,0
2021-06-19,24.633333333333333,Washington,0
2021-06-20,23.733333333333334,Washington,0
2021-06-21,32.7,Washington,0
2021-06-22,37.41379310344828,Washington,0
2021-06-23,25.620689655172413,Washington,0
2021-06-24,27.1,Washington,0
2021-06-25,31.655172413793103,Washington,0
2021-06-26,42.13793103448276,Washington,0
2021-06-27,50.3,Washington,0
2021-06-28,58.241379310344826,Washington,0
2021-06-29,46.172413793103445,Washington,0
2021-06-30,48.666666666666664,Washington,0
2021-07-01,40.3448275862069,Washington,0
2021-07-02,43.86206896551724,Washington,0
2021-07-03,53.333333333333336,Washington,0
2021-07-04,49.6551724137931,Washington,0
2021-07-05,38.206896551724135,Washington,0
2021-07-06,38.96666666666667,Washington,0
2021-07-07,31.833333333333332,Washington,0
2021-07-08,29.862068965517242,Washington,0
2021-07-09,40.56666666666667,Washington,0
2021-07-10,52.214285714285715,Washington,0
2021-07-11,37.75,Washington,0
2021-07-12,46.241379310344826,Washington,0
2021-07-13,60.733333333333334,Washington,0
2021-07-14,53.13333333333333,Washington,0
2021-07-15,36.903225806451616,Washington,0
2021-07-16,24.8,Washington,0
2021-07-17,29.933333333333334,Washington,0
2021-07-18,38.58064516129032,Washington,0
2021-07-19,45.75,Washington,0
2021-07-20,34.17857142857143,Washington,0
2021-07-21,33.724137931034484,Washington,0
2021-07-22,42.32142857142857,Washington,0
2021-07-23,47.464285714285715,Washington,0
2021-07-24,53.275862068965516,Washington,0
2021-07-25,45.392857142857146,Washington,0
2021-07-26,46.857142857142854,Washington,0
2021-07-27,47.275862068965516,Washington,0
2021-07-28,51.464285714285715,Washington,0
2021-07-29,54.607142857142854,Washington,0
2021-07-30,63.37931034482759,Washington,0
2021-07-31,77.96428571428571,Washington,0
2021-08-01,102.67857142857143,Washington,0
2021-08-02,109.10714285714286,Washington,0
2021-08-03,85.06896551724138,Washington,0
2021-08-04,57.58620689655172,Washington,0
2021-08-05,52.266666666666666,Washington,0
2021-08-06,28.24137931034483,Washington,0
2021-08-07,26.586206896551722,Washington,0
2021-08-08,30.766666666666666,Washington,0
2021-08-09,40.48275862068966,Washington,0
2021-08-10,38.758620689655174,Washington,0
2021-08-11,41.93333333333333,Washington,0
2021-08-12,107.75862068965517,Washington,0
2021-08-13,144.31034482758622,Washington,0
2021-08-14,112.86666666666666,Washington,0
2021-08-15,71.0,Washington,0
2021-08-16,48.3448275862069,Washington,0
2021-08-17,52.43333333333333,Washington,0
2021-08-18,46.241379310344826,Washington,0
2021-08-19,52.10344827586207,Washington,0
2021-08-20,46.9,Washington,0
2021-08-21,42.51724137931034,Washington,0
2021-08-22,44.6551724137931,Washington,0
2021-08-23,40.4,Washington,0
2021-08-24,43.793103448275865,Washington,0
2021-08-25,45.41379310344828,Washington,0
2021-08-26,39.766666666666666,Washington,0
2021-08-27,33.41379310344828,Washington,0
2021-08-28,36.41379310344828,Washington,0
2021-08-29,38.5,Washington,0
2021-08-30,44.758620689655174,Washington,0
2021-08-31,32.310344827586206,Washington,0
2021-09-01,30.5,Washington,0
2021-09-02,36.86666666666667,Washington,0
2021-09-03,40.8,Washington,0
2021-09-04,57.70967741935484,Washington,0
2021-09-05,55.2,Washington,0
2021-09-06,44.93333333333333,Washington,0
2021-09-07,55.096774193548384,Washington,0
2021-09-08,59.233333333333334,Washington,0
2021-09-09,58.833333333333336,Washington,0
2021-09-10,51.03225806451613,Washington,0
2021-09-11,36.2,Washington,0
2021-09-12,32.666666666666664,Washington,0
2021-09-13,29.870967741935484,Washington,0
2021-09-14,37.96551724137931,Washington,0
2021-09-15,29.93103448275862,Washington,0
2021-09-16,25.322580645161292,Washington,0
2021-09-17,42.333333333333336,Washington,0
2021-09-18,33.03333333333333,Washington,0
2021-09-19,22.548387096774192,Washington,0
2021-09-20,24.766666666666666,Washington,0
2021-09-21,30.5,Washington,0
2021-09-22,32.25806451612903,Washington,0
2021-09-23,29.366666666666667,Washington,0
2021-09-24,35.766666666666666,Washington,0
2021-09-25,38.096774193548384,Washington,0
2021-09-26,32.03333333333333,Washington,0
2021-09-27,24.566666666666666,Washington,0
2021-09-28,21.8,Washington,0
2021-09-29,25.0,Washington,0
2021-09-30,25.4,Washington,0
2021-10-01,24.193548387096776,Washington,0
2021-10-02,35.724137931034484,Washington,0
2021-10-03,32.0,Washington,0
2021-10-04,33.774193548387096,Washington,0
2021-10-05,29.93103448275862,Washington,0
2021-10-06,20.482758620689655,Washington,0
2021-10-07,27.35483870967742,Washington,0
2021-10-08,38.3448275862069,Washington,0
2021-10-09,37.0,Washington,0
2021-10-10,21.64516129032258,Washington,0
2021-10-11,28.517241379310345,Washington,0
2021-10-12,34.44827586206897,Washington,0
2021-10-13,27.966666666666665,Washington,0
2021-10-14,24.8,Washington,0
2021-10-15,29.433333333333334,Washington,0
2021-10-16,34.70967741935484,Washington,0
2021-10-17,34.9,Washington,0
2021-10-18,35.666666666666664,Washington,0
2021-10-19,46.32258064516129,Washington,0
2021-10-20,37.0,Washington,0
2021-10-21,32.06666666666667,Washington,0
2021-10-22,27.933333333333334,Washington,0
2021-10-23,28.448275862068964,Washington,0
2021-10-24,22.06896551724138,Washington,0
2021-10-25,20.266666666666666,Washington,0
2021-10-26,22.137931034482758,Washington,0
2021-10-27,27.862068965517242,Washington,0
2021-10-28,23.967741935483872,Washington,0
2021-10-29,23.448275862068964,Washington,0
2021-10-30,33.06896551724138,Washington,0
2021-10-31,46.29032258064516,Washington,0
2021-11-01,53.51724137931034,Washington,0
2021-11-02,55.6551724137931,Washington,0
2021-11-03,52.70967741935484,Washington,0
2021-11-04,37.3448275862069,Washington,0
2021-11-05,27.896551724137932,Washington,0
2021-11-06,25.516129032258064,Washington,0
2021-11-07,21.137931034482758,Washington,0
2021-11-08,29.448275862068964,Washington,0
2021-11-09,26.806451612903224,Washington,0
2021-11-10,33.44827586206897,Washington,0
2021-11-11,36.03333333333333,Washington,0
2021-11-12,30.451612903225808,Washington,0
2021-11-13,32.56666666666667,Washington,0
2021-11-14,19.933333333333334,Washington,0
2021-11-15,16.741935483870968,Washington,0
2021-11-16,27.6,Washington,0
2021-11-17,39.1,Washington,0
2021-11-18,42.0,Washington,0
2021-11-19,37.93333333333333,Washington,0
2021-11-20,46.93333333333333,Washington,0
2021-11-21,51.645161290322584,Washington,0
2021-11-22,45.2,Washington,0
2021-11-23,35.53333333333333,Washington,0
2021-11-24,36.03225806451613,Washington,0
2021-11-25,35.86666666666667,Washington,0
2021-11-26,27.2,Washington,0
2021-11-27,32.12903225806452,Washington,0
2021-11-28,22.6,Washington,0
2021-11-29,25.2,Washington,0
2021-11-30,24.580645161290324,Washington,0
2021-12-01,22.133333333333333,Washington,0
2021-12-02,25.6,Washington,0
2021-12-03,38.774193548387096,Washington,0
2021-12-04,40.733333333333334,Washington,0
2021-12-05,35.7,Washington,0
2021-12-06,34.06666666666667,Washington,0
2021-12-07,38.10344827586207,Washington,0
2021-12-08,30.448275862068964,Washington,0
2021-12-09,28.275862068965516,Washington,0
2021-12-10,28.714285714285715,Washington,0
2021-12-11,21.678571428571427,Washington,0
2021-12-12,21.310344827586206,Washington,0
2021-12-13,28.551724137931036,Washington,0
2021-12-14,27.344827586206897,Washington,0
2021-12-15,24.7,Washington,0
2021-12-16,37.275862068965516,Washington,0
2021-12-17,34.51724137931034,Washington,0
2021-12-18,25.566666666666666,Washington,0
2021-12-19,33.58620689655172,Washington,0
2021-12-20,31.96551724137931,Washington,0
2021-12-21,39.6,Washington,0
2021-12-22,33.241379310344826,Washington,0
2021-12-23,22.724137931034484,Washington,0
2021-12-24,22.2,Washington,0
2021-12-25,20.482758620689655,Washington,0
2021-12-26,20.551724137931036,Washington,0
2021-12-27,30.833333333333332,Washington,0
2021-12-28,36.275862068965516,Washington,0
2021-12-29,37.214285714285715,Washington,0
2021-12-30,35.206896551724135,Washington,0
2021-12-31,44.035714285714285,Washington,0
2022-01-01,52.964285714285715,Washington,0
2022-01-02,39.10344827586207,Washington,0
2022-01-03,32.75,Washington,0
2022-01-04,37.44827586206897,Washington,0
2022-01-05,39.035714285714285,Washington,0
2022-01-06,27.571428571428573,Washington,0
2022-01-07,27.321428571428573,Washington,0
2022-01-08,35.166666666666664,Washington,0
2022-01-09,50.285714285714285,Washington,0
2022-01-10,49.32142857142857,Washington,0
2022-01-11,40.6,Washington,0
2022-01-12,43.535714285714285,Washington,0
2022-01-13,44.57142857142857,Washington,0
2022-01-14,44.766666666666666,Washington,0
2022-01-15,42.964285714285715,Washington,0
2022-01-16,41.285714285714285,Washington,0
2022-01-17,44.43333333333333,Washington,0
2022-01-18,40.51851851851852,Washington,0
2022-01-19,41.18518518518518,Washington,0
2022-01-20,29.8,Washington,0
2022-01-21,34.07142857142857,Washington,0
2022-01-22,43.10344827586207,Washington,0
2022-01-23,43.935483870967744,Washington,0
2022-01-24,44.96551724137931,Washington,0
2022-01-25,46.41379310344828,Washington,0
2022-01-26,41.16129032258065,Washington,0
2022-01-27,45.44827586206897,Washington,0
2022-01-28,53.06896551724138,Washington,0
2022-01-29,54.774193548387096,Washington,0
2022-01-30,52.48275862068966,Washington,0
2022-01-31,26.862068965517242,Washington,0
2022-02-01,32.54838709677419,Washington,0
2022-02-02,34.3,Washington,0
2022-02-03,36.93333333333333,Washington,0
2022-02-04,42.6,Washington,0
2022-02-05,40.7,Washington,0
2022-02-06,48.56666666666667,Washington,0
2022-02-07,41.06666666666667,Washington,0
2022-02-08,37.666666666666664,Washington,0
2022-02-09,42.96666666666667,Washington,0
2022-02-10,41.064516129032256,Washington,0
2022-02-11,38.93333333333333,Washington,0
2022-02-12,44.6,Washington,0
2022-02-13,51.45161290322581,Washington,0
2022-02-14,37.10344827586207,Washington,0
2022-02-15,33.96551724137931,Washington,0
2022-02-16,33.333333333333336,Washington,0
2022-02-17,35.55172413793103,Washington,0
2022-02-18,34.827586206896555,Washington,0
2022-02-19,30.3,Washington,0
2022-02-20,19.862068965517242,Washington,0
2022-02-21,24.24137931034483,Washington,0
2022-02-22,27.266666666666666,Washington,0
2022-02-23,37.55172413793103,Washington,0
2022-02-24,41.03448275862069,Washington,0
2022-02-25,49.8,Washington,0
2022-02-26,47.13793103448276,Washington,0
2022-02-27,32.275862068965516,Washington,0
2022-02-28,25.233333333333334,Washington,0
2022-03-01,24.379310344827587,Washington,0
2022-03-02,26.620689655172413,Washington,0
2022-03-03,21.966666666666665,Washington,0
2022-03-04,25.79310344827586,Washington,0
2022-03-05,36.0,Washington,0
2022-03-06,39.56666666666667,Washington,0
2022-03-07,40.793103448275865,Washington,0
2022-03-08,28.586206896551722,Washington,0
2022-03-09,26.266666666666666,Washington,0
2022-03-10,36.172413793103445,Washington,0
2022-03-11,38.03448275862069,Washington,0
2022-03-12,36.74193548387097,Washington,0
2022-03-13,21.866666666666667,Washington,0
2022-03-14,22.6,Washington,0
2022-03-15,21.774193548387096,Washington,0
2022-03-16,22.6,Washington,0
2022-03-17,29.586206896551722,Washington,0
2022-03-18,25.033333333333335,Washington,0
2022-03-19,22.551724137931036,Washington,0
2022-03-20,21.310344827586206,Washington,0
2022-03-21,20.466666666666665,Washington,0
2022-03-22,23.833333333333332,Washington,0
2022-03-23,26.2,Washington,0
2022-03-24,22.387096774193548,Washington,0
2022-03-25,33.13333333333333,Washington,0
2022-03-26,36.5,Washington,0
2022-03-27,36.32258064516129,Washington,0
2022-03-28,27.033333333333335,Washington,0
2022-03-29,22.966666666666665,Washington,0
2022-03-30,23.225806451612904,Washington,0
2022-03-31,22.266666666666666,Washington,0
2022-04-01,27.4,Washington,0
2022-04-02,23.64516129032258,Washington,0
2022-04-03,26.333333333333332,Washington,0
2022-04-04,26.8,Washington,0
2022-04-05,23.225806451612904,Washington,0
2022-04-06,27.133333333333333,Washington,0
2022-04-07,30.633333333333333,Washington,0
2022-04-08,26.548387096774192,Washington,0
2022-04-09,17.7,Washington,0
2022-04-10,16.633333333333333,Washington,0
2022-04-11,18.266666666666666,Washington,0
2022-04-12,24.24137931034483,Washington,0
2022-04-13,23.896551724137932,Washington,0
2022-04-14,24.966666666666665,Washington,0
2022-04-15,28.75862068965517,Washington,0
2022-04-16,26.82758620689655,Washington,0
2022-04-17,23.833333333333332,Washington,0
2022-04-18,25.517241379310345,Washington,0
2022-04-19,20.857142857142858,Washington,0
2022-04-20,23.666666666666668,Washington,0
2022-04-21,26.20689655172414,Washington,0
2022-04-22,27.5,Washington,0
2022-04-23,30.5,Washington,0
2022-04-24,32.275862068965516,Washington,0
2022-04-25,30.20689655172414,Washington,0
2022-04-26,23.612903225806452,Washington,0
2022-04-27,24.333333333333332,Washington,0
2022-04-28,28.266666666666666,Washington,0
2022-04-29,30.0,Washington,0
2022-04-30,27.7,Washington,0
2022-05-01,29.833333333333332,Washington,0
2022-05-02,23.225806451612904,Washington,0
2022-05-03,21.166666666666668,Washington,0
2022-05-04,25.566666666666666,Washington,0
2022-05-05,23.633333333333333,Washington,0
2022-05-06,20.06896551724138,Washington,0
2022-05-07,21.137931034482758,Washington,0
2022-05-08,19.733333333333334,Washington,0
2022-05-09,20.275862068965516,Washington,0
2022-05-10,22.533333333333335,Washington,0
2022-05-11,22.870967741935484,Washington,0
2022-05-12,22.233333333333334,Washington,0
2022-05-13,25.5,Washington,0
2022-05-14,22.516129032258064,Washington,0
2022-05-15,24.366666666666667,Washington,0
2022-05-16,21.333333333333332,Washington,0
2022-05-17,27.612903225806452,Washington,0
2022-05-18,28.7,Washington,0
2022-05-19,20.7,Washington,0
2022-05-20,23.096774193548388,Washington,0
2022-05-21,25.166666666666668,Washington,0
2022-05-22,26.966666666666665,Washington,0
2022-05-23,25.419354838709676,Washington,0
2022-05-24,24.033333333333335,Washington,0
2022-05-25,23.033333333333335,Washington,0
2022-05-26,26.677419354838708,Washington,0
2022-05-27,20.5,Washington,0
2022-05-28,19.933333333333334,Washington,0
2022-05-29,19.93548387096774,Washington,0
2022-05-30,21.3,Washington,0
2022-05-31,24.5,Washington,0
2022-06-01,28.838709677419356,Washington,0
2022-06-02,29.533333333333335,Washington,0
2022-06-03,23.466666666666665,Washington,0
2022-06-04,19.387096774193548,Washington,0
2022-06-05,17.766666666666666,Washington,0
2022-06-06,19.8,Washington,0
2022-06-07,22.548387096774192,Washington,0
2022-06-08,24.733333333333334,Washington,0
2022-06-09,23.5,Washington,0
2022-06-10,18.29032258064516,Washington,0
2022-06-11,18.533333333333335,Washington,0
2022-06-12,18.566666666666666,Washington,0
2022-06-13,18.93548387096774,Washington,0
2022-06-14,26.866666666666667,Washington,0
2022-06-15,29.785714285714285,Washington,0
2022-06-16,31.103448275862068,Washington,0
2022-06-17,25.24137931034483,Washington,0
2022-06-18,21.24137931034483,Washington,0
2022-06-19,19.0,Washington,0
2022-06-20,22.137931034482758,Washington,0
2022-06-21,25.137931034482758,Washington,0
2022-06-22,21.2,Washington,0
2022-06-23,21.896551724137932,Washington,0
2022-06-24,21.333333333333332,Washington,0
2022-06-25,25.161290322580644,Washington,0
2022-06-26,32.3,Washington,0
2022-06-27,41.2,Washington,0
2022-06-28,29.258064516129032,Washington,0
2022-06-29,20.633333333333333,Washington,0
2022-06-30,26.6,Washington,0
2022-07-01,29.161290322580644,Washington,0
2022-07-02,32.0,Washington,0
2022-07-03,30.0,Washington,0
2022-07-04,38.58064516129032,Washington,0
2022-07-05,38.53333333333333,Washington,0
2022-07-06,27.6,Washington,0
2022-07-07,21.451612903225808,Washington,0
2022-07-08,22.433333333333334,Washington,0
2022-07-09,22.433333333333334,Washington,0
2022-07-10,23.06451612903226,Washington,0
2022-07-11,26.5,Washington,0
2022-07-12,27.266666666666666,Washington,0
2022-07-13,25.35483870967742,Washington,0
2022-07-14,26.9,Washington,0
2022-07-15,24.766666666666666,Washington,0
2022-07-16,22.35483870967742,Washington,0
2022-07-17,23.566666666666666,Washington,0
2022-07-18,23.533333333333335,Washington,0
2022-07-19,28.225806451612904,Washington,0
2022-07-20,27.466666666666665,Washington,0
2022-07-21,29.166666666666668,Washington,0
2022-07-22,27.483870967741936,Washington,0
2022-07-23,27.566666666666666,Washington,0
2022-07-24,31.833333333333332,Washington,0
2022-07-25,39.0,Washington,0
2022-07-26,42.3,Washington,0
2022-07-27,41.766666666666666,Washington,0
2022-07-28,43.45161290322581,Washington,0
2022-07-29,45.5,Washington,0
2022-07-30,47.1,Washington,0
2022-07-31,44.87096774193548,Washington,0
2022-08-01,36.172413793103445,Washington,0
2022-08-02,32.5,Washington,0
2022-08-03,30.70967741935484,Washington,0
2022-08-04,30.2,Washington,0
2022-08-05,28.266666666666666,Washington,0
2022-08-06,34.16129032258065,Washington,0
2022-08-07,36.56666666666667,Washington,0
2022-08-08,39.96666666666667,Washington,0
2022-08-09,42.03225806451613,Washington,0
2022-08-10,35.0,Washington,0
2022-08-11,36.03333333333333,Washington,0
2022-08-12,36.45161290322581,Washington,0
2022-08-13,29.7,Washington,0
2022-08-14,28.333333333333332,Washington,0
2022-08-15,29.433333333333334,Washington,0
2022-08-16,31.310344827586206,Washington,0
2022-08-17,40.51724137931034,Washington,0
2022-08-18,50.41935483870968,Washington,0
2022-08-19,45.6,Washington,0
2022-08-20,39.44827586206897,Washington,0
2022-08-21,31.333333333333332,Washington,0
2022-08-22,29.20689655172414,Washington,0
2022-08-23,31.533333333333335,Washington,0
2022-08-24,39.193548387096776,Washington,0
2022-08-25,37.48275862068966,Washington,0
2022-08-26,31.24137931034483,Washington,0
2022-08-27,27.333333333333332,Washington,0
2022-08-28,31.620689655172413,Washington,0
2022-08-29,34.89655172413793,Washington,0
2022-08-30,43.516129032258064,Washington,0
2022-08-31,45.666666666666664,Washington,0
2022-09-01,51.233333333333334,Washington,0
2022-09-02,56.83870967741935,Washington,0
2022-09-03,44.758620689655174,Washington,0
2022-09-04,30.79310344827586,Washington,0
2022-09-05,24.533333333333335,Washington,0
2022-09-06,39.41379310344828,Washington,0
2022-09-07,41.62068965517241,Washington,0
2022-09-08,62.46666666666667,Washington,0
2022-09-09,72.06896551724138,Washington,0
2022-09-10,106.89655172413794,Washington,0
2022-09-11,117.46666666666667,Washington,0
2022-09-12,116.89655172413794,Washington,0
2022-09-13,96.17241379310344,Washington,0
2022-09-14,57.5,Washington,0
2022-09-15,52.48275862068966,Washington,0
2022-09-16,34.58620689655172,Washington,0
2022-09-17,27.766666666666666,Washington,0
2022-09-18,31.0,Washington,0
2022-09-19,40.37931034482759,Washington,0
2022-09-20,36.766666666666666,Washington,0
2022-09-21,41.10344827586207,Washington,0
2022-09-22,46.241379310344826,Washington,0
2022-09-23,39.53333333333333,Washington,0
2022-09-24,36.3448275862069,Washington,0
2022-09-25,41.689655172413794,Washington,0
2022-09-26,50.86206896551724,Washington,0
2022-09-27,49.0,Washington,0
2022-09-28,45.5,Washington,0
2022-09-29,32.44827586206897,Washington,0
2022-09-30,38.214285714285715,Washington,0
2022-10-01,54.07142857142857,Washington,0
2022-10-02,58.44827586206897,Washington,0
2022-10-03,61.17857142857143,Washington,0
2022-10-04,54.785714285714285,Washington,0
2022-10-05,62.06896551724138,Washington,0
2022-10-06,73.64285714285714,Washington,0
2022-10-07,71.39285714285714,Washington,0
2022-10-08,78.86206896551724,Washington,0
2022-10-09,82.07142857142857,Washington,0
2022-10-10,68.64285714285714,Washington,0
2022-10-11,43.310344827586206,Washington,0
2022-10-12,60.89655172413793,Washington,0
2022-10-13,74.24137931034483,Washington,0
2022-10-14,81.83333333333333,Washington,0
2022-10-15,87.48275862068965,Washington,0
2022-10-16,75.27586206896552,Washington,0
2022-10-17,72.56666666666666,Washington,0
2022-10-18,90.3103448275862,Washington,0
2022-10-19,124.39285714285714,Washington,0
2022-10-20,114.34482758620689,Washington,0
2022-10-21,41.0,Washington,0
2022-10-22,28.17241379310345,Washington,0
2022-10-23,35.43333333333333,Washington,0
2022-10-24,24.310344827586206,Washington,0
2022-10-25,20.586206896551722,Washington,0
2022-10-26,23.0,Washington,0
2022-10-27,34.03448275862069,Washington,0
2022-10-28,35.58620689655172,Washington,0
2022-10-29,45.63333333333333,Washington,0
2022-10-30,33.51724137931034,Washington,0
2022-10-31,23.379310344827587,Washington,0
2022-11-01,26.033333333333335,Washington,0
2022-11-02,32.275862068965516,Washington,0
2022-11-03,44.827586206896555,Washington,0
2022-11-04,23.5,Washington,0
2022-11-05,19.925925925925927,Washington,0
2022-11-06,21.59259259259259,Washington,0
2022-11-07,22.77777777777778,Washington,0
2022-11-08,42.42857142857143,Washington,0
2022-11-09,51.785714285714285,Washington,0
2022-11-10,57.964285714285715,Washington,0
2022-11-11,59.51851851851852,Washington,0
2022-11-12,66.29629629629629,Washington,0
2022-11-13,70.35714285714286,Washington,0
2022-11-14,66.81481481481481,Washington,0
2022-11-15,65.10714285714286,Washington,0
2022-11-16,67.27586206896552,Washington,0
2022-11-17,59.5,Washington,0
2022-11-18,59.214285714285715,Washington,0
2022-11-19,67.24137931034483,Washington,0
2022-11-20,70.07142857142857,Washington,0
2022-11-21,72.77777777777777,Washington,0
2022-11-22,62.41379310344828,Washington,0
2022-11-23,52.214285714285715,Washington,0
2022-11-24,54.785714285714285,Washington,0
2022-11-25,41.48275862068966,Washington,0
2022-11-26,35.25,Washington,0
2022-11-27,25.357142857142858,Washington,0
2022-11-28,28.03448275862069,Washington,0
2022-11-29,36.888888888888886,Washington,0
2022-11-30,37.370370370370374,Washington,0
2022-12-01,45.42857142857143,Washington,0
2022-12-02,44.592592592592595,Washington,0
2022-12-03,42.107142857142854,Washington,0
2022-12-04,46.827586206896555,Washington,0
2022-12-05,53.642857142857146,Washington,0
2022-12-06,46.892857142857146,Washington,0
2022-12-07,47.51724137931034,Washington,0
2022-12-08,36.785714285714285,Washington,0
2022-12-09,33.37931034482759,Washington,0
2022-12-10,31.133333333333333,Washington,0
2022-12-11,41.206896551724135,Washington,0
2022-12-12,37.827586206896555,Washington,0
2022-12-13,48.4,Washington,0
2022-12-14,54.172413793103445,Washington,0
2022-12-15,53.793103448275865,Washington,0
2022-12-16,60.275862068965516,Washington,0
2022-12-17,51.41379310344828,Washington,0
2022-12-18,35.48275862068966,Washington,0
2022-12-19,31.733333333333334,Washington,0
2022-12-20,34.06896551724138,Washington,0
2022-12-21,31.655172413793103,Washington,0
2022-12-22,28.82758620689655,Washington,0
2022-12-23,32.172413793103445,Washington,0
2022-12-24,35.41379310344828,Washington,0
2022-12-25,42.06896551724138,Washington,0
2022-12-26,40.06896551724138,Washington,0
2022-12-27,24.551724137931036,Washington,0
2022-12-28,23.733333333333334,Washington,0
2022-12-29,33.06896551724138,Washington,0
2022-12-30,34.310344827586206,Washington,0
2022-12-31,36.266666666666666,Washington,0
